"Property Name","Location Name","Address","City","Zip Code","County","Scattered/Single Site","Status","Congressional District","OR Senate District","OR House District","Property Type","Year Built","Rehab Year","Management Name","Developer Name","Owner Name","Owner Type","Total Units","Rental_Assistance_Count","No_Accessible_Units","Visitable_Units","PSH_Units","Total_SRO_Units","Total_Efficiency_Units","Total_1_BR_Units","Total_2_BR_Units","Total_3_BR_Units","Total_4Plus_BR_Units","Total_30_AMI_Units","Total_40_AMI_Units","Total_50_AMI_Units","Total_60_AMI_Units","Total_80_AMI_Units","Market_Rate_Units","No_Income","Financial_Closing_Date","Compliance_Start_Date","LIHTC_4_Expiration_Date","LIHTC_9_Expiration_Date","HOME_Expiration_Date","OAHTC_Expiration_Date","GHAP_Expiration_Date","HDGP_Expiration_Date","LIFT_Expiration_Date","HTF_Expiration_Date","Other_OHCS_Expiration_Date","HUD_MF_Expiration_Date","USDA_RD_Expiration_Date","LATEST_Expiration_Date","HUD Contract","OHCS Funded?","Geocode"
"Richland School Apartments","Richland School Apartments","42008 Moody Road","Richland","97870","Baker","Single Site","Active","2","30","60","Multi-Family Residential Rental","2012",,"Northeast Oregon Housing Authority",,"Northeast Oregon Housing Authority","Housing Authority","10",,"2",,"0",,,"7","3",,"0","0","0","8","2","0","0","0",,"09/04/2012",,,"02/14/2074","11/12/2033",,"11/01/2072",,,,,,"02/14/2074",,"true","POINT (-117.16293 44.76981)"
"Veteran's Village Baker County","Veteran's Village Baker County_1","SW Corner of Walnut & H Ave","Baker City",,"Baker","Scattered","In Development",,,,"0",,,,"FTK Holding Group, LLC",,,"12","0","3","12","0","0",,"9","3","0","0","3","0","0","9","0","0","0","26/01/2022",,,,,,,,,,,,,,,"true","POINT (-117.82744 44.78885)"
"Elms Apartments, The","Elms Apartments, The","2920 Elm Street","Baker City","97814","Baker","Single Site","Active","2","30","60","Multi-Family Residential Rental","1995",,"Northeast Oregon Housing Authority",,"Northeast Oregon Housing Authority","Housing Authority","24",,,,,,,,"24",,"0",,,"6","17",,,"-",,"05/05/1994",,,"01/19/2026",,,"05/05/2024",,,,,,"01/19/2026",,"true","POINT (-117.82521 44.78592)"
"Elkhorn Village","Elkhorn Village","3085 Resort","Baker City","97814","Baker","Single Site","Active","2","30","60","Congregate","2007",,"Viridian Management, Inc",,"Elkhorn Village Apartments, LLC",,"36","36","2",,"0",,"11","23","2",,"0","0","0","0","36","0","0","0",,"04/17/2007",,,"02/10/2040",,,"04/17/2037",,,"02/01/2038",,"2038 Nov 17 12:00:00 AM","02/10/2040",,"true","POINT (-117.82894 44.78698)"
"Eldon Court Apartments","Eldon Court Apartments","1645 Eldon Street","Baker City","97814","Baker","Single Site","Active","2","30","60","Disabled Apartments","1998",,"Northeast Oregon Housing Authority",,"Northeast Oregon Housing Authority","Housing Authority","10",,,,,,,"10",,,"0",,,"10",,,,"-",,"12/15/1995",,,"02/28/2028",,,"12/15/2025",,,"06/15/2033",,,"06/15/2033",,"true","POINT (-117.82775 44.77215)"
"HUNTINGTON FAMILY PUBLIC HOUSING",,"510 E ADAMS ST","HUNTINGTON","97907","BAKER","Single Site","Active","2","30","60","Multi-Family Residential Rental",,,,,"Northeast Oregon Housing Authority","Housing Authority","12",,,,,,,,,,,"-","-","-","-","-","-","-",,,,,,,,,,,,,,,,"false","POINT (-117.26059 44.35091)"
"Green Acres","Green Acres","1560 INDIANA AVE","BAKER CITY","97814","BAKER","Scattered","Active","2","30","60","Multi-Family Residential Rental","1981",,"Northeast Oregon Housing Authority",,"Northeast Oregon Housing Authority","Housing Authority","24","21","0",,,"0",,"5","17","2","0",,,"24",,,,"-",,"06/20/2001",,,"01/03/2053",,,"06/20/2051",,,,,"2031 Nov 23 12:00:00 AM","01/03/2053",,"true","POINT (-117.82584 44.7669)"
"GROVE",,"2970 WALNUT ST","BAKER CITY","97814","BAKER","Single Site","Active","2","30","60","Multi-Family Residential Rental",,,,,"Northeast Oregon Housing Authority","Housing Authority","30",,,,,,,,,,,"-","-","-","-","-","-","-",,,,,,,,,,,,,,,,"false","POINT (-117.82746 44.78577)"
"BROOKSIDE MANOR",,"1600C ELDON AVE","BAKER CITY","97814","BAKER","Single Site","Active","2","30","60","Multi-Family Residential Rental",,,"DOLLAR REAL ESTATE INC. DBA
SUNFIRE REAL ESTATE",,"Wisegarver Baker Property, LLC","For-Profit","20","20",,,,"0",,"20","0","0","0","-","-","-","-","-","-","-",,,,,,,,,,,,"10/31/2034",,"10/31/2034","Housing Assistance Payment","false","POINT (-117.82693 44.77214)"
"HAINES FAMILY PUBLIC HOUSING",,"500 OLSON ST","HAINES","97833","BAKER","Single Site","Active","2","30","60","Multi-Family Residential Rental",,,,,"Northeast Oregon Housing Authority","Housing Authority","8",,,,,,,,,,,"-","-","-","-","-","-","-",,,,,,,,,,,,,,,,"false","POINT (-117.94107 44.90912)"
"BAKER FAMILY SCATTERED",,"(UNKNOWN)","BAKER CITY","97814","BAKER","Scattered","Active","2","30","60","Multi-Family Residential Rental",,,,,"Northeast Oregon Housing Authority","Housing Authority","8",,,,,,,,,,,"-","-","-","-","-","-","-",,,,,,,,,,,,,,,,"false",
"Union at Pacific Highway","Union at Pacific Highway","2910 SW 3rd Street","Corvallis","97333","Benton","Single Site","In Development","0","0","0","Multi-Family Residential Rental",,,,"Union Development Holdings LLC",,,"174","0","5",,"0",,,,,,"0",,,,,,,,"21/12/2022",,,,,,,,,,,,,,,"true","POINT (-123.26669 44.5376)"
"Larson Commons","Larson Commons","131 SW Prairie","Corvallis","97330","Benton","Single Site","Active","4","8","16","Multi-Family Residential Rental","1996",,"Cascade Management, Inc. (Portland)","DevNW","DevNW*",,"12","0","0",,,,,"1","5","6","0",,,"11","1",,,"-","09/07/2024","11/07/1996",,,"01/01/2024","07/14/2019",,"12/31/2048",,,"03/31/2043",,,"12/31/2048",,"true","POINT (-123.26697 44.54115)"
"Oak Crest Family Housing","Oak Crest Family Housing","3402-3530 NE Lancaster Street","Corvallis","97330","Benton","Scattered","Active","4","8","16","GROUP HOME","2021","2,021","Aperto Property Management Inc.","Oak Crest Housing Partners LP","Oak Crest Housing Partners, LP",,"50","50","3",,,,,,"30","20","0",,,,"50",,,,"25/02/2021","09/01/2021","12/31/2054",,,,,,,,"12/01/2053",,,"12/31/2054",,"true","POINT (-123.24176 44.60241)"
"Benton Plaza","Benton Plaza","408 SW Monroe Avenue","Corvallis","97333","Benton","Single Site","Active","4","8","16","Elderly Apartments","1925",,"Sterling Management Group Inc",,"Benton Investment Trust, LLC","For-Profit","53",,"0",,"0",,,"53",,,"0","0","0","11","0","42","0","0",,"09/01/1983",,,,,,,,,"01/15/2034",,,"01/15/2034",,"true","POINT (-123.26231 44.56473)"
"Lancaster Bridge Apartments","Lancaster Bridge Apartments","3384A NE Oxford Circle","Corvallis","97333","Benton","Single Site","Active","4","8","16","Multi-Family Residential Rental","1978",,"Cascade Management, Inc. (Portland)",,"Lancaster Bridge Community LLC",,"50",,"3",,"49",,,,"14","32","4","0","3","46","0","0","0","0",,"01/26/1996",,"06/01/2074",,"06/04/2034",,"01/01/2047",,,"06/01/2074",,,"06/01/2074",,"true","POINT (-123.24045 44.60255)"
"Camas Commons","Camas Commons","5140 SW Meadow Flower Drive","Corvallis","97330","Benton","Single Site","Active","4","8","16","Multi-Family Residential Rental","2002",,"Linn-Benton Housing Authority",,"Camas Commons Limited Partnership",,"56",,"0",,"0","0",,"10","12","30","4","6","0","50","0","0","0","0",,"06/06/2000",,"01/01/2052","12/31/2052","12/01/2022",,"06/06/2050",,,,,,"12/31/2052",,"true","POINT (-123.31029 44.54663)"
"Partners Place","Partners Place","1661-1665 NW Harrison","Corvallis","97330","Benton","Single Site","Active","4","8","16","Disabled Apartments",,,"At Home Properties, Inc.",,"Corvallis Housing First","Non-Profit","8",,"0",,"7",,,"1","7",,"0","0","6","1","0","0","0","0",,"07/07/2011",,,,,,"11/01/2051",,,"11/01/2051",,,"11/01/2051",,"true","POINT (-123.27327 44.57083)"
"Julian Hotel","Julian Hotel","105 SW 2nd Street","Corvallis","97333","Benton","Single Site","Active","4","8","16","Multi-Family Residential Rental","2015",,"Cascade Management, Inc. (Portland)",,"Hotel Julian Community LLC",,"35",,"3",,"0",,"5","30",,,"0","0","5","30","0","0","0","0",,"08/18/2014",,"01/01/2076",,"11/16/2035",,,,,"12/31/2076",,,"12/31/2076",,"true","POINT (-123.25992 44.56396)"
"Pickford Leonard","Pickford Leonard","2600 & 2602 SW Leonard","Corvallis","97333","Benton","Single Site","Active","4","8","16","Multi-Family Residential Rental",,,"Cascade Management, Inc. (Portland)",,"DevNW*",,"12",,,,,,"1","3","5","2","1",,,"12",,,,"-",,"04/13/1992",,,,,,"04/13/2042",,,,,,"04/13/2042",,"true","POINT (-123.27021 44.54064)"
"Rivergreen Apartments Phase II","Rivergreen Apartments Phase II","3350 SE Midvale Drive","Corvallis","97330-9262","Benton","Single Site","In Development","0","0","0","Multi-Family Residential Rental",,,,"Green Light Development",,,"24","0","2","8","0",,,,,,"0",,,,,,,,"02/11/2023",,,,,,,,,,,,,,,"true","POINT (-123.25671 44.53155)"
"53rd Flats","53rd Flats","2020-2024 SW 53rd St","Corvallis","97333","Benton","Single Site","In Development","4","8","16","Multi-Family Residential Rental",,,"Viridian Management, Inc","Commonwealth Development Corp","53rd Flats, LLC",,"100","0","6","44","0",,,,,,"0","10","0","36","54","0","0","0","29/09/2021",,,,,,,,,,,,,,,"true","POINT (-123.31169 44.54503)"
"Alexander Court Seavey Meadows","Alexander Court","2100 SW 3RD ST","CORVALLIS","97333","BENTON","Scattered","Active","4","8","16","Multi-Family Residential Rental","2012",,"Cascade Management, Inc. (Portland)",,"Alexander Seavey LLC","Non-Profit","49","0","6",,"10","0",,"2","0","0","0","0","0","0","48","0","0","0",,"03/27/2012",,"01/01/2063",,"01/11/2033","04/01/2062",,,,"04/30/2048","04/30/2038",,"01/01/2063","Rental Assistance Contract","true","POINT (-123.26588 44.54533)"
"FILLMORE FOUR-PLEX",,"807 NW 25TH ST","CORVALLIS","97330","BENTON","Single Site","Active","4","8","16","Multi-Family Residential Rental",,,,,,,"4",,,,,,,,,,,"-","-","-","-","-","-","-",,,,,,,,,,,,,,,,"false","POINT (-123.27904 44.57565)"
"WALNUT COURT",,"842 NE 2ND ST","CORVALLIS","97330","BENTON","Single Site","Active","4","8","16","Multi-Family Residential Rental",,,"CASCADE MANAGEMENT CORP.",,"Kaiser Limited Partnership","For-Profit","56","24","0",,,"12",,"12","0","0","0","-","-","-","-","-","-","-",,,"12/31/2048",,,,,,,,"06/01/2079","11/30/2037",,"06/01/2079","Housing Assistance Payment","false","POINT (-123.25582 44.57164)"
"Sunset Village Apartments","Sunset Village Apartments","4820 SW PHILOMATH BLVD","CORVALLIS","97333","BENTON","Scattered","Active","4","8","16","Multi-Family Residential Rental","2019",,"Cascade Management, Inc. (Portland)","Commonwealth Dev Corp of America","Sunset Village Apartments, LLC","For-Profit","40","0","2","12","0","0",,"14","16","10","0","4","11","25","0","0","0","0","29/10/2018","10/29/2018",,"12/31/2081",,,"04/01/2081",,,,,,,"12/31/2081",,"true","POINT (-123.30568 44.55283)"
"GLENWOOD MANOR",,"1687 NW DIVISION ST","CORVALLIS","97330","BENTON","Single Site","Active","4","8","16","Multi-Family Residential Rental",,,"CAMBRIDGE REAL ESTATE SERVICES",,"Greenwood Manor Oregon, Ltd.","For-Profit","60","60",,,,"0",,"60","0","0","0","-","-","-","-","-","-","-",,,,,,,,,,,,"09/30/2028",,"09/30/2028","Housing Assistance Payment","false","POINT (-123.26124 44.5845)"
"SOUTH CORVALLIS TOWNHOUSES II",,"2564 SW PICKFORD ST","CORVALLIS","97333","BENTON","Single Site","Active","4","8","16","Multi-Family Residential Rental",,,,,,,"7",,,,,,,,,,,"-","-","-","-","-","-","-",,,,,,,,,,,,,,,,"false","POINT (-123.26908 44.54089)"
"CNHS SOUTH CORVALLIS",,"2520 SW PICKFORD ST","CORVALLIS","97333","BENTON","Single Site","Active","4","8","16","Multi-Family Residential Rental",,,,,,,"14",,,,,,,,,,,"-","-","-","-","-","-","-",,,,,,,,,,,,,,,,"false","POINT (-123.26904 44.54137)"
"Hillside Manor","Hillside Manor","2889 SE Hillside Court","Milwaukie","97222","Clackamas","Scattered","Active","5","21","41","Multi-Family Residential Rental","2021","2,020","Quantum Residential Inc.","Housing Authority of Clackamas County","Hillside Manor Limited Partnership",,"100","100","10","100",,,,"95","5",,"0",,,,"100",,,,"14/05/2020","01/01/2021","12/31/2052",,,,,,,,"12/31/2082",,,"12/31/2082",,"true","POINT (-122.63085 45.44973)"
"Cascade Creek, fka Bornstedt Village","Cascade Creek, fka Bornstedt Village","38272 HWY 211","Sandy","97055","Clackamas","Single Site","In Development",,,,"ERROR: #N/A",,,,"Southport Financial Services",,,"78","0","0","0",,,,,,,"0",,,,,,,,"02/08/2024",,,,,,,,,,,,,,,"true","POINT (-122.27013 45.38602)"
"Hillside Park - Building C","Hillside Park - Building C","2889 Hillside Ct","Milwaukie","97222","Clackamas","Single Site","In Development","0","0","0","Multi-Family Residential Rental",,,,"Related Northwest and Housing Authority of Clackamas County",,,"100","100","5","100",,,,,,,"0",,,,,,,,"28/06/2024",,,,,,,,,,,,,,,"true","POINT (-122.63085 45.44973)"
"42nd Street  NCGC-34","42nd Street  NCGC-34","9054 SE 42nd Ave","Milwaukie","97222","Clackamas","Single Site","Active","5","21","41","Non-CIP","1987",,"Housing Authority of Clackamas County",,"Housing Authority of Clackamas County","GOVERNMENT","5",,,,,,,"5",,,"0",,,,,,,,,,,,,,,,,,,,,,,"true","POINT (-122.62015 45.45738)"
"Bear Creek Apartments (fka Molalla Apartments)","Bear Creek Apartments (fka Molalla Apartments)","1000 W Main St","Molalla",,"Clackamas","Scattered","Active","5","9","18","Multi-Family Residential Rental","2024",,,"Green Light Development / Home First Development","Molalla Apartments Limited Partnership",,"60","8","3","0","0","0",,"0","30","30","0","8","0","0","52","0","0","0","30/06/2022","03/01/2024","12/31/2054",,,,,,"12/31/2053",,"12/31/2054",,,"12/31/2054",,"true","POINT (-122.59473 45.14943)"
"Ikoi So Terrace","Ikoi So Terrace","1550 SE Oak Grove Blvd","Milwaukie","97267-1081","Clackamas","Single Site","Active","5","21","41","Elderly-Disabled","1986",,"Income Property Management (Portland)",,"Ikoi So Terrace Renewal LP","Non-Profit","35","34","0",,"0","0",,"34","0","0","0","0","0","34","0","0","0","0",,"07/11/2014",,"01/01/2075",,"06/30/2034","07/01/2075",,,,,"06/30/2034",,"07/01/2075","Housing Assistance Payment","true","POINT (-122.64744 45.41656)"
"Brookdale Wilsonville (fka Windfield Village","Brookdale Wilsonville (fka Windfield Village","8170 SW Vlahos Drive","Wilsonville","97070","Clackamas","Single Site","Active","6","13","26","Assisted Living (ALF)","1995",,"Emeritus Corporation (DBA Brookdale)",,"BKD Wilsonville, LLC",,"84","84",,,,,"7","64","13",,"0",,,"34",,,,,,,,,,,,"05/15/2026",,,"05/15/2026",,,"05/15/2026",,"true","POINT (-122.75968 45.31016)"
"Lake Crest Apartments","Lake Crest Apartments","8106 SE Lake Road","Milwaukie","97267","Clackamas","Single Site","Active","5","20","40","Multi-Family Residential Rental","1977",,"GREP Southwest, LLC (dba Greystar RS West, LLC)",,"CR Lake Crest Communities, LLC","For-Profit","229",,,,,"30","29","59","120","20","0",,,,"227",,,"-",,"10/07/1999","09/30/2030",,,,,,,,,,,"09/30/2030",,"true","POINT (-122.57916 45.42112)"
"Longbourn House","Longbourn House","4772 SE Logus Road","Milwaukie","97222","Clackamas","Single Site","Active","5","21","41","Mini-RCC",,,"The Inn Home (dba True Housing)",,"Northwest Housing Alternatives, Inc.",,"5",,,,,,,,,,,,,"5",,,,,,,,,,,,"01/29/2026",,,,,,"01/29/2026",,"true","POINT (-122.61389 45.45047)"
"Walsh Commons","Walsh Commons","2316 SE Willard St","Milwaukie","97222","Clackamas","Scattered","Active","0","0","0","Multi-Family Residential Rental","2019",,"Income Property Management (Portland)","Northwest Housing Alternatives","NHA Campus Redevelopment Limited Partnership",,"28","5","2","6",,,,"5","17","6","0",,,"4","24",,,,"15/06/2018","07/01/2019",,"12/31/2079",,"04/22/2040",,"08/01/2071",,,"08/01/2071",,,"12/31/2079",,"true","POINT (-122.63773 45.44055)"
"Pacific Park Apartments Canby West","Pacific Park Apartments Canby West","621 N Douglas","Canby","97013","Clackamas","Single Site","Active","5","26","51","Elderly Apartments","2016","2,017","Viridian Management, Inc",,"Pacific Park Apartments LLC",,"24","20","2",,,"0",,"20","4","0","0","0","0","0","68","0","0","0",,"08/27/2015",,"12/31/2076",,"07/26/2032","12/31/2076",,,,"12/31/2076",,,"12/31/2076",,"true","POINT (-122.70192 45.266)"
"Autumn Park Apartments","Autumn Park Apartments","10922 SW Wilsonville Road","Wilsonville","97070","Clackamas","Single Site","Active","6","13","26","Multi-Family Residential Rental","2005",,"Income Property Management (Portland)","Northwest Housing Alternatives","Autumn Park Renewal Limited Partnership",,"144","0","0",,,,,"40","80","24","0",,,"72","72",,,"-",,"09/17/2004","09/17/2064",,,,,"12/31/2034",,,"10/15/2044",,,"09/17/2064",,"true","POINT (-122.79149 45.29938)"
"Creekside Woods","Creekside Woods","7825 SW Wilsonville","Wilsonville","97070","Clackamas","Single Site","Active","6","13","26","Elderly Apartments","2010",,"Income Property Management (Portland)",,"Creekside Woods Limited Partnership","For-Profit","84","44","0",,"0","0",,"44","0","0","0","0","0","7","32","0","0","0",,"11/23/2009",,"01/01/2042",,"12/01/2031",,"11/23/2069",,,"12/31/2069","12/31/2027",,"12/31/2069","Project Rental Assistance Contract","true","POINT (-122.75764 45.30329)"
"Fox Pointe Apartments","Fox Pointe Apartments","4616 SE Roethe Road","Milwaukie","97267","Clackamas","Single Site","Active","5","20","40","Multi-Family Residential Rental","1972",,"Aperto Property Management Inc.",,"Post Fox Pointe, LLC","For-Profit","96",,,,,"0","7","2","76","18","0",,,,"96",,,"-",,"11/30/2000","11/30/2030",,,,,,,,,,,"11/30/2030",,"true","POINT (-122.61355 45.39913)"
"Timber Grove Firwood Village","Timber Grove Firwood Village","39546 Evans Street","Sandy","97055","Clackamas","Single Site","Active","3","26","51","Multi-Family Residential Rental","2012",,"Viridian Management, Inc",,"Timber Grove Apartments LLC",,"24",,"6",,,"0",,"2","16","6","0","0","16","55","0","0","0","0",,"05/23/2012",,"01/01/2042",,"05/25/2027","05/01/2044",,,,,,,"05/01/2044",,"true","POINT (-122.25664 45.39063)"
"Studio Pointe Apts (fka Ellis Apts)","Studio Pointe Apartments","5603 SE Milwaukie Ave","Portland","97202","Clackamas","Scattered","Active","0","0","0","Multi-Family Residential Rental",,,"Cascade Management, Inc. (Portland)","Ellis Apartments LLC","Studio Pointe, LLC","For-Profit","30","0",,,,,"30",,,,"0",,,,,"15",,,"20/11/2020","10/20/2020",,,,,,,,,"12/31/2030",,,"12/31/2030",,"true","POINT (-122.64966 45.48219)"
"Clackamas Apartments NCGC 45","Clackamas Apartments NCGC 45","15125 SE 90th","Clackamas","97015","Clackamas","Single Site","Active","5","20","39","Non-CIP",,,"Housing Authority of Clackamas County",,"Housing Authority of Clackamas County",,"20",,,,,,,"4",,,"0",,,"8",,,,,,,,,,,,"12/12/2024",,,"12/15/2030",,,"12/15/2030",,"true","POINT (-122.5711 45.41347)"
"Marylhurst Commons (Greenbrae)","Marylhurst Commons (Greenbrae)","3190 Furman Drive","Lake Oswego","97034","Clackamas","Single Site","In Development","5","19","38","Multi-Family Residential Rental",,,"Mercy Housing Management Group","Mercy Housing Northwest","MHNW 20 Marylhurst Limited Partnership",,"100","30","6","100","0","0",,"19","61","20","0","30","0","0","70","0","0","0","15/09/2022",,,,,,,,,,,,,,,"true","POINT (-122.64404 45.39801)"
"Good Shepherd Village","Good Shepherd Village","12596 SE 162nd Avenue","Happy Valley","97086","Clackamas","Single Site","In Development","3","20","39","0",,,,"Caritas Community Housing",,,"143","30","8","119","35","13",,"50","59","20","0","58","0","0","83","0","0","0","24/02/2022",,,,,,,,,,,,,,,"true","POINT (-122.49217 45.43137)"
"Wiedemann Park Apartments","Wiedemann Park Apartments","29940 SW Brown Road","Wilsonville","97070","Clackamas","Single Site","Active","6","13","26","Multi-Family Residential Rental","2000",,"Pinehurst Management, LLC",,"Wiedemann Park Apts Limited Partnership","Housing Authority","58",,"0",,"0","0",,"34","24","0","0","0","0","18","40","0","0","0",,"09/06/2000","01/01/2030",,,"12/19/2023",,,,,,,,"01/01/2030",,"true","POINT (-122.78566 45.30345)"
"Estacada Apartments","Estacada Apartments","1157 NW Wade Street","Estacada","97023","Clackamas","Single Site","Active","0","0","0","0","2023",,,"Green Light Development","Estacada Apartments Limited Parntership",,"36","0","4","0","0",,,,,,"0",,,,"12",,,,"20/12/2022","12/22/2022",,,,,,,"12/31/2024",,,,,"12/31/2024",,"true","POINT (-122.3381 45.29859)"
"Estacada Apartments II","Estacada Apartments II","30813 SE Eagle Creek Rd","Estacada","97023-9716","Clackamas","Single Site","In Development","0","0","0","Multi-Family Residential Rental",,,,"Home First Development",,,"36","0","2","16","0",,,,,,"0",,,,,,,,"15/08/2024",,,,,,,,,,,,,,,"true","POINT (-122.33825 45.3001)"
"Las Flores Apartments fka Maple Apts","Las Flores Apartments fka Maple Apts","14338 S Maple Lane Court","Oregon City","97045","Clackamas","Single Site","In Development",,,,"ERROR: #N/A",,,"Guardian Real Estate Services, LLC","Community Development Partners","Maple OC Limited Partnership",,"171","70",,,"0","0",,"42","54","66","9","70","0","0","101","0","0","0","31/05/2022",,,,,,,,,,,,,,,"true","POINT (-122.57192 45.3343)"
"Oregon City Terrace","Oregon City Terrace","600 May Street","Oregon City","97045","Clackamas","Single Site","Active","5","20","40","Multi-Family Residential Rental","1969","2,021","RPH Corporation","RPH Corporation","OCT I Limited Partnership",,"48","47","3",,,,,"10","26","12","0",,,,"48",,,,"30/04/2020","05/20/2021",,"12/31/2081",,"12/01/2041","12/31/2081",,,,"02/02/2052",,,"12/31/2081",,"true","POINT (-122.59763 45.33999)"
"Plaza Los Robles","Plaza Los Robles","415 Toliver Road","Molalla","97038","Clackamas","Single Site","Active","5","9","18","Multi-Family Residential Rental",,,"Cascade Management, Inc. (Portland)","Hacienda Community Development Corporation","Hacienda Community Development Corp","Non-Profit","24","21","2","24",,"0",,"0","7","13","4",,,"24",,,,"-","11/01/2023","11/18/2005",,,,,,"11/18/2055",,,"04/01/2058",,"2036 Oct 25 12:00:00 AM","04/01/2058",,"true","POINT (-122.58018 45.15413)"
"Oakridge Park","Oakridge Park","4255 Oakridge Road","Lake Oswego","97035","Clackamas","Single Site","Active","5","19","38","Multi-Family Residential Rental","2011",,"Income Property Management (Portland)",,"Oakridge Park Limited Partnership","For-Profit","45","44","0",,"0","0",,"44","0","0","0","0","44","0","1","0","0","0",,"11/10/2011",,"01/01/2073",,,,,,,,"10/31/2024",,"01/01/2073","Project Rental Assistance Contract","true","POINT (-122.7204 45.41117)"
"Tukwila Springs (fka Webster Road Redev)","Tukwila Springs (fka Webster Road Redev)","18000 Webster Rd","Gladstone","97027","Clackamas","Scattered","Active","5","20","40","Multi-Family Residential Rental","2022","2,022","Home Forward Property Management","Housing Authority of Clackamas County","Webster Road Housing Limited Partnership","Housing Authority","48","48",,,"12","48","40","0","0","0","0","0","0","38","10","0","0","0","17/06/2021","06/16/2022","12/31/2053",,,,,,,,"12/31/2053",,,"12/31/2053",,"true","POINT (-122.58293 45.39129)"
"Greenbriar Apartments","Greenbriar Apartments","250 S Locust Street","Canby","97013","Clackamas","Single Site","Active","5","26","51","Multi-Family Residential Rental","1999",,"Cascade Management, Inc. (Portland)",,"6390, LLC","For-Profit","86",,,,,"0",,"0","65","21","0",,,,"86",,,"-",,"10/15/1998","10/15/2029",,,,,,,,"10/15/2034",,,"10/15/2034",,"true","POINT (-122.68613 45.26224)"
"Charleston Apartments","Charleston Apartments","11609 Toulouse Street","Wilsonville","97070","Clackamas","Single Site","Active","6","13","26","Multi-Family Residential Rental","2009",,"Income Property Management (Portland)",,"Charleston Limited Partnership",,"52","15","3",,"0","0",,"15","0","0","0","0","15","37","0","0","0","0",,"04/28/2009",,"01/01/2071",,"03/18/2030",,,,,,"05/31/2025",,"01/01/2071","Project Rental Assistance Contract","true","POINT (-122.79663 45.31096)"
"Easton Ridge","Easton Ridge","9009 SE Causey Avenue","Happy Valley","97086","Clackamas","Single Site","Active","5","20","39","Multi-Family Residential Rental","2013",,"Quantum Residential Inc.",,"Easton Ridge LLC",,"264",,"6",,"0",,,"160","104",,"0","0","0","3","260","0","0","0",,"03/06/2013","01/01/2044",,,,,,,,,,,"01/01/2044",,"true","POINT (-122.57085 45.44124)"
"Casa Verde","Casa Verde","718 SE Township Road","Canby","97013","Clackamas","Single Site","Active","5","26","51","Multi-Family Residential Rental","1999",,"Guardian Management, LLC",,"Casa Verde Apartments Limited Partnership",,"26",,,,,,,,"10","12","4",,"20","6",,,,"-",,"05/20/1999",,"01/01/2060",,,,"05/20/2059",,,,,,"01/01/2060",,"true","POINT (-122.6815 45.25944)"
"Rosewood Terrace","Rosewood Terrace","235 Pearl Street","Oregon City","97045-2600","Clackamas","Single Site","Active","5","20","40","Multi-Family Residential Rental","1982",,"Northwest Real Estate Capital Corp",,"Northwest Rosewood Terrace LLC","Housing Authority","38","38",,,"0","0",,"0","36","2","0","0","0","0","38","0","0","0",,"06/01/2008","01/01/2049",,,"04/01/2029",,,,,"06/24/2038","05/31/2038",,"01/01/2049","Housing Assistance Payment","true","POINT (-122.59928 45.3494)"
"Willamalane","Willamalane","4707 SE Boardman Avenue","Milwaukie","97267-5934","Clackamas","Single Site","Active","5","20","40","Multi-Family Residential Rental","1973",,"HNN Communities US, LLC dba DevCo Residental Property Management",,"Oregon 4 Apartments, LLC","For-Profit","52","34","0",,,"0",,"14","14","6","0",,,,"52",,,"-",,"09/01/2005","01/01/2036",,,,,,,,"09/01/2035","03/31/2042",,"03/31/2042","Housing Assistance Payment","true","POINT (-122.6137 45.39581)"
"Canby Village","Canby Village","488 NW 6th Street","Canby","97013","Clackamas","Single Site","Active","5","26","51","Elderly Apartments","1977",,"Guardian Real Estate Services, LLC",,"Canby Village Limited Partnership","For-Profit","52","51","4",,"0","0",,"38","14","0","0","0","0","38","14","0","0","0",,"12/15/2004","01/01/2035",,,,,,,,,,"2034 Jun 09 12:00:00 AM","01/01/2035",,"true","POINT (-122.70138 45.26469)"
"Greens at Ridings, The","Greens at Ridings, The","511 Ridings Avenue","Molalla","97038-9225","Clackamas","Scattered","Active","0","0","0","Multi-Family Residential Rental","2018","2,018","Viridian Management, Inc",,"The Greens Apartments LLC",,"34","34","4","29",,,,,"19","15","0",,"20","11","3",,,,"30/03/2018","03/01/2018",,"03/01/2079",,,"03/01/2079",,,,"03/01/2079",,,"03/01/2079",,"true","POINT (-122.58381 45.15307)"
"Terrace at Mt Scott, The","Terrace at Mt Scott, The","10125 SE Bob Schumacher RD","Happy Valley","97066","Clackamas","Single Site","Active","5","20","39","Multi-Family Residential Rental","2006",,"Guardian Real Estate Services, LLC",,"KCK Partners LLC",,"52",,"8",,"0","0",,"0","29","23","0","0","0","51","0","0","0","1",,"08/18/2004",,"01/01/2047",,,,,,,"08/18/2044",,,"01/01/2047",,"true","POINT (-122.56742 45.43938)"
"Fuller Station Affordable Housing","Fuller Station Affordable Housing","9730 SE Fuller Road","Happy Valley","97086","Clackamas","Scattered","Active","5","20","39","Multi-Family Residential Rental","2022",,"Guardian Real Estate Services, LLC","Guardian Real Estate Service, LL","Green Line Affordable Development Limited Partnership",,"100","25","5","100","25",,,"17","63","20","0",,,,"100",,,,"09/04/2021","09/28/2022","12/31/2053",,,,,,,,"12/31/2053",,,"12/31/2053",,"true","POINT (-122.57571 45.45319)"
"Town Center Station","Town Center Station","8719 SE Monterey Avenue","Happy Valley","97015","Clackamas","Single Site","Active","5","20","39","Multi-Family Residential Rental","2010",,"Guardian Real Estate Services, LLC",,"Town Center Associates Limited Partnership",,"52",,"3",,"0","10","10","42","0","0","0","0","0","14","38","0","0","0",,"03/25/2009",,"01/01/2050",,"10/01/2030",,"03/25/2069",,,"04/14/2069",,,"04/14/2069",,"true","POINT (-122.57314 45.43827)"
"Chez Ami Mental Health Housing","Chez Ami Mental Health Housing","8358 SE Causey","Happy Valley","97226","Clackamas","Single Site","Active","5","20","39","Disabled Apartments","2002",,"Central City Concern",,"Chez Ami Limited Partnership",,"40",,"40",,"0","40","40","0","0","0","0","40","0","0","0","0","0","0",,"12/08/2000",,"01/01/2062",,,,"12/08/2060",,,,,,"01/01/2062",,"true","POINT (-122.57736 45.44128)"
"Hollyfield Village","Hollyfield Village","4077 Sunset Drive","Lake Oswego","97035-4363","Clackamas","Single Site","Active","5","19","38","Elderly Apartments","1983",,"Income Property Management (Portland)",,"Hollyfield Village Apartments LP","Non-Profit","30","30","2",,"0","0",,"28","2","0","0","0","0","0","30","0","0","0",,"10/10/2013",,"01/01/2074",,"06/05/2033",,,,,,"02/28/2033",,"01/01/2074","Housing Assistance Payment","true","POINT (-122.71891 45.4083)"
"Timber Grove Estacada Village","Timber Grove Estacada Village","855 NE Hill Way","Estacada","97023","Clackamas","Single Site","Active","3","26","51","Multi-Family Residential Rental","2012",,"Viridian Management, Inc",,"Timber Grove Apartments LLC",,"48","57","6",,,"0",,"32","13","3","0","0","16","55","0","0","0","0",,"05/23/2012",,"01/01/2042",,"05/25/2027","05/01/2044",,,,,,"2042 May 18 12:00:00 AM","05/01/2044",,"true","POINT (-122.32711 45.29861)"
"Town Center Courtyards","Town Center Courtyards","11475 SE 85th Ave","Happy Valley","97015","Clackamas","Single Site","Active","5","20","39","Multi-Family Residential Rental","2016",,"Central City Concern",,"Town Center Greens Limited Partnership","Non-Profit","60",,"3",,"60","0",,"20","31","8","0","0","0","32","28","0","0","0",,"08/14/2015",,"07/29/2076",,,"08/01/2078",,,,,,,"08/01/2078",,"true","POINT (-122.57651 45.43965)"
"Acadia Gardens","Acadia Gardens","8370 SE Causey Avenue","Happy Valley","97015","Clackamas","Single Site","Active","5","20","39","Multi-Family Residential Rental","2012",,"Guardian Real Estate Services, LLC",,"Causey Associates Limited Partnership",,"41",,"3",,"0","12","12","4","19","6","0","0","0","26","15","0","0","0",,"02/15/2012",,"01/01/2052",,"03/25/2032",,,,,"03/29/2052",,,"03/29/2052",,"true","POINT (-122.57637 45.44089)"
"Cedar Park Gardens","Cedar Park Gardens","39451 McCormick Drive","Sandy","97055","Clackamas","Single Site","Active","3","26","51","Elderly Apartments",,,"Guardian Management, LLC",,"Caritas Community Housing Corporation",,"20","17","2",,"0","0",,"18","2","0","0","0","0","20","0","0","0","0",,"12/19/2011",,,,,"06/01/2042",,,,"06/01/2042",,"2034 Oct 28 12:00:00 AM","06/01/2042",,"true","POINT (-122.25765 45.39564)"
"FAIRFIELD 4-PLEX",,"135 E FAIRFIELD ST","GLADSTONE","97027","CLACKAMAS","Single Site","Active","5","20","40","Multi-Family Residential Rental","1970",,,,,,"4",,,,,,,,,,,"-","-","-","-","-","-","-",,,,,,,,,,,,,,,,"false","POINT (-122.59458 45.38184)"
"Housing Authority Units: West Linn",,"Scattered Sites","WEST LINN","97068","CLACKAMAS","Scattered","Active","5","19","37","Multi-Family Residential Rental","1981",,,,"REACH COMMUNITY DEVELOPMENT","Non-Profit","10","0","0",,"0",,,,,,,"-","-","-","-","-","-","-",,,,,,,,,,,,,,,,"false",
"SCHMIDT & SON",,"34900 SE BLUFF RD","BORING","97009","CLACKAMAS","Single Site","Active","3","26","52","Multi-Family Residential Rental","1999",,,,,,"3",,,,,,,,,,,"-","-","-","-","-","-","-",,,,,,,,,,,,,,,,"false","POINT (-122.30371 45.45711)"
"11458 SE MCEACHRON AVE",,"11458 SE MCEACHRON AVE","CLACKAMAS","97222","CLACKAMAS","Single Site","Active","5","20","39","Multi-Family Residential Rental","2001",,,,"HOUSING AUTHORITY OF CLACKAMAS COUNTY","Housing Authority","6",,,,,,,,,,,"-","-","-","-","-","-","-",,,,,,,,,,,,,,,,"false","POINT (-122.58948 45.43988)"
"Fisher Ridge Apartments (fka Morton Road Apts)","Fisher Ridge Apartments (fka Morton Road Apts)","129 MORTON RD","OREGON CITY","97045","CLACKAMAS","Scattered","Active","5","20","40","Disabled Apartments","2000",,"Cascade Management, Inc. (Portland)",,"Clackamas Residential Options, Inc.","Non-Profit","19","18","1",,,"16","15","2","0","0","0",,,"18",,,,"-",,"08/04/2000",,,,,,"08/04/2040",,,,"02/28/2026",,"08/04/2040","Project Rental Assistance Contract","true","POINT (-122.58607 45.35274)"
"Housing Authority Units: Gladstone",,"Scattered Sites","GLADSTONE","97027","CLACKAMAS","Scattered","Active","5","20","40","Multi-Family Residential Rental","1980",,"HOUSING AUTHORITY OF CLACKAMAS COUNTY",,"HOUSING AUTHORITY OF CLACKAMAS COUNTY","Housing Authority","7","0","0",,"0",,,,,,,"-","-","-","-","-","-","-",,,,,,,,,,,,,,,,"false",
"KINGSBERRY HEIGHTS",,"14290 MARJORIE LN","OREGON CITY","97045","CLACKAMAS","Single Site","Active","5","20","40","Multi-Family Residential Rental",,,"BERRY HEIGHTS LP",,"Ables, Paul W. (PWA-Red LLC)",,"260",,,,,,,,,,,"-","-","-","-","-","-","-",,,,"01/01/2044",,,,,,,,,,"01/01/2044",,"false","POINT (-122.5734 45.32853)"
"Meadows at Hope Village, The","Meadows at Hope Village, The","1545 S FIR ST","CANBY","97013","CLACKAMAS","Scattered","Active","5","26","51","Elderly Apartments","2004",,"Cascade Management, Inc. (Portland)",,"Meadows at Hope Village LP",,"50",,"0",,"0",,,"42","8",,"0","0","0","2","47","0","0","1",,"11/07/2002",,"01/01/2044",,"08/24/2024",,"11/07/2042",,,,,,"01/01/2044",,"true","POINT (-122.69111 45.25021)"
"Housing Authority Units: Portland",,"Scattered Sites","PORTLAND","97219","CLACKAMAS","Scattered","Active","3","23","46","Multi-Family Residential Rental","1980",,,,"REACH COMMUNITY DEVELOPMENT","Non-Profit","11","0","0",,"0","0",,"0","0","0","0","0","0","0","0","0","0","0",,,,,,,,,,,,,,,,"false",
"MEADOWLARK",,"13630 GARDEN MEADOW DR","OREGON CITY","97045","CLACKAMAS","Single Site","Active","5","20","40","Multi-Family Residential Rental",,,"CASCADE MANAGEMENT CORP.",,,,"15","14",,,,"0",,"14","0","0","0","-","-","-","-","-","-","-",,,,,,,,,,,,"10/31/2025",,"10/31/2025","Project Rental Assistance Contract","false","POINT (-122.58473 45.32754)"
"SENECA TERRACE",,"11802 SE FULLER RD","CLACKAMAS","97222","CLACKAMAS","Single Site","Active","5","20","39","Multi-Family Residential Rental",,,"NORTHWEST HOUSING ALTERNATIVES INC",,,,"31","31","2",,,"0",,"0","31","0","0","-","-","-","-","-","-","-",,,,"01/01/2071",,"04/10/2032",,"05/10/2070",,,,"02/28/2039",,"01/01/2071","Housing Assistance Payment","false","POINT (-122.58497 45.43651)"
"ARLINGTON TRIPLEX",,"265 W ARLINGTON ST","GLADSTONE","97027","CLACKAMAS","Single Site","Active","5","20","40","Multi-Family Residential Rental","1979",,,,,,"3",,,,,,,,,,,"-","-","-","-","-","-","-",,,,,,,,,,,,,,,,"false","POINT (-122.59615 45.37737)"
"PRINCETON VILLAGE",,"14370 SE OREGON TRAIL DR","CLACKAMAS","97015","CLACKAMAS","Single Site","Active","3","20","39","Assisted Living (ALF)",,,,,"American Realty Capital Healthcare Trust",,"53","11",,,,,,,,,,"-","-","-","-",,,,,,,,,,,,,,"01/15/2036",,,"01/15/2036",,"true","POINT (-122.51648 45.42225)"
"HUMMINGBIRD APTS",,"39181 PLEASANT ST","SANDY","97055","CLACKAMAS","Single Site","Active","3","26","51","Multi-Family Residential Rental",,,"MONTGOMERY, ROBERT G.",,"HOUSING AUTHORITY OF CLACKAMAS COUNTY","Housing Authority","6","6","0",,,"0",,"6","0","0","0","-","-","-","-","-","-","-",,,,,,,,,,,,,"2045 Aug 23 12:00:00 AM","08/23/2045",,"false","POINT (-122.25998 45.39825)"
"Housing Authority Units: Sandy",,"Scattered Sites","SANDY","97055","CLACKAMAS","Scattered","Active","3","26","51","Multi-Family Residential Rental","1980",,"HOUSING AUTHORITY OF CLACKAMAS COUNTY",,"HOUSING AUTHORITY OF CLACKAMAS COUNTY","Housing Authority","9","0","0",,"0",,,,,,,"-","-","-","-","-","-","-",,,,,,,,,,,,,,,,"false",
"DEERFIELD VILLAGE",,"5770 SE KELLOGG CREEK DR","CLACKAMAS","97222","CLACKAMAS","Single Site","Active","5","21","41","Assisted Living (ALF)",,,,,"KRE Deerfield LLC",,"40","8",,,,,,,,,,"-","-","-","-",,,,,,,,,,,,,,"09/15/2037",,,"09/15/2037",,"true",
"Carriage Court","Carriage Court","728 NW 5TH CIR","CANBY","97013","CLACKAMAS","Scattered","Active","5","26","51","Elderly Apartments","1983",,"Northwest Real Estate Capital Corp",,"Northwest Carriage Court LLC","Housing Authority","30","30","2",,"0","0",,"30","0","0","0","0","0","0","30","0","0","0",,"06/01/2008","01/01/2039",,,"10/01/2029",,,,,"05/15/2040","12/31/2039",,"05/15/2040","Housing Assistance Payment","true","POINT (-122.7033 45.26288)"
"Housing Authority Units: Beavercreek",,"22010 S LESLIE AVE","BEAVERCREEK","97004","CLACKAMAS","Single Site","Active","5","26","51","Multi-Family Residential Rental","1971",,"HOUSING AUTHORITY OF CLACKAMAS COUNTY",,"HOUSING AUTHORITY OF CLACKAMAS COUNTY","Housing Authority","1",,,,,,,,,,,"-","-","-","-","-","-","-",,,,,,,,,,,,,,,,"false","POINT (-122.55377 45.28769)"
"BEAVER STATE - MONTEBELLO",,"29796 SW MONTEBELLO DR","WILSONVILLE","97070","CLACKAMAS","Single Site","Active","6","13","26","Multi-Family Residential Rental",,,"VIRIDIAN MANAGEMENT, INC.",,"Chrisman - Beaver State Apartments LLC",,"84",,,,"0","0",,"16","34","0","0","0","0","0","83","0","0","0",,,"01/01/2043",,,,,,,,"12/15/2052",,"2040 Dec 24 12:00:00 AM","12/15/2052",,"false","POINT (-122.78083 45.30397)"
"SWAN HOUSE",,"4764 SE LOGUS RD","MILWAUKIE","97222","CLACKAMAS","Single Site","Active","5","21","41","Multi-Family Residential Rental",,,"THE INN",,"HOME FORWARD","Housing Authority","6",,,,,,,,,,,"-","-","-","-","-","-","-",,,,,,,,,,,,,,,,"false","POINT (-122.61395 45.45047)"
"CLACKAMAS HA PUBLIC HOUSING SCATTERED SITES - MILWAUKIE",,"SCATTERED SITES","MILWAUKIE","97222","CLACKAMAS","Scattered","Active","5","21","41","Multi-Family Residential Rental","1982",,"HOUSING AUTHORITY OF CLACKAMAS COUNTY",,"HOUSING AUTHORITY OF CLACKAMAS COUNTY","Housing Authority","15",,,,,,,,,,,"-","-","-","-","-","-","-",,,,,,,,,,,,,,,,"false",
"Pioneer Enterprises","Toliver Terrace Apartments","615 HEINTZ ST","MOLALLA","97038","CLACKAMAS","Scattered","Active","5","9","18","Elderly Apartments","2020",,"Grand Management Services, Inc.",,"Pioneer Property Enterprises, LLC","For-Profit","32","30","2",,,"0","10","24","8","0","0","6","18","22","5","0","0","0",,"12/31/2020",,"12/31/2081",,"06/08/2041",,,,"12/31/2051","12/31/2051",,"2050 Jan 22 12:00:00 AM","12/31/2081",,"true","POINT (-122.58379 45.15203)"
"144 MOLALLA AVE",,"144 MOLALLA AVE","OREGON CITY","97045","CLACKAMAS","Single Site","Active","5","20","40","Multi-Family Residential Rental","1997","1,997",,,"MAINSTREAM HOUSING, INC","Housing Authority","5",,,,,,,,,,,"-","-","-","-","-","-","-",,,,,,,,,,,,,,,,"false","POINT (-122.59712 45.35051)"
"Sandy Vista Phase I","Sandy Vista Phase I","40747 HWY 26","SANDY","97055","CLACKAMAS","Scattered","Active","3","26","51","Multi-Family Residential Rental","2001",,"Guardian Management, LLC",,"Caritas Community Housing Corporation",,"30","30","1",,,"0",,"10","8","12","0",,,"30",,,,"-",,"11/20/2001",,,,,,"11/20/2061",,,,,"2034 Jun 22 12:00:00 AM","11/20/2061",,"true","POINT (-122.24409 45.39254)"
"BERKLEY",,"401 BERKLEY AVE","MOLALLA","97038","CLACKAMAS","Single Site","Active","5","9","18","Multi-Family Residential Rental","1974",,"CASCADE MANAGEMENT INC",,"MT HOOD MENTAL HEALTH","Non-Profit","4",,,,,,,,,,,"-","-","-","-","-","-","-",,,,,,,,,,,,,,,,"false","POINT (-122.57519 45.14384)"
"Housing Authority Units: Oregon City",,"Scattered Sites","OREGON CITY","97045","CLACKAMAS","Scattered","Active","5","20","40","Multi-Family Residential Rental","1980",,"HOUSING AUTHORITY OF CLACKAMAS COUNTY",,"WPL ASSOCIATES LP","Housing Authority","24","0","0",,"0",,,,,,,"-","-","-","-","-","-","-",,,,,,,,,,,,,,,,"false",
"Housing Authority Units: Wilsonville",,"Scattered Sites","WILSONVILLE","97070","CLACKAMAS","Scattered","Active","6","13","26","Multi-Family Residential Rental","1978",,"HOUSING AUTHORITY OF CLACKAMAS COUNTY",,"REACH COMMUNITY DEVELOPMENT","Non-Profit","2","0","0",,"0",,,,,,,"-","-","-","-","-","-","-",,,,,,,,,,,,,,,,"false",
"6662 SE FURNBERG ST",,"6662 SE FURNBERG ST","MILWAUKIE","97222","CLACKAMAS","Single Site","Active","5","20","39","Multi-Family Residential Rental","1961",,,,"HOUSING AUTHORITY OF CLACKAMAS COUNTY","Housing Authority","5",,,,,,,,,,,"-","-","-","-","-","-","-",,,,,,,,,,,,,,,,"false","POINT (-122.59489 45.43717)"
"Housing Authority Units: Lake Oswego",,"4968 OAKRIDGE RD","LAKE OSWEGO","97035","CLACKAMAS","Single Site","Active","6","19","38","Multi-Family Residential Rental","1970",,,,,,"1",,,,,,,,,,,"-","-","-","-","-","-","-",,,,,,,,,,,,,,,,"false","POINT (-122.72813 45.41007)"
"COUNTRY GARDEN APTS",,"17170 BEERS AVE","SANDY","97055","CLACKAMAS","Single Site","Active","3","26","51","Multi-Family Residential Rental",,,"MONTGOMERY, ROBERT G.",,,,"10","10","0",,,"0",,"10","0","0","0","-","-","-","-","-","-","-",,,,,,,,,,,,,,,,"false","POINT (-122.26702 45.39905)"
"4808 SE VIEW ACRES RD",,"4808 SE VIEW ACRES RD","CLACKAMAS","97267","CLACKAMAS","Single Site","Active","5","20","40","Multi-Family Residential Rental","1989",,,,"HOUSING AUTHORITY OF CLACKAMAS COUNTY","Housing Authority","5",,,,,,,,,,,"-","-","-","-","-","-","-",,,,,,,,,,,,,,,,"false","POINT (-122.61368 45.41832)"
"CASCADE MEADOWS",,"10005 SE BELL AVE","CLACKAMAS","97222","CLACKAMAS","Single Site","Active","5","20","39","Multi-Family Residential Rental",,,"NORRIS & STEVENS",,"HOUSING AUTHORITY OF CLACKAMAS COUNTY","Housing Authority","62","61",,,,"0",,"61","0","0","0","-","-","-","-","-","-","-",,,,,,,,,,,,"09/30/2044",,"09/30/2044","Housing Assistance Payment","false","POINT (-122.59378 45.45037)"
"SOUTH LELAND",,"18980 LELAND RD","OREGON CITY","97045","CLACKAMAS","Single Site","Active","5","20","40","Assisted Living (ALF)","1972",,,,,"GOVERNMENT","10","10",,,,,,,,,,"-","-","-","-",,,,,,,,,,,,,,,,,,,"true","POINT (-122.60365 45.33184)"
"Rain Garden Apts","Rain Garden Apts","29197 SW ORLEANS AVE","WILSONVILLE","97070","CLACKAMAS","Scattered","Active","6","13","26","Disabled Apartments","2009",,"Guardian Management, LLC",,"Rain Garden Limited Partnership",,"30",,"2",,"0",,"29",,,,"0","0","0","29","0","0","0","0",,"08/19/2009",,"01/01/2069",,,,"07/28/2068",,,"08/19/2069",,,"08/19/2069",,"true","POINT (-122.7943 45.30876)"
"River Glen Apartments","River Glen Apartments","1055 RISLEY AVE","GLADSTONE","97027","CLACKAMAS","Scattered","Active","5","20","40","Multi-Family Residential Rental","1972",,"Income Property Management (Portland)",,"Anderson, Trell","Non-Profit","44","44",,,,"0","14","14","12","18","0",,,"42",,"2",,"-",,"04/03/1996",,,,,,"04/03/2046",,,,"04/30/2034",,"04/03/2046","Housing Assistance Payment","true","POINT (-122.60315 45.38172)"
"Cascade House at HOPE Village","Cascade House at HOPE Village","1555 S IVY ST","CANBY","97013","CLACKAMAS","Scattered","Active","5","26","51","Elderly Apartments","1998",,"Cascade Management, Inc. (Portland)",,"Cascade House at Hope Village LP",,"50",,,,,"0",,"46","4","0","0",,"10","37",,,,"-",,"05/28/1997",,"01/01/2037",,,,"05/28/2037",,,,,,"05/28/2037",,"true","POINT (-122.68998 45.24911)"
"B2H DUPLEX",,"2302 SE WILLARD ST","MILWAUKIE","97222","CLACKAMAS","Single Site","Active","5","21","41","Multi-Family Residential Rental",,,,,,,"2",,,,,,,,,,,"-","-","-","-","-","-","-",,,,,,,,,,,,,,,,"false","POINT (-122.63786 45.44054)"
"SUMMIT",,"90025 E GOVERNMENT CAMP LOOP","GOVERNMENT CAMP","97028","CLACKAMAS","Single Site","Active","3","26","52","Multi-Family Residential Rental",,,"GCLH SUMMIT LP",,,,"48",,,,,,,,,,,"-","-","-","-","-","-","-",,,,,,,,,,,,,,,,"false","POINT (-121.74747 45.30295)"
"300 MAIN",,"300 SE MAIN ST","ESTACADA","97023","CLACKAMAS","Single Site","Active","3","26","51","Multi-Family Residential Rental",,,"FOUNDATION PROPERTY MANAGEMENT, INC.",,"HOUSING AUTHORITY OF CLACKAMAS COUNTY","Housing Authority","26","25",,,,"7",,"18","0","0","0","-","-","-","-","-","-","-",,,,,,,,,,,,"12/31/2040",,"12/31/2040","Housing Assistance Payment","false","POINT (-122.33401 45.28804)"
"METZLER",,"400 METZLER ST","MOLALLA","97038","CLACKAMAS","Single Site","Active","5","9","18","Multi-Family Residential Rental","1973",,"CASCADE MANAGEMENT INC",,"CASCADIA BEHAVIORAL HEALTHCARE INC","Non-Profit","4",,,,,,,,,,,"-","-","-","-","-","-","-",,,,,,,,,,,,,,,,"false","POINT (-122.57927 45.1456)"
"Molalla Gardens","Molalla Gardens","180 FENTON AVE","MOLALLA","97038","CLACKAMAS","Scattered","Active","5","9","18","Multi-Family Residential Rental","1973","2,017","Guardian Management, LLC",,"Molalla Gardens Limited Partnership",,"30",,"3",,"0","0",,"10","12","8","0","0","29","0","17","1","0","0",,"07/28/1999",,"03/31/2078",,"02/15/2038",,"07/28/2039",,,"03/31/2078",,,"03/31/2078",,"true","POINT (-122.57108 45.14942)"
"Sandy Vista Phase II","Sandy Vista Phase II","40747 HWY 26","SANDY","97055","CLACKAMAS","Scattered","Active","3","26","51","Multi-Family Residential Rental","2003",,"Guardian Management, LLC",,"Caritas Community Housing Corporation",,"24",,"2",,,"0",,"0","10","10","4",,,"24",,,,"-",,"06/01/2003",,,,,,"06/17/2063",,,,,,"06/17/2063",,"true","POINT (-122.24409 45.39254)"
"Whispering Pines Senior Village","Whispering Pines Senior Village","525 NW 6TH AVE","ESTACADA","97023","CLACKAMAS","Scattered","Active","3","26","51","Elderly Apartments","2001",,"Volunteers of America Oregon, Inc.",,"Estacada VOA Elderly Housing Inc","Non-Profit","63","62","63",,,"0",,"62","0","0","0",,,"62",,,,"-",,"06/20/2001",,,,,,"06/20/2031",,,,"05/31/2028",,"06/20/2031","Project Rental Assistance Contract","true","POINT (-122.33971 45.29507)"
"STAR HOUSE",,"2818 SE OAK GROVE BLVD","CLACKAMAS","97267","CLACKAMAS","Single Site","Active","5","21","41","Multi-Family Residential Rental","1943",,,,,,"5",,,,,,,,,,,"-","-","-","-","-","-","-",,,,,,,,,,,,,,,,"false","POINT (-122.63421 45.41581)"
"RACKLEFF HOUSE",,"655 SW 13TH AVE","CANBY","97013","CLACKAMAS","Single Site","Active","5","26","51","Assisted Living (ALF)",,,"CONCEPTS IN COMMUNITY LIVING",,"Concepts in Community Living, Inc.",,"25","5",,,,,,,,,,"-","-","-","-",,,,,,,,,,,,,,"12/15/2025",,,"12/15/2025",,"true","POINT (-122.69757 45.25229)"
"Rosewood Station","Rosewood Station","8810 SE OTTY RD","HAPPY VALLEY","97086","CLACKAMAS","Scattered","Active","5","20","39","Multi-Family Residential Rental","2020",,"Pedcor Management Corporation","Pedcor","PEDCOR Investments-2016-CLV, LP",,"212","20","11","212","0","0",,"112","92","8","0","0","0","0","14","0","0","0","30/04/2014","05/06/2021","12/31/2051",,,,,,,,"03/15/2048",,,"12/31/2051",,"true","POINT (-122.57403 45.45139)"
"OUR APARTMENT",,"1308 SE OTTER LN","OREGON CITY","97045","CLACKAMAS","Single Site","Active","5","20","40","Multi-Family Residential Rental",,,"NORTHWEST HOUSING ALTERNATIVES",,,,"4","4",,,,"0",,"0","4","0","0","-","-","-","-","-","-","-",,,,,,,,,,,,"01/24/2027",,"01/24/2027","Housing Assistance Payment","false","POINT (-122.58803 45.33724)"
"CLACKAMAS HEIGHTS",,"8057 SE MONROE ST","OREGON CITY","97045","CLACKAMAS","Single Site","Active","5","20","40","Multi-Family Residential Rental",,,,,,,"100",,,,,,,,,,,"-","-","-","-","-","-","-",,,,,,,,,,,,,,,,"false",
"HILLSIDE PARK",,"10230 SE D ST","MILWAUKIE","97222","CLACKAMAS","Single Site","Active","5","21","41","Multi-Family Residential Rental",,,,,"HOME FORWARD","Housing Authority","100",,,,,,,,,,,"-","-","-","-","-","-","-",,,,,,,,,,,,,,,,"false","POINT (-122.63214 45.44905)"
"Renaissance Court - Villebois","Renaissance Court - Villebois","11520 SW ZURICH ST","WILSONVILLE","97070","CLACKAMAS","Scattered","Active","6","13","26","Multi-Family Residential Rental",,,"Guardian Management, LLC",,"Renaissance Court, Inc.","Non-Profit","21","20","2",,,"0",,"20","0","0","0",,,"20",,,,"-",,"05/17/2007",,,,,,"05/17/2047",,,,"03/31/2025",,"05/17/2047","Project Rental Assistance Contract","true","POINT (-122.79604 45.30953)"
"JENNINGS LODGE",,"4545 SE INA AVE","CLACKAMAS","97267","CLACKAMAS","Single Site","Active","5","20","40","Multi-Family Residential Rental",,,"COLUMBIACARE SERVICES INC.",,,,"5",,,,,,,,,,,"-","-","-","-","-","-","-",,,,,,,,,,,,,,,,"false","POINT (-122.61577 45.39702)"
"ARBOR TERRACE",,"127 N COLE AVE","MOLALLA","97038","CLACKAMAS","Single Site","Active","5","9","18","Multi-Family Residential Rental",,,"QUANTUM RESIDENTIAL SERVICES INC",,"CENTRAL CITY CONCERN","Non-Profit","25","9","0",,,"0",,"0","10","11","4","-","-","-","-","-","-","-",,,,,,,,,,,,,"2025 Feb 02 12:00:00 AM","02/02/2025",,"false","POINT (-122.56799 45.14644)"
"THE GREENS AT RIDINGS",,"511 RIDINGS AVE","MOLALLA","97038","CLACKAMAS","Single Site","Active","5","9","18","Multi-Family Residential Rental",,,"SIGNATURE REAL ESTATE INC",,,,"20","24","0",,,"0",,"24","0","0","0","0","0","43","15","0","0","0",,,,"03/01/2079",,,"03/01/2079",,,,,"03/31/2038",,"03/01/2079","Housing Assistance Payment","false","POINT (-122.58381 45.15307)"
"North Main Apts","North Main Apts","10554 SE MAIN ST","MILWAUKIE","97222","CLACKAMAS","Scattered","Active","5","21","41","Multi-Family Residential Rental","2007",,"Income Property Management (Portland)",,"North Main Apartments LLC",,"64",,"64",,,"0",,"47","17","0","0",,,,"64",,,"-",,"02/09/2007","12/31/2055",,,,,,,,"11/01/2055",,,"12/31/2055",,"true","POINT (-122.64127 45.44664)"
"Housing Authority Units: Clackamas",,"Scattered Sites","CLACKAMAS","97015","CLACKAMAS","Scattered","Active","5","20","39","Multi-Family Residential Rental","1979",,"HOUSING AUTHORITY OF CLACKAMAS COUNTY",,"HOUSING AUTHORITY OF CLACKAMAS COUNTY","Housing Authority","84",,,,,,,,,,,"-","-","-","-","-","-","-",,,,,,,,,,,,,,,,"false",
"OREGON CITY VIEW MANOR",,"200 S LONGVIEW WAY","OREGON CITY","97045","CLACKAMAS","Single Site","Active","5","20","40","Multi-Family Residential Rental","1988",,,,"CEDAR SINAI PARK","Housing Authority","100",,,,,,,,,,,"-","-","-","-","-","-","-",,,,,,,,,,,,,,,,"false","POINT (-122.57119 45.37144)"
"Housing Authority Units: Estacada",,"Scattered Sites","ESTACADA","97023","CLACKAMAS","Scattered","Active","3","26","51","Multi-Family Residential Rental","1944",,"HOUSING AUTHORITY OF CLACKAMAS COUNTY",,"HOUSING AUTHORITY OF CLACKAMAS COUNTY","Housing Authority","5",,,,,,,,,,,"-","-","-","-","-","-","-",,,,,,,,,,,,,,,,"false",
"Salmonberry Knoll","Salmonberry Knoll","1250 Wahanna Road","Seaside","97138","Clatsop","Single Site","Active","1","16","32","Multi-Family Residential Rental","1997",,"Cascade Management, Inc. (Portland)",,"Salmonberry Knoll Associates, a Washington LP",,"36","22","0",,,,,"4","24","8","0",,,"9","26","1",,"-",,"10/07/1996",,"01/01/2048",,,,"10/07/2046",,,,,"2028 Nov 23 12:00:00 AM","01/01/2048",,"true","POINT (-123.91524 45.98559)"
"Astoria Gateway II","Astoria Gateway II","2850 Marine Drive","Astoria","97103","Clatsop","Single Site","Active","1","16","32","Multi-Family Residential Rental","2011",,"Cascade Management, Inc. (Portland)",,"Astoria-Gateway Associates LP",,"33","15","4",,"0","1","1","17","15","0","0","0","0","3","29","0","0","0",,"10/08/2010",,"01/01/2061","12/31/2060",,,,,,"10/31/2071",,"2042 Jun 29 12:00:00 AM","10/31/2071",,"true","POINT (-123.81266 46.18959)"
"Merwyn Apartments (aka Merwyn Hotel)","Merwyn Apartments (aka Merwyn Hotel)","1067 Duane Street","Astoria","97103","Clatsop","Scattered","Active","0","0","0","Multi-Family Residential Rental","2021","2,021","Pinehurst Management, LLC","Innovative Housing Inc","Merwyn Apartments LLC",,"40","0","2","22",,,"28","12",,,"0",,,,"40",,,,"15/11/2019","11/01/2019","12/31/2051",,,,,,"12/31/2065",,"12/31/2065",,,"12/31/2065",,"true","POINT (-123.83215 46.18837)"
"Astoria Gateway Senior Residential","Astoria Gateway Senior Residential","2775 Steam Whistle Way","Astoria","97103","Clatsop","Single Site","Active","1","16","32","Elderly Apartments","2006",,"Cascade Management, Inc. (Portland)",,"Astoria-Gateway Associates LP",,"41",,"41",,,"0",,"38","3","0","0","5","6","30",,,,"-",,"11/24/2003",,"12/31/2056","12/11/2057","12/20/2026",,,,,"11/24/2053",,,"12/11/2057",,"true","POINT (-123.81376 46.18968)"
"Hilltop Apartments","Hilltop Apartments","1100 Niagara Avenue","Astoria","97103","Clatsop","Single Site","Active","1","16","32","Multi-Family Residential Rental",,,"Clatsop Community Action",,"Clatsop Community Action","Non-Profit","21",,,,,,,,"22",,"0",,,,,,,"-",,"07/29/1994",,,,,,"07/29/2024",,,,,,"07/29/2024",,"true","POINT (-123.83182 46.18118)"
"Trillium House fka Chelsea Gardens","Trillium House (fka Chelsea Gardens)","700 SE 14th Place","Warrenton","97146","Clatsop","Scattered","Active","0","0","0","Multi-Family Residential Rental","2023",,"Cascade Management, Inc. (Portland)","Northwest Oregon Housing Authority","Trillium House Limited Partnership",,"42","8",,,,,,"12","19","11","0",,,"14","28",,,,"20/04/2022","05/15/2023",,"12/31/2083",,"06/01/2043","12/31/2083",,,,"12/31/2033",,,"12/31/2083",,"true","POINT (-123.91753 46.1509)"
"Shorewood Apartments (CC)","Shorewood Apartments (CC)","1121 Spruce Court","Cannon Beach","97110","Clatsop","Single Site","Active","1","16","32","Multi-Family Residential Rental","1997",,"Cascade Management, Inc. (Portland)",,"Shorewood Associates, a Washington LP",,"34","28","2",,,"0","3","8","18","8","0",,,"3","31",,,"-",,"10/18/1996",,"01/01/2047","12/31/2047",,,"10/18/2046",,,,,"2028 Jan 16 12:00:00 AM","12/31/2047",,"true","POINT (-123.95918 45.88951)"
"Elk Creek Terrace Apartments","Elk Creek Terrace Apartments","357 Elk Creek Rd","Cannon Beach","97110","Clatsop","Single Site","Active","1","16","32","Multi-Family Residential Rental","1994",,"Quantum Residential Inc.","Community Action Team","Elk Creek Terrace Limited Partnership",,"36","0",,,,"0",,"4","24","8","0",,,"36",,,,"-",,"06/28/1992",,"01/01/2043","06/30/2045",,,"06/28/2042",,,,,,"06/30/2045",,"true","POINT (-123.95336 45.88884)"
"Marine Drive","Marine Drive","Parcel 703 West Marine Dr.","Astoria","97103","Clatsop","Single Site","In Development","0","0","0","Multi-Family Residential Rental",,,,"Clatsop Behavioral Healthcare / Edlen & Company",,,"33","32","2","28","32",,,,,,"0",,,,,,,,"18/12/2024",,,,,,,,,,,,,,,"true","POINT (-123.8572 46.17963)"
"Tilikum","Tilikum","1581  & 1521 Willow Drive","Warrenton","97146","Clatsop","Single Site","Active","1","16","32","Multi-Family Residential Rental","2009",,"Northwest Oregon Housing Authority",,"Clatsop County Housing Authority","Housing Authority","16",,"2",,"8",,,,"8",,"0","0","0","0","8","0","0","0",,"03/03/2009",,,,,,,,,"02/15/2038",,,"02/15/2038",,"true","POINT (-123.90251 46.1429)"
"ASTORIA WOMENS SUPPORTIVE HOUSING",,,"ASTORIA","97103","CLATSOP",,"Active",,,,"Multi-Family Residential Rental",,,"GUARDIAN",,"Greater Oregon Behavioral Health","Non-Profit","2",,"0",,"0","0",,"0","1","1","0","0","0","0","4","0","0","0",,,,,,,,,,,,,,,,"false","POINT (-123.83391 46.18976)"
"Hudsons Pointe Apartments","Hudsons Pointe Apartments","1021 S DOWNING ST","SEASIDE","97138","CLATSOP","Scattered","Active",,,,"Multi-Family Residential Rental","1998",,"Princeton Property Management",,"Society of St Vincent de Paul Portland OR","Non-Profit","31",,,,,"2","2","24","5","0","0",,,,"31",,,"-",,"12/31/1998","01/01/2029",,,,,,,,,,,"01/01/2029",,"true","POINT (-123.92852 45.98776)"
"CREEKSIDE VILLAGE",,"1953 SPRUCE DR","SEASIDE","97138","CLATSOP","Single Site","Active","1","16","32","Multi-Family Residential Rental",,,"CBM MGMT GROUP INC",,,,"39","30","0",,,"0",,"6","28","5","0","-","-","-","-","-","-","-",,,,,,,,,,,,,"2040 Dec 27 12:00:00 AM","12/27/2040",,"false","POINT (-123.90954 45.98602)"
"PARKVIEW",,"419 S MAIN CT","WARRENTON","97146","CLATSOP","Single Site","Active","1","16","32","Multi-Family Residential Rental",,,"WILLAMETTE VIEW FUND",,,,"36",,,,,"0",,"0","20","16","0","-","-","-","-","-","-","-",,,,,,,,,,,,,,,,"false","POINT (-123.92778 46.16161)"
"NOHA Preservation Project","Alder Court Apartments","235 SW ALDER AVE","WARRENTON","97146","CLATSOP","Scattered","Active","1","16","32","Multi-Family Residential Rental","1978","2,000","Cascade Management, Inc. (Portland)",,"Alder Court Housing, LLC",,"52","40","2",,,"0",,"32","8","0","0","0","0","5","46","0","0","0",,"04/10/2000",,"04/01/2080","12/31/2049","11/17/2037","04/01/2080","05/01/2030",,,"05/15/2035","11/30/2037",,"04/01/2080","Housing Assistance Payment","true","POINT (-123.92823 46.16375)"
"HYAK",,"1861 S EDGEWOOD","SEASIDE","97138","CLATSOP",,"Active","1","16","32","Multi-Family Residential Rental",,,,,,,"9",,"0",,,,,,,,,"-","-","-","-","-","-","-",,,,,,,,,,,,,,,,"false","POINT (-123.92939 45.98229)"
"UNIONTOWN APTS",,"286 W MARINE DR","ASTORIA","97103","CLATSOP","Single Site","Active","1","16","32","Multi-Family Residential Rental",,,,,,,"22",,,,,,,,,,,"-","-","-","-","-","-","-",,,,,,,,,,,,,,,,"false","POINT (-123.85017 46.18878)"
"1226 AVENUE B",,"1226 AVENUE B","SEASIDE","97138","CLATSOP","Single Site","Active","1","16","32","Multi-Family Residential Rental",,,"DEULTA CO & MMMM CO JOINT VENTURE",,,,"1",,,,,"0",,"0","0","0","1","-","-","-","-","-","-","-",,,,,,,,,,,,,,,,"false","POINT (-123.91708 45.99181)"
"MERIWETHER VILLAGE",,"101 MADISON AVE","ASTORIA","97103","CLATSOP","Single Site","Active","1","16","32","Multi-Family Residential Rental",,,"MERIWETHER VILLAGE",,"Glazer Joint Trust","For-Profit","32","32","2",,,"0",,"30","2","0","0","-","-","-","-","-","-","-",,,,,,,,,,,,"08/31/2024","2044 May 27 12:00:00 AM","05/27/2044","Housing Assistance Payment","false","POINT (-123.84126 46.18215)"
"Sandhill Apartments","Sandhill Apartments","150 S WAHANNA RD","SEASIDE","97138","CLATSOP","Scattered","Active","1","16","32","Multi-Family Residential Rental","1979",,"Cascade Management, Inc. (Portland)",,"Sandhill Affordable Apartments LLC","Non-Profit","32","8","0",,"0","0",,"4","4","0","0","0","0","0","23","8","0","0",,"04/09/2008",,,,,,"04/09/2068",,,"12/23/2069","10/31/2025",,"12/23/2069","Housing Assistance Payment","true","POINT (-123.91264 45.99185)"
"Sycamore View","Sycamore View","51827 SW Old Portland Rd","Scappoose","97056","Columbia","Single Site","Active","1","16","31","Multi-Family Residential Rental",,,"Northwest Real Estate Capital Corp",,"Bienestar, Inc.","Non-Profit","22","16","3",,,"0",,"0","10","10","2",,,"19",,"2",,"-",,"07/21/2006",,,,,,"07/21/2039",,,,,"2036 Jul 19 12:00:00 AM","07/21/2039",,"true","POINT (-122.87819 45.74718)"
"Broadleaf Arbor (fka St Helens Apartments)","Broadleaf Arbor (fka St Helens Apartments)","2250 Gable Road","St. Helens","97051","Columbia","Scattered","Active","0","0","0","Multi-Family Residential Rental","2023",,"Guardian Real Estate Services, LLC","CDP","238 Gable Limited Partnership",,"239","75",,,,,,"66","95","42","0",,,,,,,,"24/08/2021","03/31/2023","12/31/2053",,,,,,,,,,,"12/31/2053",,"true","POINT (-122.82862 45.84763)"
"18th Street Apartments","18th Street Apartments","134 18th Street","St Helens","97051","Columbia","Single Site","Active","0","0","0","Multi-Family Residential Rental","2019",,"Quantum Residential Inc.",,"18th Street Development LLC",,"16","16","11","16",,,,"16",,,"0",,,,"16",,,,"05/10/2018","10/01/2018",,,,,,,"04/01/2050",,"08/01/2049",,,"04/01/2050",,"true","POINT (-122.81608 45.85962)"
"Centennial House","Centennial House","310 Columbia Blvd","St Helens","97051","Columbia","Single Site","Active","1","16","31","Multi-Family Residential Rental","1910",,"Community Action Team",,"Columbia County Self-Help, Inc.",,"2",,"0",,"2",,,,"2",,"0","0","0","0","2","0","0","0",,"07/06/2009",,,,,,,,,"07/06/2049",,,"07/06/2049",,"true","POINT (-122.80172 45.86531)"
"Cornerstone, The","Cornerstone, The","271 Columbia Boulevard","St Helens","97051","Columbia","Single Site","Active","1","16","31","Elderly-Disabled","1995",,"Columbia Community Mental Health",,"Columbia Community Mental Health",,"16",,,,,,"15",,"1",,"0",,,"15",,,,"-",,"05/13/1994",,,"02/21/2046",,,"05/13/2024",,,"02/15/2031",,,"02/21/2046",,"true","POINT (-122.80079 45.86551)"
"Forest Park Apartments","Forest Park Apartments","2545 N Columbia Boulevard","St Helens","97051","Columbia","Single Site","Active","1","16","31","Multi-Family Residential Rental","1973",,,,"Tanglewood Limited Partnership",,"80",,,,,,"18","20","22","20","0",,,"80",,,,"-",,"05/15/1998","01/01/2054",,"12/31/2055",,,,,,"11/15/2029",,,"12/31/2055",,"true","POINT (-122.82919 45.85723)"
"Gable Park Apartments","Gable Park Apartments","2544 Gable Road","St Helens","97051","Columbia","Single Site","Active","1","16","31","Multi-Family Residential Rental","1995",,"Northwest Oregon Housing Authority",,"Northwest Oregon Housing Authority","Housing Authority","32",,,,,,,,"20","12","0",,,"24","8",,,"-",,"04/18/1995",,"01/01/2036",,,,,,,,,,"01/01/2036",,"true","POINT (-122.83733 45.85147)"
"Corey Hill","Corey Hill","1772 Bridge Street","Vernonia","97064","Columbia","Single Site","Active","1","16","31","Single Family Residential Rental","2012",,"Community Action Team",,"Community Action Team","Non-Profit","3",,"0",,"0",,,,"1",,"0","0","0","1","0","0","0","0",,"01/04/2012",,,"12/31/2030",,,,,,,,,"12/31/2030",,"true","POINT (-123.20434 45.85986)"
"Columbia Park Apartments","Columbia Park Apts","525 E A ST","RAINIER","97048","COLUMBIA","Scattered","Active","1","16","31","Multi-Family Residential Rental","2004",,"Income Property Management (Portland)",,"Columbia Park Limited Partnership",,"28",,,,,"0",,"18","10","0","0",,,"28",,,,"-",,"08/28/2003",,"01/01/2053","12/23/2054","07/02/2024",,,,,,,,"12/23/2054",,"true","POINT (-122.93077 46.08904)"
"Orchards Plaza - Solhavn Preservation","Solhavn Apartments","500 SW BELAIR DR","CLATSKANIE","97016","COLUMBIA","Scattered","Active","1","16","32","Multi-Family Residential Rental","2005",,"Guardian Real Estate Services, LLC",,"Orchards Solhavn Limited Partnership",,"57","56","0",,,"0",,"24","33","0","0",,,,"117",,,"-",,"12/27/2005","12/31/2051",,,"01/27/2042","12/31/2081",,,,"12/31/2081",,"2050 Sep 10 12:00:00 AM","12/31/2081",,"true","POINT (-123.2099 46.1052)"
"18TH STREET HOMELESS HOUSING",,"124 & 134 18TH ST","SAINT HELENS","97051","COLUMBIA",,"Active","1","16","31","Multi-Family Residential Rental",,,"CAT",,,,"17",,"11",,"16","0",,"17","0","0","0","0","0","0","16","0","0","0",,,,,,,,,,,,,,,,"false","POINT (-122.81608 45.85962)"
"Blue Heron Hollow","Blue Heron Hollow","500 CALIFORNIA AVE","VERNONIA","97064","COLUMBIA","Scattered","Active","1","16","31","Multi-Family Residential Rental","1997",,"Quantum Residential Inc.",,"Blue Heron Hollow Limited Partnership",,"26",,"0",,"0",,,"4","11","11","0","2","15","9","0","0","0","0",,"08/05/1995",,"01/01/2097","02/19/2053","05/17/2025","01/01/2043","09/01/2050",,,,,,"01/01/2097",,"true",
"SPRING MEADOWS",,"36070 PITTSBURG RD","SAINT HELENS","97051","COLUMBIA","Single Site","Active","1","16","31","Assisted Living (ALF)",,,,,"ELDERSERV",,"35","35",,,,,,,,,,"-","-","-","-",,,,,,,,,,,"06/28/2024",,,"03/15/2031",,,"03/15/2031",,"true","POINT (-122.82364 45.86472)"
"Victorian Court Apartments","The Victorian Apartments","33878 E COLUMBIA AVE","SCAPPOOSE","97056","COLUMBIA","Scattered","Active","1","16","31","Elderly Apartments","2016","2,016","Quantum Residential Inc.",,"Community Action Team","Non-Profit","21",,,,,"0",,"17","0","0","0","0","0","0","21","0","0","0",,"03/21/2016",,,"02/16/2077",,"10/01/2076",,,,,,,"02/16/2077",,"true","POINT (-122.8698 45.75686)"
"215 S 15TH",,"215 S 15TH ST","SAINT HELENS","97051","COLUMBIA","Single Site","Active","1","16","31","Multi-Family Residential Rental",,,"COLUMBIA COMMUNITY MH",,,,"6",,,,,,,,,,,"-","-","-","-","-","-","-",,,,,,,,,,,,,,,,"false","POINT (-122.81226 45.85866)"
"COLUMBIA HILLS RETIREMENT CENTER",,"36050 PITTSBURG RD","SAINT HELENS","97051","COLUMBIA","Single Site","Active","1","16","31","Multi-Family Residential Rental",,,"CASCADE MANAGEMENT CORP.",,"Columbia Hills Retirement Center, Inc.","Non-Profit","33","32",,,,"20",,"12","0","0","0","-","-","-","-","-","-","-",,,,,,,,,,,,"05/31/2039",,"05/31/2039","Housing Assistance Payment","false","POINT (-122.82423 45.86462)"
"Big River Apartments","Woodland Trail Apartments","345 N 16TH ST","SAINT HELENS","97051","COLUMBIA","Scattered","Active","1","16","31","Multi-Family Residential Rental","2016",,"Viridian Management, Inc",,"Big River Apartments LLC",,"49",,"6",,,,"1","20","56","6","0","0","0","82","0","0","0","0",,"08/27/2015",,"12/31/2076",,,"12/31/2076",,,,,,,"12/31/2076",,"true","POINT (-122.81561 45.86361)"
"VICTORIAN COURT - OLIVE COURT",,"33653 SE OLIVE ST","SCAPPOOSE","97056","COLUMBIA","Single Site","Active","1","16","31","Multi-Family Residential Rental",,"2,016","CASCADE MANAGEMENT CO.",,"Community Action Team - Columbia County","Non-Profit","4","21","0",,,"0",,"4","0","0","0","0","0","0","21","0","0","0",,,,,"02/16/2077",,"10/01/2076",,,,,,"2046 Mar 15 12:00:00 AM","02/16/2077",,"false","POINT (-122.8746 45.75684)"
"Inland Point (ALF)","Inland Point (ALF)","2290 Inland Drive","North Bend","97459","Coos","Single Site","Active","4","5","9","Assisted Living (ALF)",,,"Cascade Living Group - Oregon, LLC",,"Sundheim, Peter J",,"50","10",,,,,"21","29",,,"0",,,"10",,,,,,,,,,,,,,,"05/15/2032",,,"05/15/2032",,"true","POINT (-124.24324 43.38825)"
"Park West","Park West","1055 Anderson","Coos Bay","97420","Coos","Single Site","Active","4","5","9","Multi-Family Residential Rental",,,"Oregon Coast Community Action Agency",,"Oregon Coast Community Action Agency","Non-Profit","22","0",,,,,"2","4","14","2","0",,,,,"22",,"-",,"04/13/1992",,,,,,"04/13/2042",,,,,,"04/13/2042",,"true","POINT (-124.22295 43.36698)"
"Coddington Place","Coddington Place","CONFIDENTIAL","Coos Bay","97420","Coos","Single Site","Active","4","5","9","Multi-Family Residential Rental","2006",,"NeighborWorks Umpqua",,"Neighborworks Umpqua (Umpqua CDC)",,"10",,"2",,,,,"4","6",,"0",,,"10",,,,"-",,"01/30/2006",,,"01/01/2048",,,"01/30/2046",,,"01/30/2046",,,"01/01/2048",,"true",
"Seacrest Apartments","Seacrest Apartments","225 9th Street SE","Bandon","97411","Coos","Single Site","Active","4","1","1","Elderly Apartments","2010",,"Northwest Real Estate Capital Corp",,"Seacrest Affordable Housing Preservation, LP",,"20","20","2",,,"0",,"16","4","0","0",,,,"20",,,"-",,"06/15/2010",,,,,,,,,"12/31/2041",,"2039 Nov 23 12:00:00 AM","12/31/2041",,"true","POINT (-124.4122 43.11511)"
"Myrtle Wood Place","Myrtle Wood Place","CONFIDENTIAL","Myrtle Point","97458","Coos","Single Site","Active","4","1","1","Multi-Family Residential Rental",,,"NeighborWorks Umpqua",,"Neighborworks Umpqua (Umpqua CDC)","Non-Profit","4",,"0",,,,,"4",,,"0",,,"4",,,,"-",,"02/12/2004",,,,,,"02/12/2029",,,"12/02/2029",,,"12/02/2029",,"true",
"Harvard Street Phase II","Harvard Street Phase II","1592 Harvard Street","Bandon","97411","Coos","Single Site","Active","4","1","1","Multi-Family Residential Rental","1995",,"Widmyer Corporation",,"Harvard Street Investors, LLC",,"36",,"0",,"0",,,"12","16","8","0","0","0","0","0","0","0","0",,"12/28/1995",,"02/14/2046",,,,,,,,,,"02/14/2046",,"true","POINT (-124.40532 43.10635)"
"Lakeview Village","Lakeview Village","1741 Newmark","Coos Bay","97420","Coos","Single Site","Active","4","5","9","Multi-Family Residential Rental","1980",,"Bay Area First Step Inc.",,"Bay Area First Step Inc.","Non-Profit","16",,"4",,,"8","8","0","8","0","0","8","8",,,,,"-",,"03/12/2001",,,"12/20/2034","01/01/2016",,"03/12/2031",,,"05/29/2033",,,"12/20/2034",,"true","POINT (-124.2576 43.39167)"
"Hillside Terrace","Hillside Terrace","1201 Shelley Road","Coquille","97423-2035","Coos","Single Site","Active","4","1","1","Multi-Family Residential Rental","1980",,"NeighborWorks Umpqua","Neighborworks Umpqua","Neighborworks Umpqua (Umpqua CDC)","Non-Profit","39","20","2",,"0","0",,"7","10","3","0","0","0","33","6","0","0","0",,"09/23/2005",,"01/01/2057",,,,"09/23/2040",,,"08/10/2041","12/31/2035","2035 Dec 16 12:00:00 AM","01/01/2057","Housing Assistance Payment","true","POINT (-124.17473 43.1761)"
"Hotel North Bend","Hotel North Bend","768 Virginia Ave","North Bend","97459","Coos","Single Site","Active","4","5","9","Multi-Family Residential Rental","2009",,"NeighborWorks Umpqua",,"North Bend Hotel Apartments LP","Non-Profit","33","8","4",,,"24","24","8","1","0","0","1","3","28",,,,"-",,"12/19/2007",,"01/01/2045",,"06/03/2030",,"12/19/2042",,,"09/30/2050","09/30/2040",,"09/30/2050","Rental Assistance Contract","true","POINT (-124.2244 43.40661)"
"Lake Empire Apartments","Lake Empire Apartments","1660 Newmark Avenue","Coos Bay","97420","Coos","Single Site","Active","4","5","9","Multi-Family Residential Rental","2007",,"Northwest Real Estate Capital Corp",,"Northwest Lake Empire LLC","For-Profit","28","28","2",,"0","0",,"0","18","10","0","0","0","0","28","0","0","0",,"09/30/2007","01/01/2048",,,"08/04/2028",,,,,"08/15/2039","09/30/2027",,"01/01/2048","Housing Assistance Payment","true","POINT (-124.25911 43.39168)"
"Pacific Pines","Pacific Pines","859 SE Chicago Street","Bandon","97411","Coos","Single Site","Active","4","1","1","Elderly Apartments","1995",,"Cascade Management, Inc. (Portland)",,"Pacific Pines Associates, a Washington LP",,"31","27","2",,,,,"27","4",,"0",,,,"30",,,"-",,"05/12/1995",,"01/01/2046",,,,,,,,,"2045 May 02 12:00:00 AM","01/01/2046",,"true","POINT (-124.41198 43.11589)"
"HARVARD ST I & II",,"1412 HARVARD ST","BANDON","97411","COOS","Single Site","Active","4","1","1","Multi-Family Residential Rental",,,"HARVARD STREET LP",,"Wishrock & Ray, LLC",,"30",,,,"0","0",,"18","40","8","0","0","0","0","0","0","0","0",,,,"09/14/2045",,,,"09/14/2045",,,,,,"09/14/2045",,"false","POINT (-124.40604 43.10992)"
"VILLAGE VIEW",,"2181 HAMILTON ST","NORTH BEND","97459","COOS","Single Site","Active","4","5","9","Multi-Family Residential Rental",,,"COLUMBIACARE SERVICES INC.",,,,"18",,,,,,,,,,,"-","-","-","-","-","-","-",,,,,,,,,,,,,,,,"false","POINT (-124.22934 43.40488)"
"Cedar Grove Apartments","Cedar Grove Apartments","2090 INLAND DR","NORTH BEND","97459","COOS","Scattered","Active","4","5","9","Multi-Family Residential Rental","2010",,"Lovelace Properties LLC",,"Cedar Grove North Bend LLC","For-Profit","42","42","2",,"2","0",,"14","24","4","0","0","0","0","27","14","0","0",,"12/15/2009",,,"01/12/2061","11/01/2030",,,,,"12/15/2059","07/31/2030",,"01/12/2061","Housing Assistance Payment","true","POINT (-124.2403 43.38926)"
"Bay Bridge","Bay Bridge","183 NORMAN AVE","COOS BAY","97420","COOS","Scattered","Active","4","5","9","Disabled","1994",,"Grand Management Services, Inc.",,"Specialized Housing VIII, Inc.","Non-Profit","21","21",,,,"0",,"21","0","0","0",,,"21",,,,"-",,"05/20/1993",,,,,,"05/20/2033",,,,"06/30/2024",,"05/20/2033","Project Rental Assistance Contract","true","POINT (-124.26074 43.39022)"
"Housing Authority Units: Myrtle Point",,"Scattered Sites","MYRTLE POINT","97458","COOS","Scattered","Active","4","1","1","Multi-Family Residential Rental",,,,,,,"6","0","0",,"0",,,,,,,"-","-","-","-","-","-","-",,,,,,,,,,,,,,,,"false",
"STAR OF HOPE",,"1645 MONROE ST","NORTH BEND","97459","COOS","Single Site","Active","4","5","9","Multi-Family Residential Rental",,,"GRAND MANAGEMENT SERVICES",,"Star of Hope Housing Services, Inc.","Non-Profit","8","5",,,,"3",,"2","0","0","0","-","-","-","-","-","-","-",,,,,,,,,,,,,,,,"false","POINT (-124.22818 43.4113)"
"POWERS HOUSING DEVELOPMENT",,"270 N 2ND AVE","POWERS","97466","COOS","Single Site","Active","4","1","1","Multi-Family Residential Rental",,,"COOS CURRY HOUSING AUTHORITY",,"Powers Housing Development","Non-Profit","26","26",,,,"0",,"24","2","0","0","-","-","-","-","-","-","-",,,,,,,,,,,,"04/30/2039",,"04/30/2039","Housing Assistance Payment","false","POINT (-124.07193 42.8789)"
"Housing Authority Units: Coquille",,"Scattered Sites","COQUILLE","97423","COOS","Scattered","Active","4","1","1","Multi-Family Residential Rental",,,,,,,"22","0","0",,"0",,,,,,,"-","-","-","-","-","-","-",,,,,,,,,,,,,,,,"false",
"FIRCREST APARTMENTS",,"1140 19TH ST","MYRTLE POINT","97458","COOS","Single Site","Active","4","1","1","Multi-Family Residential Rental",,,"GRAND MANAGEMENT SERVICES",,"NorPak Ltd","For-Profit","20","20","0",,,"0",,"5","14","1","0","-","-","-","-","-","-","-",,,,,,,,,,,,"12/31/2027","2039 Aug 20 12:00:00 AM","08/20/2039","Housing Assistance Payment","false","POINT (-124.1278 43.05857)"
"Housing Authority Units: Coos Bay",,"Scattered Sites","COOS BAY","97420","COOS","Scattered","Active","4","5","9","Multi-Family Residential Rental",,,,,,,"14","0","0",,"0",,,,,,,"-","-","-","-","-","-","-",,,,,,,,,,,,,,,,"false",
"BAY I",,"1123 ANDERSON AVE","COOS BAY","97420","COOS","Single Site","Active","4","5","9","Multi-Family Residential Rental",,,"COLUMBIACARE SERVICES INC.",,,,"15",,,,,,,,,,,"-","-","-","-","-","-","-",,,,,,,,,,,,,,,,"false","POINT (-124.22389 43.36697)"
"AIRPORT HEIGHTS",,"2630 11TH ST","NORTH BEND","97459","COOS","Single Site","Active","4","5","9","Multi-Family Residential Rental",,,,,,,"9",,,,,,,,,,,"-","-","-","-","-","-","-",,,,,,,,,,,,,,,,"false","POINT (-124.24784 43.40522)"
"WOODLAND",,"245 S SCHONEMAN AVE","COOS BAY","97420","COOS","Single Site","Active","4","5","9","Multi-Family Residential Rental",,,"COOS CURRY HOUSING AUTHORITY",,"WOODLAND APTS. PRESERVATION INC.","Non-Profit","72","72",,,,"0",,"16","32","16","8","-","-","-","-","-","-","-",,,,,,,,,,,,"09/30/2033",,"09/30/2033","Housing Assistance Payment","false","POINT (-124.26844 43.38957)"
"PINE VILLAGE",,"525 9TH ST SW","BANDON","97411","COOS","Single Site","Active","4","1","1","Multi-Family Residential Rental",,,"GRAND MANAGEMENT SERVICES",,"Pine Village LLC","Limited Dividend","30","30",,,,"10",,"20","0","0","0","-","-","-","-","-","-","-",,,,,,,,,,,,"04/30/2025",,"04/30/2025","Housing Assistance Payment","false","POINT (-124.42051 43.11513)"
"HAMILTON COURT",,"1700 HAMILTON CT","NORTH BEND","97459","COOS","Single Site","Active","4","5","9","Multi-Family Residential Rental",,,,,,,"50",,,,,,,,,,,"-","-","-","-","-","-","-",,,,,,,,,,,,,,,,"false","POINT (-124.2293 43.41033)"
"Ochoco School Crossing","Ochoco School Crossing","440 NW Madras Hwy","Prineville","97754","Crook","Single Site","Active","2","30","59","Multi-Family Residential Rental","2018","2,018","EPIC Property Management, LLC","Housing Works","Ochoco School Housing LLC","Housing Authority","29","9","4","29","9","22","2","8","17","2","0","0","0","29","0","0","0","0","18/10/2017","09/28/2018",,"06/30/2078","03/19/2079",,,,,,,,,"03/19/2079",,"true","POINT (-120.85989 44.30435)"
"Barnes Butte Vista","Barnes Butte Vista","1050 NE Peters Road","Prineville","97754","Crook","Scattered","Active","0","0","0","Multi-Family Residential Rental","2022",,"EPIC Property Management, LLC","Housing Works","Barnes Butte Vista LLC",,"44","8",,"44",,,,,"18","26","0",,,,"44",,,,"31/03/2021","03/31/2021","12/31/2053",,,,,,"12/31/2052",,"12/31/2052",,,"12/31/2053",,"true","POINT (-120.83356 44.31956)"
"Ridgeview Commons","Ridgeview Commons","401 NE Ridgeview Court","Prineville","97754","Crook","Single Site","Active","2","30","59","Multi-Family Residential Rental","2003",,"Widmyer Corporation",,"WSR LLC",,"40",,"2",,,"0",,"6","16","16","2","3",,"29","8",,,"-",,"01/21/2002",,"01/01/2038",,"11/19/2023",,"01/21/2037",,,,,,"01/01/2038",,"true","POINT (-120.81965 44.30432)"
"Prairie House","Prairie House","115 Deer Street","Prineville","97754","Crook","Single Site","Active","2","30","59","Multi-Family Residential Rental","2006",,"EPIC Property Management, LLC",,"Housing Works","Housing Authority","8",,"4",,,,,"7","1",,"0",,,"8",,,,"-",,"08/11/2004",,,"10/05/2036",,,"08/11/2034",,,"08/11/2034",,,"10/05/2036",,"true","POINT (-120.85074 44.30119)"
"Carriage Place (ALF)","Carriage Place (ALF)","150 S Williamson Drive","Prineville","97754","Crook","Single Site","Active","2","30","59","Assisted Living (ALF)",,,"Caring Places Management LLC",,"Carriage Place Propco LLC",,"30","6","0",,,,"26","4",,,"0",,,"6",,,,,,,,,,,,,,,"03/15/2031",,,"03/15/2031",,"true","POINT (-120.81382 44.30164)"
"DESERT GARDENS",,"705 NW 10TH ST","PRINEVILLE","97754","CROOK","Single Site","Active","2","30","59","Multi-Family Residential Rental",,,"GRAND MANAGEMENT SERVICES",,,,"35","31","2",,,"0",,"36","0","0","0","-","-","-","-","-","-","-",,,,,,,,,,,,,"2041 Dec 28 12:00:00 AM","12/28/2041",,"false","POINT (-120.85455 44.30947)"
"OCHOCO MANOR",,"601 NW DEER ST","PRINEVILLE","97754","CROOK","Single Site","Active","2","30","59","Multi-Family Residential Rental",,,"NORTHWEST REAL ESTATE CAPITAL CORP",,"ND Manor, LLC","For-Profit","28","28",,,,"12",,"16","0","0","0","-","-","-","-","-","-","-",,,,,,,,,,,,"09/30/2025",,"09/30/2025","Housing Assistance Payment","false","POINT (-120.85074 44.30573)"
"IRON HORSE LODGE",,"(UNKNOWN)","PRINEVILLE","97754","CROOK","Single Site","Active","2","30","59","Multi-Family Residential Rental",,,,,"Pacific Crest Affordable Housing",,"26",,"2",,"0",,,,,,,"0","7","7","12","0","0","0",,,,"05/13/2076","07/01/2077",,,,,,,,,"07/01/2077",,"false",
"Riverside Apartments - Chennai Landing","Riverside Apartments","611 S MAIN ST","PRINEVILLE","97754","CROOK","Scattered","Active","2","30","59","Multi-Family Residential Rental","1997",,"EPIC Property Management, LLC",,"RC Housing LLC",,"41",,"4",,"0",,,"32","14","18","0","0","0","49","15","0","0","0",,"11/08/1995",,"01/01/2051","02/15/2052",,,"11/08/2050",,,"01/01/2051",,,"02/15/2052",,"true","POINT (-120.8471 44.29667)"
"Fenner Apartments","Fenner Apartments_2","29830 Hillcrest St","Gold Beach","97444","Curry","Scattered","In Development","0","0","0","Multi-Family Residential Rental",,,,,,,"48","48","0","21","0",,,,,,"0",,,,,,,,"26/09/2024",,,,,,,,,,,,,,,"true","POINT (-124.42167 42.41701)"
"Heron Ridge Apts","Heron Ridge Apts","521 Fir Street","Brookings","97415","Curry","Single Site","Active","4","1","1","Multi-Family Residential Rental","2007",,"Cascade Management, Inc. (Portland)",,"Darwin Brookings Associates LP",,"36","35","3",,"0","0",,"8","12","16","0","0","0","0","35","0","0","1",,"04/27/2006",,"01/01/2058","09/08/2058",,,,,,"04/27/2056",,"2036 Dec 21 12:00:00 AM","09/08/2058",,"true","POINT (-124.27846 42.05574)"
"Hammond House","Hammond House","29833 Airport Way","Gold Beach","97444","Curry","Single Site","Active","4","1","1","Disabled Apartments","1998",,"Adapt",,"Adapt","Non-Profit","8",,,,,,"1","4","3",,"0",,,"8",,,,"-",,"11/17/1998",,,"11/14/2030",,,"03/01/2029",,,,,,"11/14/2030",,"true","POINT (-124.42313 42.41705)"
"Cedar Pointe Cottages","Cedar Pointe Cottages","CONFIDENTIAL","Port Orford","97465","Curry","Single Site","Active","4","1","1","Multi-Family Residential Rental","1999",,"Grand Management Services, Inc.",,"Fire Runner, LLC",,"10",,,,,,,,"2","8","0",,,"10",,,,"-",,"06/15/1998",,,"02/25/2041","08/18/2019",,"06/15/2039",,,,,,"02/25/2041",,"true",
"Fenner Apartments","Fenner Apartments_1","94141 Caughell St","Gold Beach","97444","Curry","Scattered","In Development","0","0","0","Multi-Family Residential Rental",,,,,,,"48","48","0","21","0",,,,,,"0",,,,,,,,"26/09/2024",,,,,,,,,,,,,,,"true","POINT (-124.42225 42.41627)"
"Gold Coast Apartments","Gold Coast Apartments","29721-29723 Hillcrest","PORT ORFORD","97465","CURRY","Scattered","Active","4","1","1","Multi-Family Residential Rental","2007",,"Grand Management Services, Inc.",,"Fire Runner, LLC",,"8",,"2",,"0",,,"4","4",,"0","0","0","2","6","0","0","0",,"11/15/2007",,,"08/31/2048",,,"11/15/2047",,,"07/09/2049",,,"07/09/2049",,"true",
"JERSTAD MANOR",,"96 PARK AVE","BROOKINGS","97415","CURRY","Single Site","Active","4","1","1","Multi-Family Residential Rental",,,"THE EVANGELICAL LUTHERAN GOOD SAMARITAN SOCIETY",,"Brookings Good Samaritan Housing, Inc.","Non-Profit","24","24",,,,"0",,"24","0","0","0","-","-","-","-","-","-","-",,,,,,,,,,,,"11/30/2025",,"11/30/2025","Project Rental Assistance Contract","false","POINT (-124.28303 42.05309)"
"PELICANS PERCH",,"1216 MOORE ST","BROOKINGS","97415","CURRY","Single Site","Active","4","1","1","Multi-Family Residential Rental",,,"TIMBER RIVER/SHELTER RESOURCES",,"TimberRiver Development, Inc & Lovelace Construction",,"24",,"2",,"0","0",,"22","2","0","0","2","3","5","14","0","0","1",,,,"01/01/2051","08/02/2052","09/18/2022",,"08/18/2050",,,"12/31/2025",,,"08/02/2052",,"false","POINT (-124.2962 42.05523)"
"HILLCREST",,"29841 HILLCREST ST","GOLD BEACH","97444","CURRY","Single Site","Active","4","1","1","Multi-Family Residential Rental",,,"COLUMBIACARE SERVICES INC.",,,,"2",,,,,,,,,,,"-","-","-","-","-","-","-",,,,,,,,,,,,,,,,"false","POINT (-124.42147 42.41744)"
"GOLD BEACH BUNGALOWS",,"29413 RUSSELL ST","GOLD BEACH","97444","CURRY","Single Site","Active","4","1","1","Multi-Family Residential Rental",,,"COLUMBIACARE SERVICES INC.",,,,"2",,,,,,,,,,,"-","-","-","-","-","-","-",,,,,,,,,,,,,,,,"false","POINT (-124.41941 42.40592)"
"PORT ORFORD APTS",,"1250 ARIZONA ST","PORT ORFORD","97465","CURRY","Single Site","Active","4","1","1","Multi-Family Residential Rental",,,"GRAND MANAGEMENT SERVICES",,,,"14","11","0",,,"0",,"4","10","0","0","-","-","-","-","-","-","-",,,,,,,,,,,,,"2025 Apr 10 12:00:00 AM","04/10/2025",,"false","POINT (-124.5004 42.74848)"
"PACIFIC VIEW GARDENS II",,"1235 MOORE ST","BROOKINGS","97415","CURRY","Single Site","Active","4","1","1","Multi-Family Residential Rental",,,"GRAND MANAGEMENT SERVICES",,,,"19","15","2",,,,,,,,,"-","-","-","-","-","-","-",,,,,,,,,,,,,"2037 Dec 26 12:00:00 AM","12/26/2037",,"false","POINT (-124.29787 42.05522)"
"LAKESIDE GARDEN APT",,"1534 ARIZONA ST","PORT ORFORD","97465","CURRY","Single Site","Active","4","1","1","Multi-Family Residential Rental",,,"GRAND MANAGEMENT SERVICES",,"Dwight & Winnie Sullivan","For-Profit","12","8","1",,,"0",,"0","7","1","0","-","-","-","-","-","-","-",,,,,,,,,,,,"12/31/2023","2030 Jun 25 12:00:00 AM","06/25/2030","Housing Assistance Payment","false","POINT (-124.5005 42.75073)"
"SHOREVIEW GARDENS",,"520 11TH ST","GOLD BEACH","97444","CURRY","Single Site","Active","4","1","1","Multi-Family Residential Rental",,,"GRAND MANAGEMENT SERVICES",,,,"9","8","0",,,,,,,,,"-","-","-","-","-","-","-",,,,,,,,,,,,,"2029 Sep 28 12:00:00 AM","09/28/2029",,"false",
"OCEAN WINDS",,"6577 LUCKY LN","BROOKINGS","97415","CURRY","Single Site","Active","4","1","1","Multi-Family Residential Rental",,,,,"Lovelace, William (Lovelace Development, LLC)",,"40","39","2",,"0",,,,,,,"0","0","3","0","36","0","0",,,,"01/01/2064","04/01/2064",,"12/19/2062",,,,,,"2044 Sep 23 12:00:00 AM","04/01/2064",,"false","POINT (-124.29229 42.05652)"
"GOLD BEACH SENIOR APTS",,"HILLCREST & MARY ST","GOLD BEACH","97444","CURRY","Single Site","Active","4","1","1","Multi-Family Residential Rental",,,"GRAND MANAGEMENT SERVICES",,,,"9","9","0",,,,,,,,,"-","-","-","-","-","-","-",,,,,,,,,,,,,"2043 May 26 12:00:00 AM","05/26/2043",,"false",
"PACIFIC VIEW I",,"1223 MOORE ST","BROOKINGS","97415","CURRY","Single Site","Active","4","1","1","Multi-Family Residential Rental",,,"GRAND MANAGEMENT SERVICES",,,,"16","15","1",,,"0",,"12","4","0","0","-","-","-","-","-","-","-",,,,,,,,,,,,,"2034 May 06 12:00:00 AM","05/06/2034",,"false","POINT (-124.29723 42.05522)"
"GOLD BEACH I",,"94141 CAUGHELL ST","GOLD BEACH","97444","CURRY","Single Site","Active","4","1","1","Multi-Family Residential Rental",,,"GRAND MANAGEMENT SERVICES",,,,"20","18","0",,,"0",,"4","16","0","0","-","-","-","-","-","-","-",,,,,,,,,,,,,,,,"false","POINT (-124.42225 42.41627)"
"Housing Authority Units: Port Orford",,"Scattered Sites","PORT ORFORD","97465","CURRY","Scattered","Active","4","1","1","Multi-Family Residential Rental",,,,,,,"10","0","0",,"0",,,,,,,"-","-","-","-","-","-","-",,,,,,,,,,,,,,,,"false",
"MAPLE LEAF",,"410 MAPLE ST","BROOKINGS","97415","CURRY","Single Site","Active","4","1","1","Multi-Family Residential Rental",,,"COLUMBIACARE SERVICES INC.",,,,"5",,,,,,,,,,,"-","-","-","-","-","-","-",,,,,,,,,,,,,,,,"false","POINT (-124.27639 42.05014)"
"AZALEA REACH APTS",,"650 OLD COUNTY RD","BROOKINGS","97415","CURRY","Single Site","Active","4","1","1","Multi-Family Residential Rental",,,"SHELTER RESOURCES INC",,"Shelter Resources & Lovelace Construction",,"40",,,,,"0",,"8","12","12","8","-","-","-","-","-","-","-",,,,"01/01/2049","03/12/2051",,,"05/05/2048",,,,,,"03/12/2051",,"false","POINT (-124.27614 42.05917)"
"Midtown Place","Midtown Place","736 NW 5th St","Redmond","97756","Deschutes","Scattered","Active","5","30","59","Multi-Family Residential Rental","2022",,"EPIC Property Management, LLC","Housing Works","Midtown Place LLC",,"47","8","3","47","0",,,"2","41","4","0","8","0","0","39","0","0","0","17/09/2020","02/14/2022","12/31/2052",,,"01/01/2039",,,,,"02/14/2032",,,"12/31/2052",,"true","POINT (-121.17324 44.28259)"
"Eastlake Village","Eastlake Village","675 NE Bellevue Drive","Bend","97701","Deschutes","Single Site","Active","5","27","54","Multi-Family Residential Rental","2002",,"EPIC Property Management, LLC",,"EV Housing LLC",,"56","0",,,,"0",,"0","28","28","0","4","10","22","20",,,"-",,"07/19/2002",,"01/01/2063",,"06/11/2023",,,,,,,,"01/01/2063",,"true","POINT (-121.26257 44.05776)"
"Redmond Landing","Redmond Landing","Approx. 1850 SW Umatilla Ave","Redmond","97756-1298","Deschutes","Single Site","In Development","0","0","0","Multi-Family Residential Rental",,,,"MacDonald Ladd Development LLC",,,"156","0","0","0","0",,,,,,"0",,,,,,,,"19/09/2024",,,,,,,,,,,,,,,"true","POINT (-121.18828 44.25117)"
"Discovery Park Lodge","Discovery Park Lodge","2868  Northwest Crossing Drive","Bend","97701","Deschutes","Single Site","Active","5","27","54","Elderly Apartments","2009",,"Pinehurst Management, LLC",,"Discovery Park Lodge Limited Partnership",,"53",,"5",,"0","0",,"42","11","0","0","0","0","53","0","0","0","0",,"12/16/2009",,"12/31/2069","11/22/2060","08/31/2030",,,,,"02/11/2068",,,"12/31/2069",,"true","POINT (-121.359 44.0589)"
"Bluffs Apartments, The","Bluffs Apartments, The","340 SW Rimrock Way","Redmond","97756-7601","Deschutes","Single Site","Active","5","27","53","Multi-Family Residential Rental","2000",,"Guardian Real Estate Services, LLC","Wishrock & Ray LLC","Bluffs Wishrock LLC, The","For-Profit","96","0","0","0",,"18","18","43","27","8","0",,,,"96",,,"-","31/05/2024","01/07/1999","12/31/2033",,,,,,,,,,,"12/31/2033",,"true","POINT (-121.18926 44.27461)"
"Canal Commons 2","Canal Commons 2-Site B","21187 Thornhill lane","Bend","97701","Deschutes","Scattered","Active","0","0","0","Multi-Family Residential Rental","2023",,"Pinehurst Management, LLC","Pacific Crest Affordable Housing","Canal Commons Two LLC",,"12","0","3","12",,,,"18","22","8","0",,,"48",,,,,"29/07/2021","07/14/2022",,"12/31/2082",,"08/15/2043","12/31/2082",,,,"12/31/2033",,,"12/31/2082",,"true","POINT (-121.26418 44.08673)"
"Canal Commons 2","Canal Commons 2-Site A","21206 Thornhill Lane","Bend","97701","Deschutes","Scattered","Active","0","0","0","Multi-Family Residential Rental","2023",,"Pinehurst Management, LLC","Pacific Crest Affordable Housing","Canal Commons Two LLC",,"36","0","3","36",,,,"18","22","8","0",,,"48",,,,,"29/07/2021","07/14/2022",,"12/31/2082",,"08/15/2043","12/31/2082",,,,"12/31/2033",,,"12/31/2082",,"true","POINT (-121.26396 44.08778)"
"Independence Place","Independence Place","1251 SW 27th Street","Redmond","97756","Deschutes","Single Site","Active","5","27","53","Multi-Family Residential Rental",,,"EPIC Property Management, LLC",,"Housing Works","Housing Authority","2",,"0",,"2",,,,,"2","0","0","2","0","0","0","0","0",,"09/23/2011",,,,,"02/28/2042",,,,,,,"02/28/2042",,"true","POINT (-121.19998 44.26479)"
"Ridgemont Apartments","Ridgemont Apartments","2210 SW 19th Street","Redmond","97756","Deschutes","Single Site","Active","5","27","53","Multi-Family Residential Rental","2007",,"Viridian Management, Inc","Chrisman Development","Ridgemont Apartments, Limited Partnership",,"46","45","0","0","0","0",,"18","28","0","0","0","0","45","0","0","0","0",,"06/01/2007","01/01/2037",,,"03/16/2037",,"06/27/2037",,,"05/15/2039",,,"05/15/2039",,"true","POINT (-121.18903 44.25547)"
"Kearney 2","Kearney 2","655 NE Kearney Avenue","Bend","97701","Deschutes","Single Site","Active","5","27","53","Disabled Apartments",,,"Cascade Community Development",,"Cascade Community Development","Non-Profit","6",,"3",,"6",,"6",,,,"0","0","5","1","0","0","0","0",,"02/23/2011",,,,,,"02/23/2041",,,,,,"02/23/2041",,"true","POINT (-121.29601 44.06097)"
"Horizon House","Horizon House","1875 NE Purcell Boulevard","Bend","97701","Deschutes","Single Site","Active","5","27","54","Disabled Apartments","2005",,"EPIC Property Management, LLC",,"Housing Works","Housing Authority","14",,"2",,,,,"13","1",,"0",,,"14",,,,"-",,"08/26/2002",,,"10/25/2035",,,"08/26/2032",,,,,,"10/25/2035",,"true","POINT (-121.27562 44.06964)"
"Putnam Pointe (aka Lava Court)","Putnam Pointe (aka Lava Court)","750 NW Lava Road","Bend","97701","Deschutes","Single Site","Active","5","27","54","Multi-Family Residential Rental","2009",,"EPIC Property Management, LLC",,"Lava Court, LLC",,"33",,"33",,,"0",,"27","6","0","0",,,"33",,,,"-",,"04/30/2009",,"01/01/2069","02/10/2070","08/25/2029",,,,,"04/30/2049",,,"02/10/2070",,"true","POINT (-121.31085 44.05806)"
"College View Apartments","College View Apartments","19755 Simpson Ave","Bend","97702","Deschutes","Single Site","In Development","0","0","0","Multi-Family Residential Rental",,,,"Housing Works",,,"59","8","5","19","0",,,,,,"0",,,,,,,,"06/06/2024",,,,,,,,,,,,,,,"true","POINT (-121.33772 44.04657)"
"Reindeer Meadows Apartments","Reindeer Meadows Apartments","1601 SW Reindeer Avenue","Redmond","97756","Deschutes","Single Site","Active","5","27","53","Elderly Apartments","2014",,"EPIC Property Management, LLC",,"Reindeer Housing LLC",,"50",,,,"0",,,"41","9",,"0","0","0","50","0","0","0","0",,"02/23/1994",,"01/01/2051",,,,"01/01/2051",,,"01/01/2051",,,"01/01/2051",,"true","POINT (-121.1854 44.25682)"
"High Desert Commons","High Desert Commons","2195 SW Canal Blvd","Redmond","97756","Deschutes","Single Site","Active","5","27","53","Multi-Family Residential Rental","2012",,"Cascade Management, Inc. (Portland)",,"High Desert Lodge Associates, a WA LP",,"28","15","2",,"0",,,,"17","11","0","0","27","0","0","0","0","0",,"02/22/2012",,"12/31/2063","01/22/2063",,"12/31/2063",,,,,,"2044 May 26 12:00:00 AM","12/31/2063",,"true","POINT (-121.18515 44.25534)"
"Stillwater Crossing Apartments","Stillwater Crossing Apartments","60885 S Hwy 97","Bend",,"Deschutes","Scattered","Active","5","27","54","Multi-Family Residential Rental","2022",,"Guardian Management, LLC","Wishcamper Development Partners LLC","Stillwater Housing Associates Limited Partnership",,"240","0","12","80","0",,,"41","170","29","0","0","0","0","240","0","0","0","24/09/2020","02/07/2022","10/31/2053",,,,"12/31/2083",,,,"12/31/2052",,,"12/31/2083",,"true","POINT (-121.3222 44.01044)"
"Little Deschutes Lodge II","Little Deschutes Lodge II","51745 Little Deschutes Lane","La Pine","97739","Deschutes","Single Site","Active","2","28","55","Elderly Apartments","2013",,"Pinehurst Management, LLC",,"Little Deschutes Lodge 2, LLC",,"26",,"0",,"0",,,"22","4",,"0","0","7","7","12","0","0","0",,"03/21/2013",,"01/01/2074",,"11/25/2033",,"07/01/2073",,,,,,"01/01/2074",,"true","POINT (-121.50217 43.67987)"
"Emmas Place","Emmas Place","335 NE Quimby Avenue","Bend","97701","Deschutes","Single Site","Active",,,,"Disabled Apartments","1999",,"EPIC Property Management, LLC",,"Housing Works","Housing Authority","11",,,,,,,"10","1",,"0",,,"11",,,,"-",,"12/18/1998",,,"11/13/2030",,,"12/18/2028",,,,,,"11/13/2030",,"true","POINT (-121.30157 44.06664)"
"Little Deschutes Lodge","Little Deschutes Lodge","51725 Little Deschutes Lane","La Pine","97739","Deschutes","Single Site","Active","2","28","55","Elderly Apartments","2009",,"Pinehurst Management, LLC",,"Little Deschutes Lodge LP",,"26",,"2",,"0","0",,"22","4","0","0","7","7","12","0","0","0","0",,"01/28/2010",,"01/01/2071","04/15/2071","03/15/2031",,"02/12/2069",,,"01/01/2072",,,"01/01/2072",,"true","POINT (-121.50229 43.6792)"
"Cedarwest Apartments","Cedarwest Apartments","825 Watt Way","Bend","97701","Deschutes","Single Site","Active","5","27","54","Multi-Family Residential Rental","1998",,"Security Properties Residential","Vital Housing LLC","Cedarwest Bend LLC","For-Profit","121","0",,,,,"1","28","67","24","0",,,,"100",,,"-",,"08/19/1998","01/01/2028",,,,,,,,,,,"01/01/2028",,"true","POINT (-121.26762 44.05887)"
"Brookside Place (fka Brookside House (ALF)","Brookside Place (fka Brookside House (ALF)","3550 Canal Street","Redmond","97756","Deschutes","Single Site","Active","5","27","53","Assisted Living (ALF)",,,"Concepts in Community Living, Inc.",,"Redmond ALF, LLC",,"37","8",,,,,"29","8",,,"0",,,"8",,,,,,,,,,,,,,,"02/15/2030",,,"02/15/2030",,"true",
"Putnam Lofts","Putnam Lofts","750 NW Lava Road","Bend","97701","Deschutes","Single Site","Active","5","27","54","Multi-Family Residential Rental","2010",,"EPIC Property Management, LLC",,"Putnam Lofts LLC",,"10",,"10",,"0","0",,"9","1","0","0","0","0","10","0","0","0","0",,"09/01/2010",,"01/01/2071",,"05/03/2026",,,,,,,,"01/01/2071",,"true","POINT (-121.31085 44.05806)"
"Bend Recovery Home Centennial Complex","Bend Recovery Home Centennial Complex","682 SE Centennial","Bend","97709","Deschutes","Single Site","Active","5","27","54","Multi-Family Residential Rental",,"2,016","Bend Recovery Home",,"Bend Recovery Home","Non-Profit","9",,"0",,"0",,,"3",,,"0","0","0","8","0","0","0","0",,"02/23/2016",,,,,"08/22/2076",,,,,,,"08/22/2076",,"true","POINT (-121.2955 44.04481)"
"Centennial Point","Centennial Point","410 SE 6th Street","Bend","97702","Deschutes","Single Site","Active","5","27","54","Multi-Family Residential Rental",,,"EPIC Property Management, LLC",,"Housing Works","Housing Authority","4",,"0",,,,,,"4",,"0",,,"4",,,,"-",,"01/12/2011",,,,,"01/31/2042","01/31/2037",,,"01/12/2041",,,"01/31/2042",,"true","POINT (-121.29674 44.04577)"
"Awbrey Place (ALF)","Awbrey Place (ALF)","2825 NE Neff Rd","Bend","97701","Deschutes","Single Site","Active","5","27","54","Assisted Living (ALF)",,,"Caring Places Management LLC",,"Awbrey Place Propco LLC",,"46","10","0",,,,"38","8",,,"0",,,"10",,,,,,,,,,,,,,,"03/15/2031",,,"03/15/2031",,"true","POINT (-121.26201 44.06527)"
"Bridge Meadows Redmond","Bridge Meadows Redmond","2580-2586 NW Kingwood Avenue","Redmond","97756","Deschutes","Scattered","Active","5","30","59","Multi-Family Residential Rental","2021",,,"Bridge Meadows","Bridge Meadows Redmond Limited Partnership",,"36","8","2","36",,,,"22","4","8","2","4",,"10","22",,,,"31/08/2020","11/16/2021",,"12/31/2081","01/18/2083",,"12/31/2081",,,,"01/18/2053",,,"01/18/2083",,"true","POINT (-121.19738 44.28732)"
"Ariel South Apartments","Ariel South Apartments","1707 SE Tempest Drive","Bend","97701","Deschutes","Scattered","Active","0","0","0","Multi-Family Residential Rental","2005","2,023","EPIC Property Management, LLC","Housing Works","AS Housing LLC",,"96","0",,,"0",,,,"96",,"0",,,"4","92",,,,"27/01/2022","06/30/2005","12/31/2053",,,"08/01/2039",,"01/01/2046",,,"12/31/2053",,,"12/31/2053",,"true","POINT (-121.28055 44.04602)"
"Barbara's Place","Barbara's Place","1881 SW Timber Avenue","Redmond","97756","Deschutes","Single Site","Active",,,,"Multi-Family Residential Rental",,,"EPIC Property Management, LLC",,"Housing Works","Housing Authority","6",,"0",,"6",,,"6",,,"0","0","0","6","0","0","0","0",,"11/06/2009",,,,,,"11/06/2049",,,"12/01/2049",,,"12/01/2049",,"true","POINT (-121.18888 44.25285)"
"Daggett Townhomes","Daggett Townhomes","2097 NE Daggett Lane","Bend","97701","Deschutes","Single Site","Active","5","27","54","Multi-Family Residential Rental","2017",,"EPIC Property Management, LLC",,"Daggett Townhomes LLC","Housing Authority","24","8","2","2","0","0",,"0","10","14","0","0","4","49","0","0","0","0","09/08/2016","08/01/2016","07/31/2048",,,"11/01/2033","07/31/2078",,,,"07/31/2077",,,"07/31/2078",,"true","POINT (-121.27567 44.07104)"
"Norton Avenue Apartments","Norton Avenue Apartments","415 Norton Avenue","Bend","97701","Deschutes","Single Site","Active","5","27","53","Multi-Family Residential Rental","2001",,"Cascade Community Development",,"Cascade Community Development","Non-Profit","10",,"2",,,,"6","4",,,"0",,,"10",,,,"-",,"06/15/2001",,,"07/16/2033",,,"06/15/2041",,,,,,"06/15/2041",,"true","POINT (-121.30023 44.06397)"
"Moonlight Townhomes","Moonlight Townhomes","2140 NE Moonlight Drve","Bend","97701","Deschutes","Single Site","Active","5","27","54","Multi-Family Residential Rental","2017",,"EPIC Property Management, LLC","Housing Works","Moonlight Townhomes LLC","Housing Authority","29","11","2","2","0","0",,"0","16","13","0","0","0","0","29","0","0","0","09/08/2016","08/01/2016","07/31/2048",,,"06/01/2033","07/31/2078",,,,"07/31/2077",,,"07/31/2078",,"true","POINT (-121.27425 44.07111)"
"PILOT BUTTE RETIREMENT CENTER I",,"1350 NE 27TH ST","BEND","97701","DESCHUTES","Single Site","Active","5","27","54","Multi-Family Residential Rental",,,"PACIFIC RETIREMENT SERVICE",,"RVM Bend Housing Corp.","Non-Profit","58","58",,,,"0",,"58","0","0","0","-","-","-","-","-","-","-",,,,,,,,,,,,"06/30/2028",,"06/30/2028","Project Rental Assistance Contract","false","POINT (-121.2629 44.06336)"
"Vintage at Bend","Vintage at Bend","611 NE BELLEVUE DR","BEND","97701","DESCHUTES","Scattered","Active","5","27","54","Elderly Apartments","2005","2,022","FPI Management, Inc.","Vintage Housing Development Inc","Vintage at Bend 2 Limited Partnership",,"106","0","6","106",,"0",,"47","59","0","0",,,,"106",,,"-","09/12/2021","01/18/2005","12/31/2053",,,,,,,,"12/31/2053",,,"12/31/2053",,"true","POINT (-121.26315 44.05735)"
"Crest Butte Apartments","Crest Butte Apartments","1695 NE PURCELL BLVD","BEND","97701","DESCHUTES","Scattered","Active","5","27","54","Multi-Family Residential Rental","1978",,"Viridian Management, Inc","Chrisman Development, Inc.","Crest Butte Apartments LLC","For-Profit","52","43","3",,"0","0","1","4","4","0","0","0","0","0","51","0","0","0","26/11/2024","12/08/2008",,,,"12/22/2024",,"12/08/2038",,,"12/31/2040","12/31/2042","2039 Dec 23 12:00:00 AM","12/31/2042","Housing Assistance Payment","true","POINT (-121.27446 44.06696)"
"Canal Commons","Canal Commons","NE BUTLER MARKET RD & NE 27TH ST","BEND","97701","DESCHUTES","Scattered","Active","5","27","54","Multi-Family Residential Rental","2020",,"Pinehurst Management, LLC","Pacific Crest Affordable Housing","Canal Commons Two LLC",,"48","0","3","48","0","0",,"12","28","8","0","4","0","5","47","0","0","0","26/09/2019","09/01/2019",,"12/31/2081","12/07/2081","09/13/2041","12/31/2081",,,"12/31/2051","12/31/2051",,,"12/31/2081",,"true","POINT (-121.30355 44.07919)"
"Mountain Laurel Lodge","Mountain Laurel Lodge","990 SW YATES DR","BEND","97702","DESCHUTES","Scattered","Active","5","27","54","Elderly Apartments","2006",,"Pinehurst Management, LLC",,"Mountain Laurel Lodge Limited Partnership",,"54",,"6",,,"0",,"42","12","0","0",,,"19","35",,,"-",,"10/25/2006",,"01/01/2067","06/22/2067","06/27/2027",,,,,"12/19/2067",,,"12/19/2067",,"true","POINT (-121.33381 44.04106)"
"GREENWOOD MANOR",,"2248 NE 4TH ST","BEND","97701","DESCHUTES","Single Site","Active","5","27","53","Multi-Family Residential Rental",,,"CAMBRIDGE REAL ESTATE SERVICES",,"Greenwood Manor Oregon, Ltd","For-Profit","40","40",,,,"20",,"16","4","0","0","-","-","-","-","-","-","-",,,,,,,,,,,,"03/31/2026",,"03/31/2026","Housing Assistance Payment","false","POINT (-121.30074 44.07198)"
"Legacy Landing (fka Carnelian Place) and Phoenix Crossing","Legacy Landing","2790 NE CONNERS AVE","BEND","97701","DESCHUTES","Scattered","Active","5","27","54","Multi-Family Residential Rental","2021",,"EPIC Property Management, LLC","Housing Works","Conners I Limited Partnership","Housing Authority","47","28","5","47",,"0","20","39","8","0","0","28","0","43","0","0","0","0","29/06/2020","11/05/2021",,"12/31/2081","06/15/2082",,"12/31/2081",,,"12/31/2051","06/15/2032",,,"06/15/2082",,"true","POINT (-121.26251 44.07011)"
"TAMARACK VILLAGE",,"555 N LARCH ST","SISTERS","97759","DESCHUTES","Single Site","Active","5","27","53","Multi-Family Residential Rental",,,"HOUSING WORKS FKA CORHA",,"Housing Works","Housing Authority","33",,"18",,"0","0",,"0","16","17","0","3","4","26","0","0","0","0",,,,"01/01/2064",,"07/29/2024",,,,,,,,"01/01/2064",,"false","POINT (-121.54626 44.2957)"
"Red Canyon Scattered Site","Canyon Edge Apartments","1600 SW REINDEER AVE","REDMOND","97756","DESCHUTES","Scattered","Active","5","27","53","Multi-Family Residential Rental","2020",,"EPIC Property Management, LLC","Housing Works","Housing 4 Need LLC","Housing Authority","67","8","5","28",,"0",,"6","50","10","0","27","0","0","63","0","0","0","04/10/2019","10/01/2019","12/31/2051",,,"07/22/2037",,,"12/31/2050",,"12/31/2050",,,"12/31/2051",,"true","POINT (-121.18557 44.25659)"
"HOUSING OPPORTUNITIES",,"1113 SW VETERANS WAY","REDMOND","97756","DESCHUTES","Single Site","Active","5","27","53","Multi-Family Residential Rental",,,"OPPORTUNITY FOUNDATION OF CENTRAL OREGON",,"HOUSING OPPORTUNITIES, INC.","Non-Profit","8","8",,,,"0",,"4","4","0","0","-","-","-","-","-","-","-",,,,,,,,,,,,"02/28/2027",,"02/28/2027","Housing Assistance Payment","false","POINT (-121.17957 44.26632)"
"BRENTWOOD MANOR",,"1121 SW KALAMA AVE","REDMOND","97756","DESCHUTES","Single Site","Active","5","27","53","Multi-Family Residential Rental",,,"TAYLOR REAL ESTATE & MANAGEMENT, LLC",,"Cook Crossing LLC","Housing Authority","8","8","0",,,"0",,"8","0","0","0","-","-","-","-","-","-","-",,,,"07/31/2077",,"03/29/2038","03/01/2079",,,,,"12/31/2032",,"03/01/2079","Housing Assistance Payment","false","POINT (-121.1799 44.26663)"
"HAVEN HOUSE",,"21051 JUNIPERHAVEN AVE","BEND","97702","DESCHUTES","Single Site","Active","6","11","21","Multi-Family Residential Rental",,,,,,,"1",,,,,,,,,,,"-","-","-","-","-","-","-",,,,,,,,,,,,,,,,"false","POINT (-121.27122 44.03765)"
"SPENCER COURT",,"2445 SW CANAL BLVD","REDMOND","97756","DESCHUTES","Single Site","Active","5","27","53","Multi-Family Residential Rental",,,,,,,"16",,,,,,,,,,,"-","-","-","-","-","-","-",,,,,,,,,,,,,,,,"false","POINT (-121.18804 44.25305)"
"STAFFORD SQUARE II",,"724 NW 4TH ST","REDMOND","97756","DESCHUTES","Single Site","Active","5","30","59","Multi-Family Residential Rental",,,"CASCADE MANAGEMENT CORP.",,"Dominion One, LLC","For-Profit","12","12",,,,"0",,"0","8","4","0","-","-","-","-","-","-","-",,,,,,,,,,,,,,,,"false","POINT (-121.17216 44.28285)"
"Cook Crossing and Brentwood Manor","Cook Crossing","1250 NE VETERANS WAY","REDMOND","97756","DESCHUTES","Scattered","Active","5","27","53","Elderly Apartments","2017",,"EPIC Property Management, LLC",,"Cook Crossing LLC","Housing Authority","48",,"0",,,"0",,"44","11","0","0","0","0","55","0","0","0","0",,"07/25/2016",,"07/31/2077",,"03/29/2038","03/01/2079",,,,,,,"03/01/2079",,"true","POINT (-121.17957 44.26485)"
"HOUSING FOR HEROES PHASE III",,"460 NE DEKALB AVE","BEND","97701","DESCHUTES","Single Site","Active","5","27","54","Multi-Family Residential Rental",,,,,"Central Oregon Veterans Outreach,Inc.",,"4",,"0",,,,,,,,,"-","-","-","-","-","-","-",,,,,,,,"05/31/2037",,,,,,"05/31/2037",,"false","POINT (-121.29943 44.05407)"
"Liberty Lodge","Liberty Lodge","TAX LOT 2 & 3, BLOCK 2","REDMOND","97756","DESCHUTES","Scattered","Active","5","27","53","Multi-Family Residential Rental","2020",,"EPIC Property Management, LLC",,"Housing Impact LLC 2","Housing Authority","8","0","1",,"0","0",,"8","0","0","0","0","0","8","0","0","0","0","13/01/2020","05/06/2020",,,"12/31/2079",,"12/31/2079",,,,"05/06/2030",,,"12/31/2079",,"true",
"Azimuth 315","Azimuth 315","NW LABICHE LN","BEND","97701","DESCHUTES","Scattered","Active","5","27","54","Multi-Family Residential Rental","2018",,"Pinehurst Management, LLC","Pacific Crest Affordable Housing LLC","Azimuth 315 LLC","For-Profit","50","0","3","50","0","0",,"36","14","0","0","0","12","19","19","0","0","0","13/11/2017","01/02/2019",,"12/31/2079","12/31/2069","10/07/2039",,,,,"01/02/2029",,,"12/31/2079",,"true",
"SUMMIT PARK",,"2017 NE FULL MOON DR","BEND","97701","DESCHUTES","Single Site","Active","5","27","54","Multi-Family Residential Rental",,,,,,,"88",,,,,,,,,,,"-","-","-","-","-","-","-",,,,,,,,,,,,,,,,"false","POINT (-121.27439 44.06964)"
"BRIDGE MEADOWS REDMOND",,"2689 NW HEMLOCK AVE","REDMOND","97756","DESCHUTES","Single Site","Active","5","30","59","Multi-Family Residential Rental",,,,,"Bridge Meadows",,"36","8","2",,"36","0",,"22","4","8","2","8","0","11","17","0","0","0",,,,,"12/31/2081",,,,,"12/31/2051",,,,"12/31/2081",,"true","POINT (-121.19859 44.28373)"
"Ariel Glen - Healy Heights Apartments","Healy Heights Apartments","1900 NE BEAR CREEK RD","BEND","97701","DESCHUTES","Scattered","Active","5","27","54","Multi-Family Residential Rental","1995",,"EPIC Property Management, LLC",,"Larkspur Housing, LLC",,"70",,,,,"0",,"4","32","30","4",,,"118","22",,,"-",,"10/26/1994",,"01/01/2045",,,,"01/01/2045",,,,,,"01/01/2045",,"true","POINT (-121.27586 44.05137)"
"Kearney Avenue Apartments","Kearney Avenue Apartments","435 NE KEARNEY AVE","BEND","97701","DESCHUTES","Scattered","Active","5","27","53","Multi-Family Residential Rental","1997",,"Cascade Community Development",,"Cascade Community Development","Non-Profit","10",,,,,,"6","4",,,"0",,,"10",,,,"-",,"06/18/1997",,,"03/16/2030",,,"06/18/2027",,,,,,"03/16/2030",,"true","POINT (-121.30073 44.06098)"
"Legacy Landing (fka Carnelian Place) and Phoenix Crossing","Phoenix Crossing","1475 NE FORBES RD","BEND","97701","DESCHUTES","Scattered","Active","5","27","54","Multi-Family Residential Rental","2021",,"EPIC Property Management, LLC","Housing Works","Conners I Limited Partnership","Housing Authority","24","0","5","24",,"20","20","4","0","0","0","28","0","43","0","0","0","0","29/06/2020","11/05/2021",,"12/31/2081","06/15/2082",,"12/31/2081",,,,"06/15/2032",,,"06/15/2082",,"true","POINT (-121.2837 44.05568)"
"Aspen Villas and The Parks at Eastlake","Aspen Villas","933 NW CANAL BLVD","REDMOND","97756","DESCHUTES","Scattered","Active","5","30","59","Multi-Family Residential Rental","1993",,"EPIC Property Management, LLC",,"Paulina Peak Partners, LLC",,"40",,,,,"0",,"0","20","20","0",,,"35","45",,,"-",,"04/13/1992",,"08/27/2075","10/31/2076","05/19/2036",,"05/01/2023",,,"10/31/2076",,,"10/31/2076",,"true","POINT (-121.16899 44.28737)"
"QUIMBY STREET APTS",,"455 NE QUIMBY AVE","BEND","97701","DESCHUTES","Single Site","Active","5","27","53","Multi-Family Residential Rental",,,"NORTHWEST HOUSING ALTERNATIVES INC",,"Quimby Housing Limited Partnership","For-Profit","52","52","9",,"0","0",,"52","0","0","0","0","0","0","52","0","0","0",,,,"06/13/2071","04/11/2071","04/10/2032",,"05/10/2070",,,,"04/30/2044",,"06/13/2071","Housing Assistance Payment","false","POINT (-121.29958 44.06664)"
"FAIRHAVEN VISTA",,"405 NW 25TH ST","REDMOND","97758","DESCHUTES","Single Site","Active","5","30","59","Multi-Family Residential Rental",,,,,,,"11",,,,,,,,,,,"-","-","-","-","-","-","-",,,,,,,,,,,,,,,,"false","POINT (-121.19675 44.27926)"
"Quartz Avenue Apts","Quartz Avenue Apts","1620 SW QUARTZ AVE","REDMOND","97756","DESCHUTES","Scattered","Active","5","27","53","Multi-Family Residential Rental","2016",,"EPIC Property Management, LLC",,"Reindeer Quartz Annex LLC",,"5",,"0",,"0",,,"4","1",,"0","4","1","0","0","0","0","0",,"07/25/2016",,,"03/29/2076",,,,,,,,,"03/29/2076",,"true","POINT (-121.18545 44.25844)"
"REDMOND TRIANGLE HOUSING",,"767 NW CANAL BLVD","REDMOND","97756","DESCHUTES","Single Site","Active","5","30","59","Multi-Family Residential Rental",,,"NEEL MGMT",,"O'Connell, Daniel",,"24","23","5",,"0",,,,,,,"0","0","0","24","0","0","0",,,,"01/01/2043",,,,,,,,,"2043 Dec 31 12:00:00 AM","12/31/2043",,"false","POINT (-121.16972 44.28299)"
"Village Meadows Scattered Site","Ponderosa Heights Apartments","N BROOKS CAMP RD","SISTERS","97759","DESCHUTES","Scattered","Active","5","27","53","Multi-Family Residential Rental","2018",,"EPIC Property Management, LLC","Housing Works","Village Meadows Housing LLC","Housing Authority","48","0","6","6",,"0",,"32","7","8","0","0","0","0","88","0","0","0","23/03/2018","11/30/2018","12/31/2049",,,,,"06/01/2049","06/01/2049",,,,,"12/31/2049",,"true",
"PILOT BUTTE RETIREMENT CENTER II",,"1350 NE 27TH ST","BEND","97701","DESCHUTES","Single Site","Active","5","27","54","Multi-Family Residential Rental",,,"PACIFIC RETIREMENT SERVICE",,"RVM Bend II Housing Corporation","Non-Profit","27","27",,,,"0",,"27","0","0","0","-","-","-","-","-","-","-",,,,,,,,,,,,"06/30/2028",,"06/30/2028","Project Rental Assistance Contract","false","POINT (-121.2629 44.06336)"
"Historic Schaeffer House","Historic Schaeffer House","928 SE Pine Street","Roseburg","97470","Douglas","Single Site","Active","4","1","2","Multi-Family Residential Rental","1996",,"United Community Action Network",,"United Community Action Network","Non-Profit","2",,,,,,,,"2",,"0",,,"2",,,,"-",,"06/03/1996",,,"12/31/2021",,,"06/03/2047",,,,,,"06/03/2047",,"true","POINT (-123.34919 43.20676)"
"Brookside Court","Brookside Court","1623 NE Vine Street","Roseburg","97470-1570","Douglas","Single Site","Active","4","1","2","Elderly Apartments","1972",,"NeighborWorks Umpqua",,"Brookside Senior Housing Limited Partnership","For-Profit","50","49","3",,"49","24","24","25","0","0","0","0","0","0","49","0","0","0",,"05/23/2011",,"01/01/2047",,,"04/30/2047",,,,,"07/31/2030",,"04/30/2047","Housing Assistance Payment","true","POINT (-123.34719 43.22987)"
"Grandview Homes","Grandview Homes","805 NE Huntley Avenue","Roseburg","97470","Douglas","Single Site","Active","4","1","2","Multi-Family Residential Rental","2003",,"United Community Action Network",,"United Community Action Network","Non-Profit","10",,"1",,,,,,"8","2","0",,,"10",,,,"-",,"11/13/2003",,,"12/19/2051",,,"11/13/2048",,,"09/01/2050",,,"12/19/2051",,"true","POINT (-123.34539 43.22342)"
"Terrace Manor Apartments","Terrace Manor Apartments","1051 East Central Avenue","Sutherlin","97479","Douglas","Scattered","Active","0","0","0","Multi-Family Residential Rental",,"2,023","Viridian Management, Inc","Chrisman Development","Terrace Manor-Sutherlin LLC",,"12","12","0","0","0",,,,"12",,"0",,,,,"12",,,"13/04/2023","05/31/2023",,,,,"12/31/2084",,,,,,,"12/31/2084",,"true","POINT (-123.299 43.39287)"
"Adams House (ALF)","Adams House (ALF)","121 Cordelia Drive","Myrtle Creek","97457","Douglas","Single Site","Active","2","1","2","Assisted Living (ALF)",,,"Concepts in Community Living, Inc.",,"Myrtle Creek ALF LLC",,"34","7",,,,,,"35",,,"0",,,"7",,,,,,,,,,,,,,,"11/15/2031",,,"11/15/2031",,"true","POINT (-123.29022 43.01485)"
"Calapooia Crossing","Calapooia Crossing","363 Taylor Street","Sutherlin","97479","Douglas","Single Site","Active","4","1","2","Multi-Family Residential Rental","2001",,"Grand Management Services, Inc.",,"Fire Runner, LLC",,"11",,"2",,,"0",,"2","5","4","0",,"3","8",,,,"-",,"12/20/2001",,,"10/01/2043","09/10/2023",,"12/20/2041",,,"05/31/2043",,,"10/01/2043",,"true","POINT (-123.32624 43.38449)"
"Forest Hills Manor","Forest Hills Manor","2655 Frontage Road","Reedsport","97467","Douglas","Single Site","Active","4","5","9","Multi-Family Residential Rental","2007",,"Northwest Real Estate Capital Corp",,"Northwest Forest Hills Manor LLC","For-Profit","20","20","1",,"0","0",,"6","11","3","0","0","0","0","0","20","0","0",,"09/20/2007","01/01/2049",,,"09/02/2028",,,,,"08/15/2039","09/30/2044",,"01/01/2049","Housing Assistance Payment","true","POINT (-124.12678 43.69493)"
"Myrtle Terrace Apartments","Myrtle Terrace Apartments","1135 NE Simpson Lane","Myrtle Creek","97457","Douglas","Single Site","Active","2","1","2","Multi-Family Residential Rental","1998",,"NeighborWorks Umpqua",,"South Umpqua Apartments, LLC",,"20",,,,,"0",,"0","12","8","0",,,"20",,,,"-",,"12/14/1998",,"01/01/2050",,,,"01/01/2050",,,,,,"01/01/2050",,"true","POINT (-123.27136 43.02567)"
"North Slope Village","North Slope Village","1007 W 6th Avenue","Sutherlin","97479","Douglas","Single Site","Active","4","1","2","Multi-Family Residential Rental","1999",,"Guardian Management, LLC","North Slope Limited Partnership","North Slope Limited Partnership",,"24","0",,,,"0",,"2","12","8","2",,,"24",,,,"-",,"12/15/1999",,"01/01/2040","11/19/2041",,,"12/15/2039",,,"08/31/2018",,,"11/19/2041",,"true","POINT (-123.32893 43.39069)"
"Boyd Street Project","Boyd Street Project","321 Boyd Street","Canyonville","97417","Douglas","Single Site","Active","2","2","4","Single Family Residential Rental","1998",,"United Community Action Network",,"United Community Action Network","Non-Profit","1",,,,,,,,"1",,"0",,,"1",,,,"-",,"05/14/1998",,,"12/31/2029",,,"05/14/2028",,,,,,"12/31/2029",,"true","POINT (-123.26936 42.92808)"
"Crestview Terrace","Crestview Terrace","1010 NE Crescent","Roseburg","97470","Douglas","Single Site","Active","4","1","2","Multi-Family Residential Rental","2002",,"United Community Action Network",,"United Community Action Network","Non-Profit","11",,"1",,,,"11",,,,"0",,,"11",,,,"-",,"11/18/2002",,,"12/23/2049",,,"11/18/2047",,,"12/10/2048",,,"12/23/2049",,"true","POINT (-123.34454 43.22316)"
"Ridgeway Village","Ridgeway Village","3117 Ridgeway Dr","Reedsport","97467","Douglas","Single Site","Active","4","5","9","Multi-Family Residential Rental","2007",,"Northwest Real Estate Capital Corp",,"Northwest Ridgeway Village LLC","For-Profit","8","8","1",,"0","0",,"8","0","0","0","0","0","0","0","8","0","0",,"09/01/2007","01/01/2048",,,"08/04/2028",,,,,"08/15/2039","09/30/2043",,"01/01/2048","Housing Assistance Payment","true","POINT (-124.13226 43.69482)"
"Princeton Court Apartments","Princeton Court Apartments","840 W Princeton Ave","Roseburg","97471","Douglas","Single Site","Active","4","1","2","Multi-Family Residential Rental","1994",,"NeighborWorks Umpqua",,"Princeton Court Apartments, LLC",,"26","0",,,,,,,"13","13","0",,"12","14",,,,"-",,"02/09/1994",,"01/01/2093",,"04/24/2019",,"04/13/2077",,,,,,"01/01/2093",,"true","POINT (-123.35752 43.21669)"
"Applegate Place (fka Douglas House (ALF)","Applegate Place (fka Douglas House (ALF)","1465 E Central Avenue","Sutherlin","97479","Douglas","Single Site","Active","4","1","2","Assisted Living (ALF)",,,"Hearth and Truss",,"Sutherlin ALF, LLC",,"30","6",,,,,"24","6",,,"0",,,"6",,,,,,,,,,,,,,,"10/15/2032",,,"10/15/2032",,"true","POINT (-123.29163 43.39515)"
"New Dawn Terrace","New Dawn Terrace","CONFIDENTIAL","Roseburg","97470","Douglas","Single Site","Active","4","1","2","Multi-Family Residential Rental","1999",,"Battered Persons Advocacy (DBA Peace at Home Advocacy Center)",,"Battered Persons Advocacy (DBA Peace at Home Advocacy Center)",,"5",,,,,,,,"3","2","0",,,"5",,,,"-",,"11/23/1999",,,"12/28/2046",,,"11/23/2044",,,,,,"12/28/2046",,"true",
"Mariposa Villa","Mariposa Villa","270 SE Gregory Drive","Winston","97496","Douglas","Single Site","Active","4","1","1","Multi-Family Residential Rental","2006",,"United Community Action Network",,"United Community Action Network","Non-Profit","9",,"1",,"0",,,,"6","3","0","6","3","0","0","0","0","0",,"01/04/2006",,,"10/15/2067",,,"01/04/2066",,,"04/07/2067",,,"10/15/2067",,"true","POINT (-123.41111 43.11979)"
"Cypress Hills Apartments","Cypress Hills Apartments_3","2301 Longwood Drive","Reedsport","97467","Douglas","Scattered","In Development","0","0","0","Multi-Family Residential Rental",,,,"Chrisman Development",,,"100","100","2","0","0",,,,,,"0",,,,,,,,"13/06/2024",,,,,,,,,,,,,,,"true",
"Glenhaven Apts","Glenhaven Apts","758 E 4th Avenue","Riddle","97469","Douglas","Single Site","Active","2","2","4","Multi-Family Residential Rental",,,"Douglas Multi-Family Property Management Corp",,"Housing Authority of Douglas County","Housing Authority","24","23","2",,,"0",,"8","16","0","0",,,"24",,,,"-",,"11/21/2006",,,"05/17/2061",,,"11/21/2056",,,,,"2037 Dec 26 12:00:00 AM","05/17/2061",,"true","POINT (-123.3568 42.95545)"
"Camas Ridge","Camas Ridge","2981 W Toby Court","Roseburg","97471","Douglas","Single Site","Active","4","1","2","Multi-Family Residential Rental","2013",,"United Community Action Network",,"United Community Action Network","Non-Profit","10",,"1",,"0",,,"4","4","2","0","0","10","0","0","0","0","0",,"02/19/2013",,,"01/01/2074",,,"01/01/2074",,,"01/01/2074",,,"01/01/2074",,"true","POINT (-123.38893 43.20963)"
"Cedar Hill Project","Cedar Hill Project","612 John Avenue & 835 S Cedar Street","Drain","97435","Douglas","Single Site","Active","4","1","2","Single Family Residential Rental","1940",,"United Community Action Network",,"United Community Action Network","Non-Profit","2",,,,,,,,,"1","1",,,"2",,,,"-",,"11/07/1996",,,"01/28/2028",,,"11/07/2026",,,,,,"01/28/2028",,"true","POINT (-123.31828 43.65522)"
"Rose Villa Apartments","Rose Villa Apartments","2525 NE Stephens Street","Roseburg","97470","Douglas","Single Site","Active","4","1","2","Multi-Family Residential Rental","1977",,"Guardian Real Estate Services, LLC","Wishrock & Ray LLC","Rose Villa Wishrock, LLC","For-Profit","91","0","0","0",,"30","30","25","32","4","0",,,,"56","35",,"-",,"09/30/2000","01/01/2030",,,,,,,,,,,"01/01/2030",,"true","POINT (-123.35099 43.24058)"
"Neu Place","Neu Place","524 W Homewood Lane","Roseburg","97470","Douglas","Single Site","Active","4","1","2","Disabled Apartments","2010",,"NeighborWorks Umpqua",,"Neighborworks Umpqua (Umpqua CDC)","Non-Profit","12",,"2",,"11",,"8","3",,,"1","0","3","6","2","1","0","0",,"09/13/2010",,,"02/24/2047",,"06/30/2046","09/13/2045",,,,,,"02/24/2047",,"true","POINT (-123.37168 43.21483)"
"Vine Street Court II","Vine Street Court II","2160- 2164 NE Vine Street","Roseburg","97470","Douglas","Single Site","Active","4","1","2","Multi-Family Residential Rental","1997",,"Douglas Multi-Family Property Management Corp",,"Housing Authority of Douglas County","Housing Authority","16",,"0",,,,,"4","9","3","0",,,"16",,,,"-",,"03/26/1997",,"01/01/2096",,,,"12/10/2095",,,,,,"01/01/2096",,"true","POINT (-123.34734 43.23566)"
"Sunshine Park Apartments","Sunshine Park Apartments","152 Sunshine Road","Roseburg",,"Douglas","Scattered","Active","4","1","2","Multi-Family Residential Rental","2023",,"Guardian Management, LLC","Wishcamper Development Partners, LLC","Sunshine Housing Associates Limited Partnership",,"144","0",,,"0",,,"24","84","36","0","0","0","0","144","0","0","0","14/05/2021","05/31/2023","05/31/2053",,,,,,"05/31/2053",,"05/31/2053",,,"05/31/2053",,"true","POINT (-123.27957 43.22129)"
"Esperanza Circle","Esperanza Circle","2901 NE Dorwin Avenue","Roseburg","97470","Douglas","Single Site","Active","4","1","2","Multi-Family Residential Rental","2009",,"United Community Action Network",,"United Community Action Network","Non-Profit","6",,"1",,"2",,,,"4","2","0","0","6","0","0","0","0","0",,"03/23/2009",,,"06/01/2071",,,"03/23/2069",,,"04/30/2070",,,"06/01/2071",,"true","POINT (-123.31685 43.21387)"
"Pine Tree Apts","Pine Tree Apts","209 Glenhart Avenue","Winston","97496","Douglas","Single Site","Active","4","1","1","Multi-Family Residential Rental","1974",,"HNN Communities US, LLC dba DevCo Residental Property Management",,"Oregon 4 Apartments, LLC","Limited Dividend","36","35","0",,,"0",,"6","18","11","0",,,,"36",,,"-",,"09/01/2005","01/01/2036",,,,,,,,"08/15/2035","03/31/2042",,"03/31/2042","Housing Assistance Payment","true","POINT (-123.41644 43.12414)"
"Stagecoach Apartments","Stagecoach Apartments","601 Stagecoach Rd","Canyonville","97417","Douglas","Single Site","Active","2","2","4","Multi-Family Residential Rental","2000",,"NeighborWorks Umpqua",,"Stagecoach Apartments LLC",,"40",,,,,"0",,"6","18","16","0",,"7","33",,,,"-",,"11/11/1999",,"01/01/2042","10/18/2042","09/05/2021",,"11/11/2040",,,,,,"10/18/2042",,"true","POINT (-123.28043 42.93638)"
"Crest View South","Crest View South","2052 & 2072 NE Klamath","Roseburg","97470","Douglas","Single Site","Active","4","1","2","Multi-Family Residential Rental","2003",,"United Community Action Network",,"United Community Action Network","Non-Profit","4",,"1",,,,,,"4",,"0",,,"4",,,,"-",,"06/23/2003",,,"12/23/2049",,,"06/23/2048",,,"06/23/2048",,,"12/23/2049",,"true","POINT (-123.33176 43.21715)"
"Landing Place","Landing Place","875 - 879 SW Landing Street","Sutherlin","97479","Douglas","Single Site","Active","4","1","2","Multi-Family Residential Rental",,,"NeighborWorks Umpqua",,"Neighborworks Umpqua (Umpqua CDC)",,"3",,,,,,,,,"1","2",,,"3",,,,"-",,"07/27/1995",,,,,,"07/27/2045",,,,,,"07/27/2045",,"true","POINT (-123.33412 43.37955)"
"Orchard Knoll","Orchard Knoll","1401 NW Veterans Way","Roseburg","97470","Douglas","Single Site","Active","4","1","2","Multi-Family Residential Rental","2000",,"Douglas Multi-Family Property Management Corp",,"Orchard Knoll Limited Partnership",,"65",,,,,"64","48","0","1","0","0",,"30","34",,,,"-",,"08/08/2001",,"01/01/2036",,,,"07/21/2040",,,"07/21/2040",,,"07/21/2040",,"true","POINT (-123.36694 43.22707)"
"Bridgewood Rivers (ALF)","Bridgewood Rivers (ALF)","1901 NW Hughwood","Roseburg","97470","Douglas","Single Site","Active","4","1","2","Assisted Living (ALF)",,,"Cascade Living Group - Oregon, LLC",,"KRE Tiger Bridgewood LLC",,"40","8",,,,,"25","15",,,"0",,,"8",,,,,,,,,,,,,,,"01/15/2026",,,"01/15/2026",,"true","POINT (-123.38396 43.23605)"
"Parkside Village","Parkside Village","2794 NE Douglas Avenue","Roseburg","97470","Douglas","Single Site","Active","4","1","2","Multi-Family Residential Rental","2011",,"HNN Communities US, LLC dba DevCo Residental Property Management",,"Parkside Acquisition LLC","For-Profit","36","36","3",,"0","0",,"0","18","18","0","0","0","0","36","0","0","0",,"05/11/2011",,,,,,"01/08/2070",,,"12/31/2042","09/30/2032",,"01/08/2070","Housing Assistance Payment","true","POINT (-123.31913 43.21103)"
"Westview Commons","Westview Commons","1067 W Lookingglass Road","Roseburg","97470","Douglas","Single Site","Active","4","1","2","Multi-Family Residential Rental","2000",,,"Douglas Housing Alternatives","Douglas Housing Alternatives, Inc","Non-Profit","18","18",,,,"0",,"17","1","0","0",,,"18",,,,"-",,"05/04/2000",,,"10/29/2042",,,"05/04/2040",,,,"06/30/2025",,"10/29/2042","Project Rental Assistance Contract","true","POINT (-123.38901 43.21056)"
"Riverside Manor II","Riverside Manor II","1595 Hawthorne Avenue","Reedsport","97467","Douglas","Single Site","Active","4","5","9","Elderly-Disabled","2008",,"Northwest Real Estate Capital Corp",,"Northwest Riverside Manor II LLC","For-Profit","8","8","1",,"0","0",,"8","0","0","0","0","0","0","0","8","0","0",,"09/01/2007","01/01/2048",,,"08/04/2028",,,,,"08/15/2039","09/30/2043",,"01/01/2048","Housing Assistance Payment","true","POINT (-124.11345 43.70063)"
"East West Preservation Portfolio","East West Preservation Portfolio_1","721 Meadowlark Ave","Myrtle Creek","97457","Douglas","Scattered","In Development","0","0","0","Multi-Family Residential Rental",,,,"TimberRiver",,,"75","75",,,,,,,,,"0",,,,,,,,"11/04/2022",,,,,,,,,,,,,,,"true","POINT (-123.29281 43.01734)"
"Liberty Pointe Apts","Liberty Pointe Apts","222 SE Gregory Street","Winston","97496","Douglas","Single Site","Active","4","1","1","Multi-Family Residential Rental","2003","2,016","United Community Action Network",,"United Community Action Network","Non-Profit","6",,"0",,"0",,,,"4","2","0","0","0","6","0","0","0","0",,"06/11/2003",,,"07/11/2048",,,"02/22/2047",,,,,,"07/11/2048",,"true","POINT (-123.41111 43.12047)"
"New Vista Village","New Vista Village","290 SE Gregory","Winston","97496","Douglas","Single Site","Active","4","1","1","Multi-Family Residential Rental","2000",,"United Community Action Network",,"United Community Action Network","Non-Profit","7",,"1",,,,,,"5","2","0",,,"7",,,,"-",,"11/07/2000",,,"10/22/2047",,,"11/07/2045",,,"02/23/2046",,,"10/22/2047",,"true","POINT (-123.41113 43.11935)"
"Grand Apartments","Grand Apartments","730 SE Cass Avenue","Roseburg","97470","Douglas","Single Site","Active","4","1","2","Multi-Family Residential Rental","1904",,"NeighborWorks Umpqua","NeighborWorks Umpqua","Grand Apartments Limited Partnership",,"37","12","2",,"9","28","28","8","1","0","0","12","11","10","0","4","0","0",,"11/12/2003",,"01/01/2045",,"05/20/2025",,"11/12/2043",,,,,,"01/01/2045",,"true","POINT (-123.34597 43.20838)"
"Diamond Court Apartments","Diamond Court Apartments","1844 SE Douglas","Roseburg","97470","Douglas","Single Site","Active","4","1","2","Multi-Family Residential Rental","1999",,"United Community Action Network",,"United Community Action Network","Non-Profit","8",,,,,,"4","4",,,"0",,,"8",,,,"-",,"12/04/1998",,,"09/06/2041",,,"12/04/2039",,,,,,"09/06/2041",,"true","POINT (-123.33113 43.21017)"
"Trillium Terrace","Trillium Terrace","2970 W Toby Court","Roseburg","97470","Douglas","Single Site","Active","4","1","2","Multi-Family Residential Rental","2010",,"United Community Action Network",,"United Community Action Network","Non-Profit","8",,"1",,"0",,,,"6","2","0","0","8","0","0","0","0","0",,"07/02/2010",,,"12/29/2071",,,"07/02/2070",,,"07/13/2071",,,"12/29/2071",,"true","POINT (-123.38875 43.20959)"
"Sunset Apartments","Sunset Apartments","CONFIDENTIAL","Roseburg","97470","Douglas","Single Site","Active","4","1","2","Multi-Family Residential Rental","1997",,"NeighborWorks Umpqua",,"Sunset Apartments Limited Partnership",,"31",,"0",,,,,"4","12","15","0",,,"31",,,,"-",,"06/16/1995",,"01/01/2048","08/16/2048",,,"06/16/2046",,,,,,"08/16/2048",,"true",
"David's House","David's House","410 JERRYS DR","ROSEBURG","97470","DOUGLAS","Scattered","Active",,,,"Mini-RCC","2008",,"Umpqua Homes, Inc.",,"Umpqua Homes, Inc.",,"7",,"7",,,,,"1",,,,,,"7",,,,,,,,,"11/22/2045",,,"06/13/2042",,,"06/13/2042",,,"11/22/2045",,"true","POINT (-123.35019 43.26301)"
"VINE STREET COURT I",,"2166 NE VINE ST","ROSEBURG","97470","DOUGLAS","Single Site","Active","4","1","2","Multi-Family Residential Rental",,,"HOUSING AUTHORITY OF DOUGLAS CO",,"Housing Authority of Douglas County","Housing Authority","70",,,,,,,,,,,"-","-","-","-","-","-","-",,,,"01/01/2096","03/15/2098",,,"01/11/2095",,,,,,"03/15/2098",,"false","POINT (-123.34734 43.23559)"
"PLAZA RETIREMENT CENTER",,"265 PLAZA DR","MYRTLE CREEK","97457","DOUGLAS","Single Site","Active","2","1","2","Multi-Family Residential Rental",,,"PACIFIC RETIREMENT SERVICE",,"RVM Myrtle Creek II housing Corporation","Non-Profit","24","24",,,,"0",,"24","0","0","0","-","-","-","-","-","-","-",,,,,,,,,,,,"06/30/2028",,"06/30/2028","Project Rental Assistance Contract","false","POINT (-123.29065 43.01499)"
"OAK GROVE RETIREMENT CENTER",,"3403 NW EDENBOWER BLVD","ROSEBURG","97470","DOUGLAS","Single Site","Active","4","1","2","Multi-Family Residential Rental",,,"PACIFIC RETIREMENT SERVICE",,"RVM Roseburg Housing Corp.","Non-Profit","30","30",,,,"0",,"30","0","0","0","-","-","-","-","-","-","-",,,,,,,,,,,,"06/30/2029",,"06/30/2029","Project Rental Assistance Contract","false","POINT (-123.35323 43.24859)"
"Madison Place","Madison Place","588 E CENTRAL AVE","SUTHERLIN","97479","DOUGLAS","Scattered","Active","4","1","2","Mini-RCC","2008",,"United Community Action Network",,"United Community Action Network",,"5",,"1",,"0",,,"5",,,,,"5","0","0","0",,,,,,,"05/13/2069",,,"06/18/2067",,,"09/29/2068",,,"05/13/2069",,"true","POINT (-123.3049 43.39155)"
"GATEWAY VILLAGE",,"203 DATE ST","DRAIN","97435","DOUGLAS","Single Site","Active","4","1","2","Multi-Family Residential Rental",,,"DOUGLAS MULTI FAMILY PROPERTY MG",,,,"14","14","0",,,"0",,"4","8","2","0","-","-","-","-","-","-","-",,,,,,,,,,,,,"2032 Dec 29 12:00:00 AM","12/29/2032",,"false","POINT (-123.31977 43.66112)"
"BLUERIDGE APARTMENT",,"317 HART ST","WINSTON","97496","DOUGLAS","Single Site","Active","4","1","1","Multi-Family Residential Rental","1978",,"DOUGLAS MULTI-FAMILY PROPERTY MANAGEMENT CORPORATI",,"Housing Authority of Douglas County","Housing Authority","71","35","0",,,"0",,"31","4","0","0","-","-","-","-","-","-","-",,,,,,,,,,,"09/15/2031","01/31/2025","2031 Jun 15 12:00:00 AM","09/15/2031","Housing Assistance Payment","false","POINT (-123.41712 43.11708)"
"Two Rivers Apartments","Two Rivers Apartments Winston","189 GLENHART","WINSTON","97496","DOUGLAS","Scattered","Active","4","1","1","Multi-Family Residential Rental","2019","2,019","Viridian Management, Inc",,"Two Rivers Apartments LLC",,"34","26","3",,,"0",,"8","14","12","0","0","10","70","7","0","0","0",,"11/01/2018","12/31/2050",,,"03/17/2040",,,,,"12/31/2050",,"2048 Nov 20 12:00:00 AM","12/31/2050",,"true","POINT (-123.41644 43.12359)"
"RICE HOUSE",,"1047 SE RICE AVE","ROSEBURG","97470","DOUGLAS","Single Site","Active","4","1","2","Multi-Family Residential Rental",,,,,,,"1",,,,,,,,,,,"-","-","-","-","-","-","-",,,,,,,,,,,,,,,,"false","POINT (-123.34857 43.19969)"
"RAINBOW VILLA",,"761 JUNIPER AVE","REEDSPORT","97467","DOUGLAS","Single Site","Active","4","5","9","Multi-Family Residential Rental",,,,,,,"24",,,,,,,,,,,"-","-","-","-","-","-","-",,,,,,,,,,,,,,,,"false","POINT (-124.1031 43.70212)"
"NICKEL MOUNTAIN HOMES",,"153 PARK ST","RIDDLE","97469","DOUGLAS","Single Site","Active","2","2","4","Multi-Family Residential Rental",,,,,,,"8",,,,,,,,,,,"-","-","-","-","-","-","-",,,,,,,,,,,,,,,,"false","POINT (-123.35932 42.95092)"
"MEADOWLARK COURT",,"721 SE SEELEY ST","MYRTLE CREEK","97457","DOUGLAS","Single Site","Active","2","1","2","Multi-Family Residential Rental",,,"VIRIDIAN MANAGEMENT, INC",,,,"42","30","1",,,"0",,"12","30","0","0","-","-","-","-","-","-","-",,,,,,,,,,,,,"2052 Oct 06 12:00:00 AM","10/06/2052",,"false",
"CECIL HOUSE",,"451 NW CECIL AVE","ROSEBURG","97470","DOUGLAS","Single Site","Active","4","1","2","Multi-Family Residential Rental",,,,,,,"1",,,,,,,,,,,"-","-","-","-","-","-","-",,,,,,,,,,,,,,,,"false","POINT (-123.35869 43.22978)"
"HOLIDAY GARDENS II",,"1350 E 1ST AVE","SUTHERLIN","97479","DOUGLAS","Single Site","Active","4","1","2","Multi-Family Residential Rental",,,"KOCH, PATRICIA",,,,"16",,"4",,,"0",,"16","0","0","0","-","-","-","-","-","-","-",,,,,,,,,,,,,"2047 Jun 30 12:00:00 AM","06/30/2047",,"false","POINT (-123.29417 43.39498)"
"OREGON",,"2754 NE DOUGLAS AVE","ROSEBURG","97470","DOUGLAS","Single Site","Active","4","1","2","Multi-Family Residential Rental",,,,,,,"5",,,,,,,,,,,"-","-","-","-","-","-","-",,,,,,,,,,,,,,,,"false","POINT (-123.32006 43.2102)"
"FOREST VILLAGE APTS",,"2799 FRONTAGE RD","REEDSPORT","97467","DOUGLAS","Single Site","Active","4","5","9","Multi-Family Residential Rental",,,"DOUGLAS MULTI FAMILY PROPERTY MG",,,,"24","22","0",,,"0",,"0","18","6","0","-","-","-","-","-","-","-",,,,,,,,,,,,,"2034 Jun 29 12:00:00 AM","06/29/2034",,"false","POINT (-124.12767 43.69475)"
"MILL CREEK APTS",,"182 MOLLY ST","GLENDALE","97442","DOUGLAS","Single Site","Active","2","2","4","Multi-Family Residential Rental",,,"CASCADE MANAGEMENT CORP.",,"True Holding, LLC","For-Profit","17","17",,,,"0",,"1","16","0","0","-","-","-","-","-","-","-",,,,,,,,,,,,"03/31/2025",,"03/31/2025","Housing Assistance Payment","false","POINT (-123.42386 42.73563)"
"ROSEWOOD PARK HOMES",,"1029 OAK ST","ROSEBURG","97470","DOUGLAS","Single Site","Active","4","1","2","Multi-Family Residential Rental",,,,,,,"60",,,,,,,,,,,"-","-","-","-","-","-","-",,,,,,,,,,,,,,,,"false","POINT (-123.34289 43.20836)"
"WINSTON GARDENS",,"81 SW FORD AVE","WINSTON","97496","DOUGLAS","Single Site","Active","4","1","1","Multi-Family Residential Rental",,,,,,,"16",,,,,,,,,,,"-","-","-","-","-","-","-",,,,,,,,,,,,,,,,"false","POINT (-123.41519 43.11988)"
"VALLEY VIEW RETIREMENT CENTER",,"100 CORDELIA WAY","MYRTLE CREEK","97457","DOUGLAS","Single Site","Active","2","1","2","Multi-Family Residential Rental",,,"PACIFIC RETIREMENT SERVICE",,"RVM Myrtle Creek Housing Corp.","Non-Profit","40","40",,,,"0",,"40","0","0","0","-","-","-","-","-","-","-",,,,,,,,,,,,"06/30/2028",,"06/30/2028","Project Rental Assistance Contract","false","POINT (-123.29053 43.01437)"
"TIMBER RIDGE RETIREMENT CENTER",,"660 RANCH RD","REEDSPORT","97467","DOUGLAS","Single Site","Active","4","5","9","Multi-Family Residential Rental",,,"PACIFIC RETIREMENT SERVICE",,"RVM Reedsport Housing Corporation","Non-Profit","30","30",,,,"0",,"30","0","0","0","-","-","-","-","-","-","-",,,,,,,,,,,,"06/30/2029",,"06/30/2029","Project Rental Assistance Contract","false","POINT (-124.13599 43.69587)"
"HART HOUSE",,"10 SW HART AVE","WINSTON","97496","DOUGLAS","Single Site","Active","4","1","1","Multi-Family Residential Rental",,,,,,,"1",,,,,,,,,,,"-","-","-","-","-","-","-",,,,,,,,,,,,,,,,"false","POINT (-123.41499 43.11704)"
"Rogue River Affordable Housing (3 Scattered Sites)","Hillside Village","124 MONTGOMERY AVE","GLENDALE","97442","DOUGLAS","Scattered","Active","2","2","4","Multi-Family Residential Rental","2020",,"Guardian Management, LLC",,"Rogue River Affordable Housing LLC",,"24","19","1",,,,"1","38","59","4","0","0","0","0","77","23","0","0",,"02/28/2020",,"12/31/2080",,,"03/31/2081",,,,"03/31/2081",,,"03/31/2081",,"true","POINT (-123.4249 42.73447)"
"TERRACE MANOR",,"1051 E CENTRAL AVE","SUTHERLIN","97479","DOUGLAS","Single Site","Active","4","1","2","Multi-Family Residential Rental",,,"VIRIDIAN MANAGEMENT, INC",,,,"12","12","0",,,"0",,"0","12","0","0","-","-","-","-","-","-","-",,,,,,,,,,,,,"2053 Mar 06 12:00:00 AM","03/06/2053",,"false","POINT (-123.299 43.39287)"
"ROSE",,"805 SE STEPHENS ST","ROSEBURG","97470","DOUGLAS","Single Site","Active","1","21","42","Multi-Family Residential Rental",,,"ROSE APARTMENTS",,"Rose Apartments 2018 LLC","For-Profit","40","40",,,,"12",,"27","1","0","0","-","-","-","-","-","-","-",,,,,,,,,,,,"12/30/2029",,"12/30/2029","Housing Assistance Payment","false","POINT (-123.34745 43.20752)"
"HOLIDAY GARDENS I",,"1350 E 1ST AVE","SUTHERLIN","97479","DOUGLAS","Single Site","Active","4","1","2","Multi-Family Residential Rental",,,"KOCH, PATRICIA",,,,"41","41","4",,,,,,,,,"-","-","-","-","-","-","-",,,,,,,,,,,,,"2047 Jun 30 12:00:00 AM","06/30/2047",,"false","POINT (-123.29417 43.39498)"
"Eagle Landing","Eagle Landing","913 NW GARDEN VALLEY BLVD","ROSEBURG","97471","DOUGLAS","Scattered","Active","4","1","2","Veteran Housing","2013",,"NeighborWorks Umpqua",,"Eagle Landing Associates LLC",,"55",,"10",,"0",,,"44","8","3","0","0","10","0","44","0","0","0",,"10/10/2012",,"01/01/2074","01/01/2072",,,"10/01/2074",,,"10/01/2074",,,"10/01/2074",,"true","POINT (-123.36708 43.22862)"
"ROSEBURG PROJECT",,"2937 W JAY AVE","ROSEBURG","97471","DOUGLAS","Single Site","Active","4","1","2","Multi-Family Residential Rental",,,"CASCADE MANAGEMENT CORP.",,"Specialized Housing V, Inc.","Non-Profit","10","10",,,,"10",,"0","0","0","0","-","-","-","-","-","-","-",,,,,,,,,,,,"01/31/2029",,"01/31/2029","Housing Assistance Payment","false","POINT (-123.38582 43.213)"
"Riverside Manor I","Riverside Manor I","1575 HAWTHORNE AVE","REEDSPORT","97467","DOUGLAS","Scattered","Active","4","5","9","Elderly Apartments","2008",,"Northwest Real Estate Capital Corp",,"Northwest Riverside Manor I LLC","For-Profit","16","16","1",,"0","0",,"16","0","0","0","0","0","0","0","16","0","0",,"09/01/2007","01/01/2048",,,"08/04/2028",,,,,"08/15/2039","09/30/2043",,"01/01/2048","Housing Assistance Payment","true","POINT (-124.11345 43.69973)"
"Melrose House","Melrose House","5821 OLD MELROSE RD","ROSEBURG","97471","DOUGLAS","Scattered","Active","4","1","2","Mini-RCC","2000",,"Umpqua Homes, Inc.",,"Umpqua Homes, Inc.",,"5",,"5",,,,,,,,,,,"5",,,,,,,,,"02/04/2043",,,"11/08/2041",,,,,,"02/04/2043",,"true","POINT (-123.41413 43.23253)"
"THREE RIVERS VILLA",,"420 WINCHESTER AVE","REEDSPORT","97467","DOUGLAS","Single Site","Active","4","5","9","Multi-Family Residential Rental",,,,,,,"24",,,,,,,,,,,"-","-","-","-","-","-","-",,,,,,,,,,,,,,,,"false","POINT (-124.09673 43.70163)"
"APPLEGATE VILLAGE",,"393 ALDER ST","YONCALLA","97499","DOUGLAS","Single Site","Active","4","1","2","Multi-Family Residential Rental",,,,,,,"15",,,,,,,,,,,"-","-","-","-","-","-","-",,,,,,,,,,,,,,,,"false","POINT (-123.28317 43.59799)"
"Big Valley Apartments","Sutherlin Apartments","1350 EAST 1ST AVE","SUTHERLIN","97479","DOUGLAS","Scattered","Active","4","1","2","Multi-Family Residential Rental","2017","2,018","Viridian Management, Inc","Chrisman Development Inc","Big Valley Apartments LLC","For-Profit","42","41","7","7",,"0",,"28","14","0","0","0","0","6","75","0","0","0","06/07/2017","10/25/2015",,"07/01/2078",,,"01/31/2077",,,,"12/31/2078",,"2047 Jun 29 12:00:00 AM","12/31/2078",,"true","POINT (-123.29417 43.39498)"
"HOLIDAY GARDENS",,"745 S MAIN ST","CANYONVILLE","97417","DOUGLAS","Single Site","Active","2","2","4","Multi-Family Residential Rental",,,"KOCH, PATRICIA",,,,"28","25","2",,,"0",,"28","0","0","0","-","-","-","-","-","-","-",,,,,,,,,,,,,,,,"false","POINT (-123.27593 42.92294)"
"Deer Creek Village","Deer Creek Village","2923 NE DOUGLAS ST","ROSEBURG","97470","DOUGLAS","Scattered","Active","4","1","2","Multi-Family Residential Rental","2021",,"NeighborWorks Umpqua","Neighborworks Umpqua","Deer Creek Village LLC","Non-Profit","68","0","4","68","10","18","18","41","9","0","0","10","0","11","46","0","0","0","11/10/2019","06/07/2021",,"12/31/2081","01/31/2082",,"12/31/2081",,,,"01/31/2052",,,"01/31/2082",,"true","POINT (-123.31562 43.21018)"
"Summit Springs Village (ALF)","Summit Springs Village (ALF)","133 S Church Street","Condon","97823","Gilliam","Single Site","Active","2","29","57","Assisted Living (ALF)","1994",,"Summit Springs Village Corporation",,"Summit Springs Village Corporation",,"29","29",,,,,"8","14","7",,"0",,,,,,,,,,,,"02/09/2025",,,"02/01/2025",,,"01/15/2025",,,"02/09/2025",,"true","POINT (-120.18685 45.23635)"
"Columbia Hills Manor","Columbia Hills Manor","350 W Hemlock","Arlington","97812","Gilliam","Single Site","Active","2","29","57","Elderly Apartments","2012",,"Columbia Hills Manor, Inc",,"Columbia Hills Manor, Inc",,"8",,"2",,"0",,,"2","6",,"0","0","0","6","2","0","0","0",,"08/10/2012",,,"12/03/2043","10/16/2033","08/10/2042",,,,,,,"12/03/2043",,"true","POINT (-120.20438 45.71327)"
"Strawberry Village","Strawberry Village","142 E 11th Street","Prairie City","97869","Grant","Single Site","Active","2","30","60","Multi-Family Residential Rental","2012",,"Northeast Oregon Housing Authority",,"Northeast Oregon Housing Authority","Housing Authority","10","10","1",,"0","0",,"0","5","5","0","0","0","10","0","0","0","0",,"03/29/2012",,,"07/09/2073","01/28/2034","04/01/2072",,,,"04/01/2072","11/30/2032",,"07/09/2073","Housing Assistance Payment","true","POINT (-118.7079 44.45415)"
"Meadowbrook I","Meadowbrook I","555 East Main St.","John Day","97845","Grant","Single Site","In Development","2","30","60","Multi-Family Residential Rental",,,,"Northwest Real Estate Capital Corp.",,,"24","24","0","0",,,,,,,"0",,,,,,,,"16/02/2023",,,,,,,,,,,,,,,"true","POINT (-118.94272 44.41574)"
"Meadowbrook II","Meadowbrook II","605 E MAIN ST","JOHN DAY","97845","GRANT","Scattered","Active","2","30","60","Multi-Family Residential Rental","2018",,"Northwest Real Estate Capital Corp","Northwest Real Estate Capital Corp","Northwest Meadowbrook II, LP","Non-Profit","19","19","1","2","0","0",,"2","13","4","0","0","0","19","0","0","0","0","20/09/2017","03/21/2017",,"12/31/2077","10/30/2078",,"12/31/2079",,,,,"09/30/2044",,"12/31/2079","Housing Assistance Payment","true","POINT (-118.94191 44.41568)"
"DAYVILLE FAMILY PUBLIC HOUSING",,"110 MILLIE WAY","DAYVILLE","97825","GRANT","Single Site","Active","2","30","60","Multi-Family Residential Rental",,,,,,,"5",,,,,,,,,,,"-","-","-","-","-","-","-",,,,,,,,,,,,,,,,"false","POINT (-119.5346 44.46584)"
"CANYON CREEK COURT",,"105 SW 1ST AVE","JOHN DAY","97845","GRANT","Single Site","Active","2","30","60","Multi-Family Residential Rental",,,"TAYLOR REAL ESTATE & MANAGEMENT, LLC",,"El Kapital LLC","For-Profit","18","18",,,,"0",,"18","0","0","0","-","-","-","-","-","-","-",,,,,,,,,,,,"06/30/2039",,"06/30/2039","Housing Assistance Payment","false","POINT (-118.9536 44.41518)"
"MT VERNON FAMILY PUBLIC HOUSING",,"345 JOHN ASLIN","MT. VERNON","97865","GRANT","Single Site","Active","2","30","60","Multi-Family Residential Rental",,,,,,,"8",,,,,,,,,,,"-","-","-","-","-","-","-",,,,,,,,,,,,,,,,"false","POINT (-119.11661 44.4202)"
"CANYON CITY FAMILY PUBLIC HOUSING",,"4010 PATTERSON DR","CANYON CITY","97820","GRANT","Single Site","Active","2","30","60","Multi-Family Residential Rental",,,,,,,"12",,,,,,,,,,,"-","-","-","-","-","-","-",,,,,,,,,,,,,,,,"false","POINT (-118.94525 44.38891)"
"High Desert Veterans Village (fka Burns Veterans Village)","High Desert Veterans Village (fka Burns Veterans Village)","220 N Harney Avenue","Burns","97720","Harney","Single Site","In Development","2","30","60","Multi-Family Residential Rental",,,,"Harney Hub (Harney County Senior & Community Services Center)",,,"20","0","1","20","0","0",,"20","0","0","0","4","0","0","16","0","0","0",,,,,,,,,,,,,,,,"true","POINT (-119.06265 43.58746)"
"QUAIL COURT APTS",,"800 S IMPERIAL AVE","BURNS","97720","HARNEY","Single Site","Active","2","30","60","Multi-Family Residential Rental",,,"QUAIL COURT PARTNERS LP",,"Telos Development Company, LLC","For-Profit","40",,,,,"0",,"10","14","12","4","-","-","-","-","-","-","-",,,,"01/01/2035",,,,"07/27/2034",,,,,,"01/01/2035",,"false","POINT (-119.06413 43.578)"
"MARYLHURST",,"101 W A ST","BURNS","97720","HARNEY","Single Site","Active","2","30","60","Multi-Family Residential Rental",,,"LOLA MCALLISTER",,"Lola McAllister","For-Profit","18","18",,,,"0",,"18","0","0","0","-","-","-","-","-","-","-",,,,,,,,,,,,"01/31/2025",,"01/31/2025","Housing Assistance Payment","false","POINT (-119.05567 43.58985)"
"West Ridge Apartments","West Ridge Apartments","504 WEST RIDGE AVE","HINES","97738","HARNEY","Scattered","Active","2","30","60","Multi-Family Residential Rental",,,"Harney County Senior and Community Services Center (aka Feathered Nest Properties","Harney County Senior & Community Services","Feathered Nest Properties, LLC","Non-Profit","20","0","20",,"0","0",,"20","0","0","0","0","5","0","15","0","0","0",,"04/23/2019",,,,,,"12/31/2049",,,"12/31/2049",,,"12/31/2049",,"true","POINT (-119.0821 43.57368)"
"SAGINAW VILLAGE",,"605 N SAGINAW AVE","HINES","97738","HARNEY","Single Site","Active","2","30","60","Multi-Family Residential Rental",,,"CASCADE MANAGEMENT CORP.",,"Saginaw Village Assoc Inc","Non-Profit","30","30",,,,"0",,"20","10","0","0","-","-","-","-","-","-","-",,,,,,,,,,,,"07/31/2033",,"07/31/2033","Housing Assistance Payment","false","POINT (-119.07825 43.57229)"
"ASPEN GROVE",,"611 TENNYSON AVE","HINES","97738","HARNEY","Single Site","Active","2","30","60","Multi-Family Residential Rental",,,,,"Harney Senior Housing Inc.","Non-Profit","22","22",,,,"0",,"22","0","0","0","-","-","-","-","-","-","-",,,,,,,,,,,,"06/30/2028",,"06/30/2028","Project Rental Assistance Contract","false","POINT (-119.08213 43.57316)"
"ASPENS",,"210 ROE DAVIS AVE","HINES","97738","HARNEY","Single Site","Active","2","30","60","Assisted Living (ALF)",,,"Concepts in Community Living Inc",,"Harney Pioneer Homes Inc","NON-PROFIT","40","8",,,,,,,,,,"-","-","-","-",,,,,,,,,,,,,,"07/15/2031",,,"07/15/2031",,"true","POINT (-119.07949 43.57421)"
"Cypress Hills Apartments","Cypress Hills Apartments_2","24 NE Clark Street","Cascade Locks","97014","Hood River","Scattered","In Development","0","0","0","Multi-Family Residential Rental",,,,"Chrisman Development",,,"100","100","2","0","0",,,,,,"0",,,,,,,,"13/06/2024",,,,,,,,,,,,,,,"true","POINT (-121.88652 45.67302)"
"Indian Creek Village","Indian Creek Village","1585 9th Court","Hood River","97031","Hood River","Single Site","Active","3","26","52","Multi-Family Residential Rental","1978",,"Guardian Real Estate Services, LLC",,"Indian Creek Village Limited Partnership","For-Profit","56","51","4",,"0","0",,"20","36","0","0","0","0","0","56","0","0","0",,"12/15/2004",,"01/01/2035",,,,,,,,,"2034 Jun 09 12:00:00 AM","01/01/2035",,"true","POINT (-121.51973 45.69775)"
"Wyeast Vista Apts","Wyeast Vista Apts","1800 8th Street","Hood River","97031","Hood River","Single Site","Active","3","26","52","Multi-Family Residential Rental","1994","2,012","Cascade Management, Inc. (Portland)",,"Columbia Cascade Housing Corporation",,"24","19","2",,"0",,,,"8","8","8","0","0","0","24","0","0","0",,"09/27/2011",,,,,,"09/06/2052",,,"09/06/2052",,"2042 May 24 12:00:00 AM","09/06/2052",,"true","POINT (-121.51924 45.69509)"
"Cascade Meadows Senior Apartments","Cascade Meadows Senior Apartments","30 SE Belle Street","Cascade Locks","97014","Hood River","Single Site","Active","3","26","52","Elderly Apartments","2012",,"Columbia Cascade Housing Corporation",,"Cascade Meadows Senior Apartments",,"13","12","1",,"0","0",,"12","0","0","0","12","0","0","0","1","0","0",,"05/12/2011",,,"10/08/2072",,"01/01/2072",,,,,"02/28/2029",,"10/08/2072","Project Rental Assistance Contract","true","POINT (-121.8867 45.66944)"
"Indian Creek Court","Indian Creek Court","1615 9th Court","Hood River","97041","Hood River","Single Site","Active","3","26","52","Multi-Family Residential Rental","2011",,"Guardian Real Estate Services, LLC",,"Indian Creek Court Apartments LLC","For-Profit","48","48",,,"0","0",,"18","26","4","0","0","0","0","48","0","0","0",,"03/01/2011","01/01/2063",,,"04/15/2022",,,,,"02/15/2043","03/31/2032",,"01/01/2063","Housing Assistance Payment","true","POINT (-121.51925 45.69762)"
"Wind River Place","Wind River Place","955 Sieverkropp Drive","Hood River","97031","Hood River","Single Site","Active","3","26","52","Multi-Family Residential Rental","1997",,"Cascade Management, Inc. (Portland)",,"Wind River Place Associates, a Washington LP",,"32",,,,,,,,"20","8","4",,,"16","16",,,"-",,"10/17/1995",,"08/01/2047",,,,"08/01/2047",,,,,,"08/01/2047",,"true","POINT (-121.52114 45.69375)"
"COLUMBIA VIEW",,"40 SW WASCO ST","CASCADE LOCKS","97014","HOOD RIVER","Single Site","Active","3","23","45","Multi-Family Residential Rental",,,"VIRIDIAN MANAGEMENT, INC",,,,"12","10","0",,,"0",,"1","11","0","0","-","-","-","-","-","-","-",,,,,,,,,,,,,"2025 Apr 26 12:00:00 AM","04/26/2025",,"false","POINT (-121.89504 45.66379)"
"PARKHURST HOUSE",,"2450 MAY ST","HOOD RIVER","97031","HOOD RIVER","Single Site","Active","3","26","52","Assisted Living (ALF)",,,,,"Master Tenant (Oregon) Aid OPCO LLC",,"30","6","0",,,,,,,,,"-","-","-","-",,,,,,,,,,,,,,"03/15/2031",,,"03/15/2031",,"true","POINT (-121.53708 45.70381)"
"RIVERVIEW TERRACE",,"24 NW CLARK ST","CASCADE LOCKS","97014","HOOD RIVER","Single Site","Active","3","26","52","Multi-Family Residential Rental",,,"GRAND MANAGEMENT SERVICES INC",,,,"24","20","0",,,"0",,"0","24","0","0","-","-","-","-","-","-","-",,,,,,,,,,,,,,,,"false","POINT (-121.88652 45.67302)"
"ARENDS PLACE I",,"830 SIEVERKROPP DR","HOOD RIVER","97031","HOOD RIVER","Single Site","Active","3","26","52","Multi-Family Residential Rental",,,"SHELTER RESOURCES INC",,,,"51","17","0",,,,,,,,,"-","-","-","-","-","-","-",,,,,,,,,,,,,"2041 Nov 22 12:00:00 AM","11/22/2041",,"false","POINT (-121.51941 45.69444)"
"RIO BELLA HEIGHTS",,"1600 9TH CT","HOOD RIVER","97031","HOOD RIVER","Single Site","Active","3","26","52","Multi-Family Residential Rental",,,"HOUSING FOR PEOPLE (HOPE)",,"Mid-Columbia Housing Authority","Housing Authority","26",,,,,"0",,"0","12","14","0","-","-","-","-","-","-","-",,,,"01/01/2073","12/31/2072",,"12/31/2071",,,,,,,"01/01/2073",,"false","POINT (-121.52019 45.69798)"
"Arends Place I and II","Arends Place I and II","3740 BLACKBURN DR","HOOD RIVER","97031","HOOD RIVER","Scattered","Active","3","26","52","Multi-Family Residential Rental","1991",,"Cascade Management, Inc. (Portland)",,"Arends Place I Portfolio Company, LLC",,"62","23",,,,"0",,"13","22","6","0","23","9","14","16",,,"-",,"03/05/2012",,"12/31/2062","12/31/2062",,"12/31/2043",,,,,,"2041 Nov 23 12:00:00 AM","12/31/2062",,"true","POINT (-121.54768 45.65956)"
"Hood River Crossing Apartments","Hood River Crossing Apartments","3135 CASCADE AVE","HOOD RIVER","97031","HOOD RIVER","Scattered","Active","3","26","52","Multi-Family Residential Rental","2011",,"Cascade Management, Inc. (Portland)",,"Hood River Crossing, LLC",,"40",,"3",,"0","0",,"5","29","6","0","4","4","16","15","0","0","0",,"06/24/2010",,"04/27/2051","11/17/2051","09/27/2031",,"10/08/2049",,,"05/10/2051",,,"11/17/2051",,"true","POINT (-121.54369 45.71081)"
"Casa de Alma","Casa de Alma","3050 GILHOULEY RD","HOOD RIVER","97031","HOOD RIVER","Scattered","Active","3","26","52","Multi-Family Residential Rental",,,"Mt. Hood Orchards",,"Gidley, Jerod",,"20",,"0",,,,,"20",,,"0",,,"20",,,,"-",,"02/16/2001",,,,,,"12/31/2032",,,"12/31/2032",,,"12/31/2032",,"true","POINT (-121.57589 45.63388)"
"Holly Court Apartments","Holly Court Apartments","CONFIDENTIAL","Medford","97501","Jackson","Single Site","Active","2","3","6","Multi-Family Residential Rental","1997",,"Pinehurst Management, LLC",,"Minnick, Kathryn L","For-Profit","8",,,,,,,"4","4",,"0",,,"8",,,,"-",,"06/03/1997",,,"03/17/2029",,,"06/03/2027",,,,,,"03/17/2029",,"true",
"Brookside Rose Apartments","Rose Court","1108 N Rose Street","Phoenix","97535","Jackson","Scattered","Active","0","0","0","Elderly Apartments","2014",,"Viridian Management, Inc","Chrisman Development","Brookside Rose Apartments, LLC",,"36","0",,,,,,"76",,,"0",,,,"76",,,,"24/10/2022","04/09/2014",,"12/10/2074",,"03/02/2044","12/31/2082",,,,,,,"12/31/2082",,"true","POINT (-122.82628 42.28177)"
"Grape Street (fka Moving Forward)","Grape Street (fka Moving Forward)","135 East 11th Street","Medford","97501","Jackson","Single Site","Active","2","3","6","Multi-Family Residential Rental",,,"Rogue Retreat",,"Rogue Retreat",,"8",,"0",,"8",,,"1","7",,"0","0","0","0","8","0","0","0",,"07/10/2009",,,,,,"07/10/2049",,,"07/10/2049",,,"07/10/2049",,"true","POINT (-122.86973 42.32296)"
"Quail Run Apartments","Quail Run Apartments","20 Erickson Street","Shady Cove","97539","Jackson","Single Site","Active","2","28","56","Multi-Family Residential Rental","2006",,"Housing Authority of Jackson County",,"Quail Run Development LP",,"24",,"0",,"0",,,"16","8",,"0","0","0","5","19","0","0","0",,"04/30/2006","01/01/2046",,,,"02/01/2075","05/01/2036",,,"10/15/2045",,,"02/01/2075",,"true","POINT (-122.81037 42.62477)"
"Scenic Heights","Scenic Heights","1847 Scenic Avenue","Central Point","97502","Jackson","Single Site","Active","2","2","4","Multi-Family Residential Rental","2009",,"Housing Authority of Jackson County",,"Scenic Heights Development LP",,"48",,"3",,"0","0",,"10","30","8","0","0","0","47","0","0","0","0",,"08/20/2008",,"01/01/2069",,"04/15/2030",,"08/20/2068",,,"06/05/2069",,,"06/05/2069",,"true","POINT (-122.92087 42.38739)"
"Berrydale Avenue Project","Berrydale Avenue Project","250 Berrydale Avenue","Medford","97501","Jackson","Single Site","Active","2","3","6","Multi-Family Residential Rental","1994",,"Housing Authority of Jackson County",,"Housing Authority of Jackson County","Housing Authority","12",,,,,,,,"12",,"0",,,"12",,,,"-",,"06/20/1994",,,"03/06/2046",,,"06/20/2044",,,,,,"03/06/2046",,"true","POINT (-122.89175 42.35086)"
"Valley Pines Apartments","Valley Pines Apartments","645 Royal Ave","Medford","97504","Jackson","Single Site","Active","2","3","6","Multi-Family Residential Rental","1979",,"Guardian Real Estate Services, LLC","Wishrock and Ray LLC","Valley Pines Wishrock LLC","For-Profit","120","0","0","0",,"42","42","42","30","6","0",,,,"120",,,"-","09/10/2023","10/07/1999","12/31/2032",,,,,,,,,,,"12/31/2032",,"true","POINT (-122.86635 42.33604)"
"Crater Lake Retreat","Crater Lake Retreat","2166 Crater Lake Avenue #A-D","Medford","97504","Jackson","Single Site","Active","2","3","6","Multi-Family Residential Rental",,,"Housing Authority of Jackson County",,"Housing Authority of Jackson County","Housing Authority","4",,"0",,"4",,,,"4",,"0","0","0","0","4","0","0","0",,"08/31/2011",,,,,,,,,"01/01/2032",,,"01/01/2032",,"true","POINT (-122.85573 42.34986)"
"Countryside 4-Plex","Countryside 4-Plex","501 - 503 - 505 - 507 Countryside Drive","Central Point","97502","Jackson","Single Site","Active","2","2","4","Multi-Family Residential Rental","1996",,"Housing Authority of Jackson County",,"Housing Authority of Jackson County","Housing Authority","4",,,,,,,,"4",,"0",,,"2","2",,,"-",,"08/07/1995",,,"03/28/2046",,,"08/07/2045",,,,,,"03/28/2046",,"true","POINT (-122.90142 42.37124)"
"Grand Apartments, The","Grand Apartments, The","202 North Front Street","Medford","97501","Jackson","Single Site","Active","4","1","2","Multi-Family Residential Rental","2010",,"Housing Authority of Jackson County",,"Housing Authority of Jackson County","Housing Authority","26",,"1",,"0",,"3","23",,,"0","0","0","0","26","0","0","0",,"05/28/2010",,,"05/16/2041",,,"05/28/2040",,,,,,"05/16/2041",,"true","POINT (-122.87477 42.32786)"
"Spring Garden Apartments","Spring Garden Apartments-T","233 Eva Way","Talent","97540","Jackson","Scattered","Active","0","0","0","Multi-Family Residential Rental","2022","2,021","Viridian Management, Inc","Chrisman Development Inc","Spring Garden Apartments LLC",,"64","64",,,,,,"53","55",,"0","18",,"61","29",,,,"28/09/2021","11/01/2022",,"12/31/2082",,"08/22/2048","12/31/2082",,,,"12/31/2032",,,"12/31/2082",,"true","POINT (-122.7864 42.2424)"
"West Main Apartments 1","West Main Apartments 1","1310 West Main Street","Medford","97501","Jackson","Single Site","Active","2","3","6","Multi-Family Residential Rental","1997",,"OnTrack Rogue Valley Inc.",,"OnTrack Rogue Valley Inc.",,"6",,,,,,,,"6",,"0",,,"6",,,,"-",,"01/29/1997",,,"01/29/2047",,,,,,,,,"01/29/2047",,"true","POINT (-122.88694 42.32369)"
"Patriot Station","Patriot Station","8400 Division Road","White City","97503","Jackson","Single Site","Active","2","28","56","Multi-Family Residential Rental","2017",,"Housing Authority of Jackson County",,"Patriot Station LLC","Housing Authority","54",,"0",,"0","0",,"20","18","16","0","0","0","53","0","0","0","0",,"05/12/2017",,"07/01/2077","10/31/2077",,,,,,,,,"10/31/2077",,"true","POINT (-122.83449 42.43769)"
"Rogue Terrace","Rogue Terrace","641 N River Road","Rogue River","97537","Jackson","Single Site","Active","2","2","4","Elderly-Disabled","1979",,"Pinehurst Management, LLC",,"Southern Oregon Affordable Rentals I, LLC","For-Profit","32","32","3",,"0","0",,"32","0","0","0","0","0","0","32","0","0","0",,"03/31/2010",,,"01/13/2041","12/28/2030",,"03/31/2040",,,,"12/31/2041",,"12/31/2041","Housing Assistance Payment","true","POINT (-123.1619 42.43168)"
"Talent Senior Apartments","Talent Senior Apartments","41 Suncrest Road","Talent","97540","Jackson","Scattered","Active","0","0","0","Elderly Apartments","2024",,,"Age+",,,"22","0","22","22","0",,,,,,"0",,,,"22",,,,"06/12/2022","12/31/2024",,,,,,,"12/31/2054",,,,,"12/31/2054",,"true","POINT (-122.78855 42.24875)"
"Rogue Ridge Apartments","Rogue Ridge Apartments","1651 Ashland St","Ashland","97520","Jackson","Scattered","Active","2","3","5","Multi-Family Residential Rental",,,"ColumbiaCare Services, Inc.","Columbia Care Services Inc","ColumbiaCare Rogue Ridge Apartments LLC",,"28","0",,,"28",,"23","8",,"1","0","0","0","0","0","28","0","0","10/06/2021","10/31/2022",,,,,,,,,"12/31/2052",,,"12/31/2052",,"true","POINT (-122.68627 42.18543)"
"Willow Glen Apartments","Willow Glen Apartments","1200 Cherry Street","Central Point","97502","Jackson","Single Site","Active","2","2","4","Multi-Family Residential Rental","1994",,"Housing Authority of Jackson County",,"Willow Glen Limited Partnership","Housing Authority","74",,,,,"0",,"0","52","22","0",,,,"73",,,"-",,"12/02/1994",,"01/01/2023",,,,,,,"12/31/2027",,,"12/31/2027",,"true","POINT (-122.91123 42.38225)"
"Snowberry Brook II","Snowberry Brook II","2505 Villard Street","Ashland","97520","Jackson","Scattered","Active","0","0","0","Multi-Family Residential Rental","2021",,"Housing Authority of Jackson County","Housing Authority of Jackson County","Snowberry Brook II LLC",,"60","25","3","44","15",,,"10","40","10","0",,,"51","9",,,,"19/08/2020","01/01/2022",,"12/31/2081","07/20/2082",,,,,,"07/20/2082",,,"07/20/2082",,"true",
"Anderson Vista","Anderson Vista","551 Talent Avenue","Talent","97540","Jackson","Single Site","Active","2","3","5","Multi-Family Residential Rental","2023","2,023",,"HAJC","Housing Authority of Jackson County","Housing Authority","36","23","2","11",,"0",,"0","19","13","4",,,"35","1",,,"-","30/11/2023","01/29/1996",,,,,"12/31/2083","01/29/2029",,,,,,"12/31/2083",,"true","POINT (-122.77801 42.2389)"
"Canterbury Hills","Canterbury Hills","3787 Arrowhead Drive","Medford","97504","Jackson","Single Site","Active","2","3","6","Multi-Family Residential Rental","2011",,"Housing Authority of Jackson County",,"Canterbury Hills LLC",,"48",,"3",,"0","14",,"7","17","10","0","0","0","8","39","0","0","0",,"01/29/2011",,"01/01/2072","07/30/2072",,"04/30/2072",,,,,,,"07/30/2072",,"true","POINT (-122.8517 42.36954)"
"Catalpa Shade Apartments","Catalpa Shade Apartments","CONFIDENTIAL","Medford","97501","Jackson","Single Site","Active","2","3","6","Disabled Apartments","2003",,"Cascade Management, Inc. (Portland)",,"ASI Jackson County, Inc.","Non-Profit","22","21","22",,,"0",,"16","5","0","0",,,"11","3",,,"-",,"03/26/2003",,,"10/18/2044",,,"03/26/2043",,,,"12/31/2025",,"10/18/2044","Project Rental Assistance Contract","true",
"Hyde Park","Hyde Park","2272 Dollarhide Way","Ashland","97520","Jackson","Single Site","Active","2","3","5","Multi-Family Residential Rental","2012",,"ACCESS",,"ACCESS","Non-Profit","6","0","2",,"0",,,"3","1","2","0","0","0","0","6","0","0","0",,"12/04/2012",,,"12/31/2073",,,"12/31/2073",,,,,,"12/31/2073",,"true","POINT (-122.67458 42.19016)"
"Maple Terrace","Maple Terrace","5 Mace Road","Medford","97501","Jackson","Single Site","Active","2","3","6","Multi-Family Residential Rental","2007",,"Housing Authority of Jackson County",,"Maple Terrace Development LP",,"82",,"7",,,"0",,"22","48","12","0",,,"82",,,,"-",,"08/20/2007",,"01/01/2067","07/30/2069","07/01/2028",,"01/13/2066",,,"08/20/2067",,,"07/30/2069",,"true","POINT (-122.90267 42.35834)"
"Rogue River Estates","Rogue River Estates","1395 Poplar Drive","Medford","97504","Jackson","Single Site","Active","2","3","6","Elderly-Disabled","2008",,"Housing Authority of Jackson County",,"Rogue River Apartment LLC","For-Profit","92","92",,,"0","12","12","79","1","0","0","0","0","0","93","0","0","0",,"05/01/2008","01/01/2039",,,"07/07/2028",,,,,"05/15/2038","06/30/2038",,"01/01/2039","Housing Assistance Payment","true","POINT (-122.86935 42.34336)"
"Manzanita Retreat","Manzanita Retreat","720-726 Manzanita Street","Central Point","97502","Jackson","Single Site","Active","2","2","4","Multi-Family Residential Rental","1967",,"Housing Authority of Jackson County",,"Housing Authority of Jackson County","Housing Authority","8",,"0",,,,,"8",,,"0",,,"8",,,,"-",,"08/24/2011",,,,,,"10/31/2037",,,"01/01/2032",,,"10/31/2037",,"true","POINT (-122.91244 42.37795)"
"Northridge Center (ALF)","Northridge Center (ALF)","3737 S Pacific Highway","Medford","97501","Jackson","Single Site","Active","2","3","5","0","1994",,"Northridge Center Inc.",,"RiverRidge Management, LLC",,"55",,,,,,"45","10",,,"0",,,"33",,,,"-",,"10/27/1994",,,,,,,,,"10/15/2043",,,"10/15/2043",,"true","POINT (-122.83017 42.28534)"
"Penny Lane Apts","Penny Lane Apts","445 North Second Street","Central Point","97502","Jackson","Single Site","Active","2","2","4","Multi-Family Residential Rental","2005",,"Housing Authority of Jackson County",,"Housing Authority of Jackson County","Housing Authority","12",,"1",,"0","0",,"6","6","0","0","0","0","10","1","1","0","0",,"06/20/2005",,,"10/15/2067","10/02/2027",,"06/20/2065",,,,,,"10/15/2067",,"true","POINT (-122.91965 42.37881)"
"Snowberry Brook","Snowberry Brook","380 Clay Street","Ashland","97520","Jackson","Single Site","Active","2","3","5","Multi-Family Residential Rental","2010",,"Housing Authority of Jackson County",,"Snowberry Brook II LLC",,"60",,"3",,"0","0",,"12","38","10","0","0","0","51","0","8","0","0",,"04/01/2010",,"01/01/2071",,"11/04/2031",,"04/01/2070",,,"04/01/2020",,,"01/01/2071",,"true","POINT (-122.67642 42.1873)"
"Barnett Townhouses","Barnett Townhouses","1852 E Barnett Road","Medford","97504","Jackson","Single Site","Active","2","3","5","Multi-Family Residential Rental","1996",,"Housing Authority of Jackson County",,"Housing Authority of Jackson County","Housing Authority","82",,,,,,,,"19","40","22",,,"6","75",,,"-",,"11/22/1995",,"01/01/2045","12/13/2046",,,"01/01/2045",,,,,,"12/13/2046",,"true","POINT (-122.84458 42.31592)"
"Rogue Retreat","Rogue Retreat","525 N Riverside","Medford","97501","Jackson","Single Site","Active","2","3","6","Multi-Family Residential Rental",,,"Rogue Retreat",,"Rogue Retreat",,"11",,"0",,"11",,,"10","1",,"0","0","0","0","11","0","0","0",,"05/08/2009",,,,,,"05/08/2049",,,"02/23/2050",,,"02/23/2050",,"true","POINT (-122.87338 42.33279)"
"Pacific Flats","Pacific Flats","4019 S Pacific Hwy","Phoenix","97501-9070","Jackson","Single Site","In Development","0","0","0","Multi-Family Residential Rental",,,,"Commonwealth Dev Corp of America / Natives of One Wind Indigenous Alliance",,,"60","0","0","0","0",,,,,,"0",,,,,,,,"28/02/2024",,,,,,,,,,,,,,,"true",
"11th Street Retreat 800 Block","11th Street Retreat 800 Block","806-820 W 11th Street","Medford","97501","Jackson","Single Site","Active","2","3","6","Mini-RCC",,,"Housing Authority of Jackson County",,"Housing Authority of Jackson County",,"5",,"0",,"5",,,,"5",,,,"0","0","5","0",,,,,,,,,,"10/31/2037",,,,,,"10/31/2037",,"true","POINT (-122.88075 42.32011)"
"Spring Garden Apartments","Spring Garden Apartments-RR","621 N River Road","Rogue River","97537","Jackson","Scattered","Active","0","0","0","Multi-Family Residential Rental","2022","2,021","Viridian Management, Inc","Chrisman Development Inc","Spring Garden Apartments LLC",,"36","36",,,,,,"53","55",,"0","18",,"61","29",,,,"28/09/2021","11/01/2022",,"12/31/2082",,"08/22/2048","12/31/2082",,,,"12/31/2032",,,"12/31/2082",,"true","POINT (-123.16205 42.43235)"
"Brookside Rose Apartments","Brookside Village","933 N Rose Street","Phoenix","97535","Jackson","Scattered","Active","0","0","0","Elderly Apartments","2014",,"Viridian Management, Inc","Chrisman Development","Brookside Rose Apartments, LLC",,"40","0",,,,,,"76",,,"0",,,,"76",,,,"24/10/2022","04/09/2014",,"12/10/2074",,"03/02/2044","12/31/2082",,,,,,,"12/31/2082",,"true","POINT (-122.82697 42.27856)"
"Swing Lane Supportive Housing","Swing Lane Supportive Housing","766 Swing Lane","Medford","97501","Jackson","Single Site","Active","2","3","6","Disabled Apartments","2018",,"ColumbiaCare Services, Inc.",,"ColumbiaCare Swing Lane LLC","Non-Profit","8","0","1",,"7","0",,"0","6","2","0","0","0","0","4","1","0","0",,"04/03/2018",,,,,,,,,"03/01/2049",,,"03/01/2049",,"true","POINT (-122.88503 42.35311)"
"Spring Garden Apartments","Spring Garden Apartments-GH","459 Fourth Street","Gold Hill","97525","Jackson","Scattered","Active","0","0","0","Multi-Family Residential Rental","2022","2,021","Viridian Management, Inc","Chrisman Development Inc","Spring Garden Apartments LLC",,"8","8",,,,,,"53","55",,"0","18",,"61","29",,,,"28/09/2021","11/01/2022",,"12/31/2082",,"08/22/2048","12/31/2082",,,,"12/31/2032",,,"12/31/2082",,"true","POINT (-123.04843 42.43263)"
"Stewart Avenue Apartments",,"1319 Stewart Avenue","Medford",,"Jackson",,"Active","2","3","5","Multi-Family Residential Rental",,,,,"Columbia Care Services",,"16",,,,"0",,,,,,,"1","0","14","0","0","0","0",,,,,,,"12/31/2081",,,,,,,"12/31/2081",,"true","POINT (-122.89041 42.31289)"
"Cherry Creek I","Cherry Creek I","1040 N Berkeley Drive","Medford","97504","Jackson","Single Site","Active","2","3","6","Multi-Family Residential Rental","2014",,"Housing Authority of Jackson County",,"Cherry Creek Part I LLC",,"50",,"3",,"0",,,"14","20","16","0","0","0","36","13","0","0","0",,"05/22/2013",,"04/01/2074",,"10/20/2034",,,,,"06/01/2035",,,"04/01/2074",,"true","POINT (-122.84994 42.33918)"
"Renaissance Flats","Renaissance Flats","232 Talent Ave","Talent","97540-9685","Jackson","Single Site","In Development","2","3","5","Multi-Family Residential Rental",,,"Viridian Management, Inc","Commonwealth Development Corp","Renaissance Flats LLC",,"72","0","6","24","0","0",,"0","36","36","0","8","0","20","44","0","0","0","24/06/2022",,,,,,,,,,,,,,,"true","POINT (-122.78404 42.24245)"
"Parkview Apartments","Parkview Apartments","41 Garfield Street","Ashland","97520","Jackson","Single Site","Active","2","3","5","Multi-Family Residential Rental","2004",,"ACCESS",,"ACCESS","Non-Profit","6",,"1",,,,"2",,"3","1","0",,,"6",,,,"-",,"03/20/2003",,,"12/23/2054",,,"03/20/2053",,,,,,"12/23/2054",,"true","POINT (-122.69628 42.19349)"
"Mountain Vista Apartments","Mountain Vista Apartments","1956-1996 Homeview Drive","Medford","97501","Jackson","Single Site","Active","2","3","5","Multi-Family Residential Rental","2017",,"Pinehurst Management, LLC",,"OnTrack Mountain Vista Apartments LP","For-Profit","46",,"3",,"0","0",,"8","31","7","0","0","0","31","11","0","0","0",,"09/15/2017",,"01/01/2078","12/13/2077",,"09/15/2077",,,,,,,"01/01/2078",,"true","POINT (-122.89725 42.31131)"
"11th Street Retreat 700 Block","11th Street Retreat 700 Block","711 W 11th Street A & B","Medford","97501","Jackson","Single Site","Active","2","3","6","Multi-Family Residential Rental",,,"Housing Authority of Jackson County",,"Housing Authority of Jackson County","Housing Authority","6",,"0",,"6",,,,"6",,"0","0","0","0","6","0","0","0",,"06/20/2011",,,,,"06/30/2042","06/30/2037",,,,,,"06/30/2042",,"true","POINT (-122.87896 42.32011)"
"Victory Place","Victory Place","520 N Front St","Medford","97501","Jackson","Single Site","Active","2","3","6","Multi-Family Residential Rental","2017",,"Commercial Counsel Inc",,"Commercial Counsel Inc","For-Profit","17",,"0",,"16","9","8","8","0","0","0","0","0","0","16","0","0","0",,"07/07/2016",,,,,,,,,"06/30/2077",,,"06/30/2077",,"true","POINT (-122.87724 42.3305)"
"Spring Street Apartments","Spring Street Apartments","750 Spring Street","Medford","97504","Jackson","Single Site","Active","2","3","6","Elderly-Disabled","2012",,"Cascade Management, Inc. (Portland)",,"Spring Housing LP","For-Profit","56","56",,,"0","0",,"50","6","0","0","0","0","0","56","0","0","0",,"06/24/2011",,"01/01/2073",,"03/01/2031","06/24/2071","06/24/2071",,,,"02/28/2031",,"01/01/2073","Housing Assistance Payment","true","POINT (-122.86407 42.33782)"
"2100 East Barnett","2100 East Barnett","2100 East Barnett Rd","Medford","97504","Jackson","Single Site","In Development","0","0","0","Multi-Family Residential Rental",,,,"NCD Consulting LLC dba North Development Group",,,"36","0","2","12","0",,,,,,"0",,,,,,,,"28/02/2025",,,,,,,,,,,,,,,"true","POINT (-122.84355 42.31609)"
"Stevens Place","Stevens Place","CONFIDENTIAL","Medford","97504","Jackson","Single Site","Active",,,,"Multi-Family Residential Rental","2000",,"Northwest Real Estate Capital Corp",,"Stevens Place Apartments Limited Partnership",,"50",,,,,,"4","16","18","9","3","3","3","44",,,,"-",,"06/17/1999",,"01/01/2055","10/09/2056","02/08/2021",,"06/17/2054",,,,,,"10/09/2056",,"true",
"Freedom Square II","Freedom Square II","3439 Avenue C","WHITE CITY",,"Jackson","Scattered","Active","2","28","56","Multi-Family Residential Rental","2022",,"Housing Authority of Jackson County","Housing Authority of Jackson County","Freedom Square II LLC",,"49","24",,,"18",,,"12","28","10","0","0","0","49","0","0","0","0","25/08/2021","10/28/2022",,"12/31/2082",,,"12/31/2082",,,,,,,"12/31/2082",,"true","POINT (-122.82689 42.42933)"
"Stewart Avenue Apartments","Stewart Avenue Apartments","1297 & 1301 Stewart Avenue","Medford","97501","Jackson","Scattered","Active","2","3","5","Multi-Family Residential Rental","2021",,"ColumbiaCare Services, Inc.","Columbia Care Services Inc","ColumbiaCare Stewart Avenue Apartments LLC",,"16","0","6","7",,,"4","12",,,"0","1",,"14",,,,,"01/07/2020","05/13/2021",,,,,,,,,"12/31/2081",,,"12/31/2081",,"true","POINT (-122.89014 42.31289)"
"Concord, The","Concord, The","100 N. Grape Street","Medford","97501","Jackson","Single Site","Active","2","3","6","Multi-Family Residential Rental","2017",,"Housing Authority of Jackson County",,"Sixth & Grape Development LLC","Housing Authority","50",,"0",,"0",,,"20","30",,"0","0","0","36","13","0","0","0",,"01/19/2017",,"09/01/2077","08/03/2077","07/27/2037",,,,,"01/19/2077",,,"09/01/2077",,"true","POINT (-122.87642 42.32643)"
"Conifer Gardens","Conifer Gardens","700 Royal Avenue","Medford","97504","Jackson","Single Site","Active","2","3","6","Elderly Apartments","1974",,"Cascade Management, Inc. (Portland)",,"Conifer Gardens Limited Partnership","Limited Dividend","50","50","2",,,"16","16","34","0","0","0",,,"36","16",,,"-",,"01/30/2007",,"01/01/2058","06/23/2059",,,"01/30/2057",,,,"07/31/2031",,"06/23/2059","Housing Assistance Payment","true","POINT (-122.86515 42.33639)"
"GLENRIDGE TERRACE",,"690 BLACK OAK DR","MEDFORD","97504","JACKSON","Single Site","Active","2","3","6","Multi-Family Residential Rental",,,"PACIFIC RETIREMENT SERVICE",,"RVM LIVELY OAKS HOUSING, CORP.","Non-Profit","50","46",,,,"0",,"0","17","23","6","-","-","-","-","-","-","-",,,,,,,,,,,,"09/30/2026",,"09/30/2026","Housing Assistance Payment","false","POINT (-122.83568 42.31711)"
"Rogue Valley Apartments (3 Scattered Sites)","Rogue Valley Apartments White City I","333 LORRAINE AVE","EAGLE POINT","97524","JACKSON","Scattered","Active","2","28","56","Multi-Family Residential Rental","2021","2,021","Viridian Management, Inc","Chrisman Development Inc","Rogue Valley Apartments LLC","For-Profit","76","65","0",,,"0",,"10","12","0","0","0","0","0","0","0","0","0","29/10/2020","12/01/2021",,"12/31/2082","05/04/2082",,"12/31/2082",,,"12/31/2052","05/04/2052",,"2050 Oct 21 12:00:00 AM","12/31/2082",,"true","POINT (-122.80975 42.47055)"
"Star Thistle Apartments","Star Thistle Apartments","1971 SISKIYOU BLVD","ASHLAND","97520","JACKSON","Scattered","Active","2","3","5","Disabled Apartments",,,"Options for Southern Oregon, Inc",,"Ashland Housing Opportunities, Inc.","Non-Profit","12","11",,,,"0",,"11","0","0","0",,,"12",,,,"-",,"10/23/1997",,,,,,"10/23/2037",,,,"09/30/2025",,"10/23/2037","Project Rental Assistance Contract","true","POINT (-122.68032 42.1797)"
"MULBERRY COURT",,"2120 TABLE ROCK RD","MEDFORD","97501","JACKSON","Single Site","Active","2","3","6","Multi-Family Residential Rental",,,"CPM  REAL ESTATE SERVICES, INC.",,"MULBERRY COURT, LLC","For-Profit","30","30",,,,"0",,"0","21","9","0","-","-","-","-","-","-","-",,,,,,,,,,,,"11/30/2034",,"11/30/2034","Housing Assistance Payment","false","POINT (-122.88385 42.34914)"
"ASHLEY SENIOR CENTER",,"2301 SISKIYOU BLVD","ASHLAND","97520","JACKSON","Single Site","Active","2","3","5","Multi-Family Residential Rental",,,"CBM MGMT GROUP INC",,,,"61","48","6",,,"0",,"59","2","0","0","-","-","-","-","-","-","-",,,,,,,,,,,,,"2039 May 20 12:00:00 AM","05/20/2039",,"false","POINT (-122.6737 42.17639)"
"WALKER HOUSE",,"720 WALKER AVE","ASHLAND","97520","JACKSON","Single Site","Active","2","3","5","Multi-Family Residential Rental",,,,,,,"8",,,,,,,,,,,"-","-","-","-","-","-","-",,,,,,,,,,,,,,,,"false","POINT (-122.68814 42.18218)"
"COTTONWOOD",,"717 N ROSS LN","MEDFORD","97501","JACKSON","Single Site","Active","2","3","6","Multi-Family Residential Rental",,,"ACCESS",,,,"5",,,,,,,,,,,"-","-","-","-","-","-","-",,,,,,,,,,,,,,,,"false","POINT (-122.8993 42.33178)"
"ELK STREET TOWNHOMES",,"81 ELK ST","MEDFORD","97501","JACKSON","Single Site","Active","2","3","6","Multi-Family Residential Rental",,,,,,,"13",,,,,,,,,,,"-","-","-","-","-","-","-",,,,,,,,,,,,,,,,"false","POINT (-122.90012 42.35522)"
"SOUTHERNAIRE",,"2578 TABLE ROCK RD","MEDFORD","97501","JACKSON","Single Site","Active","2","3","6","Multi-Family Residential Rental",,,,,,,"58",,,,,,,,,,,"-","-","-","-","-","-","-",,,,,,,,,,,,,,,,"false","POINT (-122.88539 42.35457)"
"Living On Track Sky Vista-Lithia Place","Living On Track Sky Vista","1900 HOMEVIEW DR","MEDFORD","97501","JACKSON","Scattered","Active","2","3","5","Multi-Family Residential Rental","2005",,"Northwest Real Estate Capital Corp",,"Living on Track LP",,"48",,"4",,,,,"18","41","4","0","7",,"56",,,,"-",,"09/22/2005",,"01/01/2066","01/09/2068","04/27/2027",,"09/22/2065",,,"11/18/2065",,,"01/09/2068",,"true","POINT (-122.89643 42.31146)"
"LARSON CREEK RETIREMENT CENTER",,"1025 ELLENDALE DR","MEDFORD","97504","JACKSON","Single Site","Active","2","3","5","Multi-Family Residential Rental",,,"PACIFIC RETIREMENT SERVICE",,"RVM Medford II Housing Corp","Non-Profit","40","40",,,,"0",,"40","0","0","0","-","-","-","-","-","-","-",,,,,,,,,,,,"06/30/2029",,"06/30/2029","Project Rental Assistance Contract","false","POINT (-122.8451 42.31369)"
"FAIRFIELD PLACE",,"18 WASHINGTON ST","MEDFORD","97501","JACKSON","Single Site","Active","2","3","6","Multi-Family Residential Rental","1994",,,,"On Track Inc.",,"4",,,,,,,,,,,"-","-","-","-","-","-","-",,,,,"06/16/2044",,,,,,"07/15/2029",,,"06/16/2044",,"false","POINT (-122.88831 42.32319)"
"CHESTNUT TOWNHOMES",,"450 CHESTNUT ST","ASHLAND","97520","JACKSON","Single Site","Active","2","3","5","Multi-Family Residential Rental",,,,,,,"4",,,,,,,,,,,"-","-","-","-","-","-","-",,,,,,,,,,,,,,,,"false","POINT (-122.72594 42.20428)"
"SUMMIT STREET",,"736 SUMMIT AVE","MEDFORD","97501","JACKSON","Single Site","Active","2","3","6","Multi-Family Residential Rental",,,,,,,"6",,,,,,,,,,,"-","-","-","-","-","-","-",,,,,,,,,,,,,,,,"false","POINT (-122.88681 42.33213)"
"Freedom Square and Liberty Place Apartments","Freedom Square Apartments","3442 AVENUE E","WHITE CITY","97503","JACKSON","Scattered","Active","2","28","56","Multi-Family Residential Rental","2013",,"Housing Authority of Jackson County",,"Freedom & Liberty Development LLC",,"34",,"3",,,,,"24","22","4","0","0","0","31","18","0","0","0",,"06/17/2013",,"01/01/2074",,"01/30/2034",,,,,,,,"01/01/2074",,"true","POINT (-122.82683 42.43203)"
"ROYAL",,"726 ROYAL AVE","MEDFORD","97504","JACKSON","Single Site","Active","2","3","6","Multi-Family Residential Rental",,,,,,,"86",,,,,,,,,,,"-","-","-","-","-","-","-",,,,,,,,,,,,,,,,"false","POINT (-122.86471 42.33722)"
"QUAIL RIDGE RETIREMENT CENTER",,"1055 ELLENDALE DR","MEDFORD","97504","JACKSON","Single Site","Active","2","3","5","Multi-Family Residential Rental",,,"PACIFIC RETIREMENT SERVICE",,"RVM Medford III Housing Corporation","Non-Profit","60","60",,,,"0",,"60","0","0","0","-","-","-","-","-","-","-",,,,,,,,,,,,"06/30/2029",,"06/30/2029","Project Rental Assistance Contract","false","POINT (-122.84505 42.31366)"
"ROSS KNOTTS RETIREMENT CENTER",,"2874 CREEKSIDE CIR","MEDFORD","97504","JACKSON","Single Site","Active","2","3","5","Multi-Family Residential Rental",,,"PACIFIC RETIREMENT SERVICE",,"RVM Housing Corporation","Non-Profit","50","50",,,,"13",,"37","0","0","0","-","-","-","-","-","-","-",,,,,,,,,,,,"12/31/2033",,"12/31/2033","Housing Assistance Payment","false","POINT (-122.83207 42.31457)"
"SEROBA CIRCLE",,"161 SEROBA CIR","MEDFORD","97501","JACKSON","Single Site","Active","2","3","6","Multi-Family Residential Rental",,,,,,,"12",,,,,,,,,,,"-","-","-","-","-","-","-",,,,,,,,,,,,,,,,"false","POINT (-122.89571 42.35446)"
"BEAVER STATE - STRATFORD",,"585 CLAY ST","ASHLAND","97520","JACKSON","Single Site","Active","2","3","5","Multi-Family Residential Rental",,,"VIRIDIAN MANAGEMENT, INC.",,"Chrisman - Beaver State Apartments LLC",,"51",,,,"0","0",,"17","29","5","0","0","0","0","50","0","0","0",,,"01/01/2043",,,,,,,,"12/15/2052",,"2040 Dec 24 12:00:00 AM","12/15/2052",,"false","POINT (-122.67642 42.18381)"
"ROYAL LOTO",,"110 LOTO ST","EAGLE POINT","97524","JACKSON","Single Site","Active","2","28","56","Multi-Family Residential Rental",,,"PACIFIC RETIREMENT SERVICE",,"RVM Eagle Point Housing Corporation","Non-Profit","16","16",,,,"8",,"7","1","0","0","-","-","-","-","-","-","-",,,,,,,,,,,,"04/30/2027",,"04/30/2027","Housing Assistance Payment","false","POINT (-122.80221 42.47171)"
"EIGHTH STREET",,"20 S 8TH ST","CENTRAL POINT","97502","JACKSON","Single Site","Active","2","2","4","Multi-Family Residential Rental",,,"JAMES ROTH TRUST",,"James Roth Trust","For-Profit","10","10",,,,"0",,"10","0","0","0","-","-","-","-","-","-","-",,,,,,,,,,,,"08/31/2034",,"08/31/2034","Housing Assistance Payment","false","POINT (-122.9108 42.37708)"
"FOUR OAKS",,"CONFIDENTIAL","MEDFORD","97501","JACKSON","Single Site","Active","2","3","6","Multi-Family Residential Rental","1977",,,,"ACCESS","Non-Profit","7",,,,,,,,,,,"-","-","-","-","-","-","-",,,,,"06/27/2031",,,"11/12/2029",,,,,,"06/27/2031","Housing Assistance Payment","true",
"Lions Cottage","Lions Cottage","CONFIDENTIAL","MEDFORD","97501","JACKSON","Scattered","Active","2","3","6","Elderly Apartments","2001",,,,"Delgado, Emma R",,"4",,"2",,,,,"2","2",,"0",,,"4",,,,"-",,"07/30/2001",,,"05/16/2033",,,"07/30/2031",,,,,,"05/16/2033",,"true",
"Delta House","Delta House","3397 DELTA WATERS RD","MEDFORD","97504","JACKSON","Scattered","Active","2","3","6","Multi-Family Residential Rental","1943","1,998","OnTrack Rogue Valley Inc.",,"OnTrack Rogue Valley Inc.",,"22",,,,,,"21",,,,"0",,,"21",,,,"-",,"07/16/1997",,,,,,"07/16/2048",,,,,,"07/16/2048",,"true","POINT (-122.82851 42.36019)"
"TALENT DUPLEXES",,"203 WEST ST","TALENT","97540","JACKSON","Single Site","Active","2","3","5","Multi-Family Residential Rental",,,,,"Housing Authority of Jackson County","Housing Authority","6",,,,,,,,,,,"-","-","-","-","-","-","-",,,,,"09/21/2045",,,"02/24/2044",,,,,,"09/21/2045",,"false","POINT (-122.79258 42.2433)"
"HOLLY STREET",,"325 S HOLLY ST","MEDFORD","97501","JACKSON","Single Site","Active","2","3","6","Multi-Family Residential Rental",,,,,,,"6",,,,,,,,,,,"-","-","-","-","-","-","-",,,,,,,,,,,,,,,,"false","POINT (-122.87323 42.32174)"
"Lilac Meadow Phase II","Lilac Meadow Phase II","3009 CUMMINGS LN","MEDFORD","97501","JACKSON","Scattered","Active","2","3","6","Multi-Family Residential Rental","2004",,"Housing Authority of Jackson County",,"Lilac Meadow Phase II Limited Partnership",,"40","23","2",,"0","0",,"14","22","6","0","0","42","0","0","0","0","0",,"07/21/2003",,"01/01/2064","09/30/2065","11/25/2025",,"07/21/2063",,,,,"2033 Oct 09 12:00:00 AM","09/30/2065",,"true","POINT (-122.88215 42.35973)"
"WEST PINE TERRACE",,"345 W PINE ST","CENTRAL POINT","97502","JACKSON","Single Site","Active","2","2","4","Multi-Family Residential Rental",,,,,,,"50",,,,,,,,,,,"-","-","-","-","-","-","-",,,,,,,,,,,,,,,,"false","POINT (-122.92189 42.37177)"
"Newbridge Place","Newbridge Place","217 N ROSS LN","MEDFORD","97501","JACKSON","Scattered","Active","2","3","6","Multi-Family Residential Rental","2019",,"Housing Authority of Jackson County",,"Newbridge Place LLC","Housing Authority","64","24","6","32","63","0",,"16","32","16","0","0","0","63","0","0","0","0","11/06/2020","10/02/2019",,"12/31/2079",,,,,,,,,,"12/31/2079",,"true","POINT (-122.89932 42.32649)"
"MEDFORD HOTEL",,"406 W MAIN ST","MEDFORD","97501","JACKSON","Single Site","Active","2","3","6","Multi-Family Residential Rental",,,"OREGON LANDMARK THREE LIMITED",,,,"74",,,,,"0",,"74","0","0","0","-","-","-","-","-","-","-",,,,,,,,,,,,,,,,"false","POINT (-122.87702 42.32408)"
"NARREGAN",,"1003 NARREGAN ST","MEDFORD","97501","JACKSON","Single Site","Active","2","3","6","Multi-Family Residential Rental",,,,,,,"9",,,,,,,,,,,"-","-","-","-","-","-","-",,,,,,,,,,,,,,,,"false","POINT (-122.88236 42.33381)"
"ASHLEY GARDENS",,"245 TOLMAN CREEK RD","ASHLAND","97520","JACKSON","Single Site","Active","2","3","5","Multi-Family Residential Rental",,,"CBM MGMT GROUP INC",,,,"40","32","2",,,,,,,,,"-","-","-","-","-","-","-",,,,,,,,,,,,,"2040 Oct 27 12:00:00 AM","10/27/2040",,"false","POINT (-122.67153 42.18821)"
"HOLIDAY GARDENS",,"556 G ST","JACKSONVILLE","97530","JACKSON","Single Site","Active","2","2","4","Multi-Family Residential Rental",,,"HOLIDAY GARDENS - JACKSONVILLE LP",,,,"24","23","2",,,"0",,"24","0","0","0","-","-","-","-","-","-","-",,,,,,,,,,,,,"2047 Jun 29 12:00:00 AM","06/29/2047",,"false","POINT (-122.96043 42.31748)"
"CENTRAL POINT RETIREMENT COMMUNITY",,"410 RICHARDSON DR","CENTRAL POINT","97502","JACKSON","Single Site","Active","2","2","4","Multi-Family Residential Rental",,,"PACIFIC RETIREMENT SERVICE",,"RVM Central Point Housing Corp.","Non-Profit","62","62",,,,"0",,"62","0","0","0","-","-","-","-","-","-","-",,,,,,,,,,,,"06/30/2029",,"06/30/2029","Project Rental Assistance Contract","false","POINT (-122.92331 42.37507)"
"ORANGE HOUSE",,"1005 E MAIN ST","MEDFORD","97504","JACKSON","Single Site","Active","2","3","6","Multi-Family Residential Rental",,,"JACKSON COUNTY",,,,"5",,,,,,,,,,,"-","-","-","-","-","-","-",,,,,,,,,,,,,,,,"false","POINT (-122.86124 42.32792)"
"WEST MAIN II",,"1608 W MAIN ST","MEDFORD","97501","JACKSON","Single Site","Active","2","3","6","Multi-Family Residential Rental",,,,,,,"8",,,,,,,,,,,"-","-","-","-","-","-","-",,,,,,,,,,,,,,,,"false","POINT (-122.89082 42.32367)"
"ROGUE VALLEY - WHITE CITY II (ANTELOPE VILLAGE)",,"7655 GARRISON AVE","WHITE CITY","97503","JACKSON","Scattered","Active","2","28","56","Multi-Family Residential Rental",,,"VIRIDIAN MANAGEMENT",,"Chrisman Development","For-Profit","22","21","0",,,"0",,"10","12","0","0","0","0","0","0","0","0","0",,,,"12/31/2082","12/31/2082",,"12/31/2082",,,"12/31/2052",,,"2050 Oct 21 12:00:00 AM","12/31/2082",,"false","POINT (-122.84477 42.42825)"
"SHERATON COURT",,"3047 SHERATON CT","MEDFORD","97504","JACKSON","Single Site","Active","2","3","6","Multi-Family Residential Rental",,,,,,,"10",,,,,,,,,,,"-","-","-","-","-","-","-",,,,,,,,,,,,,,,,"false","POINT (-122.84059 42.36103)"
"DONALD E. LEWIS RETIREMENT CENTER",,"500 YMCA WAY","ASHLAND","97520","JACKSON","Single Site","Active","2","3","5","Multi-Family Residential Rental",,,"PACIFIC RETIREMENT SERVICE",,"RVM Ashland Housing Corporation","Non-Profit","40","40",,,,"10",,"30","0","0","0","-","-","-","-","-","-","-",,,,,,,,,,,,"12/31/2033",,"12/31/2033","Housing Assistance Payment","false","POINT (-122.67335 42.18647)"
"BUTTE CREEK",,"115 ONYX ST","EAGLE POINT","97524","JACKSON","Single Site","Active","2","28","56","Multi-Family Residential Rental",,,"SHELTER RESOURCES INC",,,,"32","19","2",,,,,,,,,"-","-","-","-","-","-","-",,,,,,,,,,,,,"2040 Oct 25 12:00:00 AM","10/25/2040",,"false","POINT (-122.79579 42.47397)"
"FINLEY SQUARE",,"2300 FINLEY LN","MEDFORD","97501","JACKSON","Single Site","Active","2","3","6","Multi-Family Residential Rental",,,,,,,"40",,,,,,,,,,,"-","-","-","-","-","-","-",,,,,,,,,,,,,,,,"false","POINT (-122.89964 42.3298)"
"Woodrow Pines","Woodrow Pines","CONFIDENTIAL","MEDFORD","97504","JACKSON","Scattered","Active","2","3","6","Disabled Apartments","2003",,"ACCESS",,"ACCESS","Non-Profit","8",,"1",,,,,"11",,,"0",,,"11",,,,"-",,"07/17/2003",,,"09/13/2046",,,"08/31/2044",,,,,,"09/13/2046",,"true",
"TABLE ROCK APTS",,"2158 TABLE ROCK RD","MEDFORD","97501","JACKSON","Single Site","Active","2","3","6","Multi-Family Residential Rental",,,,,"Housing Authority of Jackson County","Housing Authority","30",,,,,,,,,,,"-","-","-","-","-","-","-",,,,,"08/25/2049",,,"11/13/2046",,,,,,"08/25/2049",,"false","POINT (-122.88403 42.34947)"
"CARMEL CIRCLE TOWNHOMES",,"1278 CARMEL CIR","MEDFORD","97504","JACKSON","Single Site","Active","2","3","6","Multi-Family Residential Rental",,,,,,,"4",,,,,,,,,,,"-","-","-","-","-","-","-",,,,,,,,,,,,,,,,"false","POINT (-122.85582 42.33609)"
"ROGUE VALLEY - WHITE CITY I (AGATE VILLAGE)",,"7770 DIVISION RD","WHITE CITY","97503","JACKSON","Scattered","Active","2","28","56","Multi-Family Residential Rental",,,"VIRIDIAN MANAGEMENT",,"Chrisman Development","For-Profit","32","15","0",,,"0",,"6","26","0","0","0","0","0","0","0","0","0",,,,"12/31/2082","12/31/2082",,"12/31/2082",,,"12/31/2052",,,"2050 Oct 21 12:00:00 AM","12/31/2082",,"false","POINT (-122.84655 42.42919)"
"Mill Creek","Mill Creek","101 ONYX ST","EAGLE POINT","97524","JACKSON","Scattered","Active","2","28","56","Multi-Family Residential Rental","1994",,"Housing Authority of Jackson County",,"Housing Authority of Jackson County","Housing Authority","8",,,,,,,,"4","4","0",,,"8",,,,"-",,"01/11/1994",,,"04/23/2046",,,"01/11/2044",,,,,,"04/23/2046",,"true","POINT (-122.79656 42.47341)"
"CORONADO",,"1800 CRATER AVE","MEDFORD","97504","JACKSON","Single Site","Active","2","3","6","Multi-Family Residential Rental",,,"COLUMBIACARE SERVICES INC.",,,,"1",,,,,,,,,,,"-","-","-","-","-","-","-",,,,,,,,,,,,,,,,"false","POINT (-122.85765 42.34615)"
"CREEKSIDE APTS",,"200 S HASKELL ST","CENTRAL POINT","97502","JACKSON","Single Site","Active","2","2","4","Multi-Family Residential Rental",,,"HOUSING AUTHORITY OF JACKSON COUNTY",,"Housing Authority of Jackson County","Housing Authority","50",,"3",,"8","0",,"12","27","10","0","3","0","46","0","0","0","0",,,,"12/31/2080","12/31/2080",,,,,"12/31/2049",,,,"12/31/2080",,"false","POINT (-122.91715 42.37003)"
"SHASTA SQUARE",,"519 S SHASTA AVE","EAGLE POINT","97524","JACKSON","Single Site","Active","2","28","56","Multi-Family Residential Rental",,,"CASCADE MANAGEMENT CORP.",,"Shasta Square Oreg Ltd","For-Profit","44","44","0",,,"0",,"4","32","8","0","-","-","-","-","-","-","-",,,,,,,,,,,,"11/30/2042",,"11/30/2042","Housing Assistance Payment","false","POINT (-122.80481 42.4682)"
"WS LIHTC #2","WS LIHTC #2_1","1632 A & B and 1638 A & B Foster St.; 1652 A & B, 1653 A & B, 1654 A & B, and 1634 A, B, C, & D Sherer St.","Warm Springs",,"Jefferson","Scattered","In Development","2","29","57","0",,,,"Warm Springs Housing Authority",,,"18","18","1","0","0",,,,,,"0","3","1","7","7","0","0","0","04/05/2022",,,,,,,,,,,,,,,"true",
"Casa Sonada 4","Casa Sonada 4","713 SW Lincoln Court","Madras","97741","Jefferson","Single Site","Active","2","30","59","Single Family Residential Rental","2017",,"EPIC Property Management, LLC",,"Housing Impact LLC 2","Housing Authority","1",,"0",,"0","0",,"0","0","1","0","0","0","0","0","1","0","0",,"12/01/2017",,,,,,,,,"01/14/2028",,,"01/15/2028",,"true","POINT (-121.13657 44.6257)"
"Casa Sonada 5","Casa Sonada 5","707 SW Lincoln Court","Madras","97741","Jefferson","Single Site","Active","2","30","59","Single Family Residential Rental","2018",,"EPIC Property Management, LLC",,"Housing Impact LLC 2","Housing Authority","1",,"0",,"0","0",,"0","0","1","0","0","0","0","0","1","0","0",,"08/15/2018",,,,,,,,,"08/15/2028",,,"08/15/2028",,"true","POINT (-121.13657 44.62571)"
"Chinook Place (fka Aspen Court)","Chinook Place (fka Aspen Court)","470 NE Oak Street","Madras","97741","Jefferson","Single Site","Active","2","30","59","Assisted Living (ALF)",,,"Caring Places Management LLC",,"Chinook Place Propco LLC",,"27","6","0",,,,"10","16","1",,"0","0","0","0","0",,,,,,,,,,,,,,"06/15/2026",,,"06/15/2026",,"true","POINT (-121.11978 44.63952)"
"Canyon East","Canyon East","280 NE Jefferson","Madras","97741","Jefferson","Single Site","Active","2","30","59","Multi-Family Residential Rental","2008",,"EPIC Property Management, LLC",,"Housing Works","Housing Authority","24","23","3",,"0",,,,"8","11","4","0","0","0","23","0","0","0",,"02/26/2008",,,"01/06/2045",,,"02/26/2041",,,"08/31/2044",,"2040 Sep 16 12:00:00 AM","01/06/2045",,"true","POINT (-121.12408 44.64794)"
"Casa Sonada","Casa Sonada","622 SW Third Street","Madras","97741","Jefferson","Single Site","Active","2","30","59","Single Family Residential Rental",,,"EPIC Property Management, LLC",,"Housing Impact LLC 2","Housing Authority","1",,"0",,"0","0",,"0","0","1","0","0","0","0","0","1","0","0",,"06/13/2016",,,,,,,,,"05/15/2026",,,"05/15/2026",,"true","POINT (-121.13202 44.62742)"
"Casa Sonada 6","Casa Sonada 6","722 SW Lincoln Court","Madras","97741","Jefferson","Single Site","Active","0","0","0","Single Family Residential Rental","2019",,"EPIC Property Management, LLC",,"Housing Impact LLC 2","Housing Authority","1","0",,,,,,,,"1","0",,,,,,,,"18/12/2018","08/19/2019",,,,,,,,,"08/15/2029",,,"08/15/2029",,"true","POINT (-121.13707 44.62562)"
"Casa Sonada 2","Casa Sonada 2","719 SW Lincoln Court","Madras","97741","Jefferson","Single Site","Active","2","30","59","Single Family Residential Rental","2016",,"EPIC Property Management, LLC",,"Housing Impact LLC","Housing Authority","1",,"0",,"0","0",,"0","0","1","0","0","0","0","0","1","0","0",,"11/17/2016",,,,,,,,,"12/15/2026",,,"12/15/2026",,"true","POINT (-121.13686 44.62557)"
"East West Preservation Portfolio","East West Preservation Portfolio_2","319 SW G Street","Madras","97741","Jefferson","Scattered","In Development","0","0","0","Multi-Family Residential Rental",,,,"TimberRiver",,,"75","75",,,,,,,,,"0",,,,,,,,"11/04/2022",,,,,,,,,,,,,,,"true","POINT (-121.13566 44.62904)"
"Warm Springs NC & Rehab","Warm Springs NC & Rehab_1","Park Place","Warm Springs",,"Jefferson","Scattered","In Development","2","29","57","Multi-Family Residential Rental",,,"Warm Springs Housing Authority","Warm Springs Housing Authority","Warm Springs PSH LLC",,"12","0",,,"12",,,,,,"0","12","0","0","0","0","0","0","15/06/2023",,,,,,,,,,,,,,,"true",
"Casa Sonada 3","Casa Sonada 3","721 SW Lincoln Court","Madras","97741","Jefferson","Single Site","Active","2","30","59","Single Family Residential Rental","2017",,"EPIC Property Management, LLC",,"Housing Impact LLC","Housing Authority","1","0","0",,"0","0",,"0","0","1","0","0","0","0","0","1","0","0",,"05/16/2017",,,,,,,,,"06/15/2027",,,"06/15/2027",,"true","POINT (-121.13711 44.62563)"
"Madras Estates","Madras Estates","242 SW 3rd Street","Madras","97741","Jefferson","Single Site","Active","2","30","59","Elderly Apartments","1994",,"Cascade Management, Inc. (Portland)",,"Madras Estates Associates, a Washington LP",,"24","23","2",,,"0",,"23","0","0","0",,,,"24",,,"-",,"02/09/1994",,"01/01/2044",,,,,,,,,"2044 Jan 31 12:00:00 AM","01/31/2044",,"true","POINT (-121.13206 44.63252)"
"GOLDEN AGE MANOR I",,"289 SW C ST","MADRAS","97741","JEFFERSON","Single Site","Active","2","30","59","Multi-Family Residential Rental",,,"R M & K DEVELOPMENT CORPORATION",,"R M & K Development Corporation","For-Profit","8","8",,,,"0",,"8","0","0","0","-","-","-","-","-","-","-",,,,,,,,,,,,"03/31/2029",,"03/31/2029","Housing Assistance Payment","false","POINT (-121.13492 44.63465)"
"CANYON VILLA ESTATES",,"306 SW C ST","MADRAS","97741","JEFFERSON","Single Site","Active","2","30","59","Multi-Family Residential Rental",,,"R M & K DEVELOPMENT CORPORATION",,"R M & K Development Corporation","For-Profit","19","19",,,,"0",,"0","15","4","0","-","-","-","-","-","-","-",,,,,,,,,,,,"11/03/2026",,"11/03/2026","Housing Assistance Payment","false","POINT (-121.13556 44.63466)"
"JEFFERSON COURT",,"319 SW G ST","MADRAS","97741","JEFFERSON","Single Site","Active","2","2","3","Multi-Family Residential Rental",,,"VIRIDIAN MANAGEMENT, INC",,,,"26","23","0",,,"0",,"10","16","0","0","-","-","-","-","-","-","-",,,,,,,,,,,,,"2052 Oct 06 12:00:00 AM","10/06/2052",,"false","POINT (-121.13566 44.62904)"
"Crooked River Apartments","Willow Creek Apartments","410 NE OAK ST","MADRAS","97741","JEFFERSON","Scattered","Active","2","30","59","Multi-Family Residential Rental","1990",,"Viridian Management, Inc",,"Crooked River Apartments, LLC",,"40","39","2",,,"0",,"10","24","6","0",,,"30","64",,,"-",,"03/03/1995","01/01/2074",,,,,,,,"08/01/2075",,"2043 Jul 24 12:00:00 AM","08/01/2075",,"true","POINT (-121.1214 44.63984)"
"MADRAS FAMILY HOUSING CENTER",,"300 SW H ST","MADRAS","97741","JEFFERSON","Single Site","Active","2","30","59","Multi-Family Residential Rental",,,,,,,"24",,,,,,,,,,,"-","-","-","-","-","-","-",,,,,,,,,,,,,,,,"false","POINT (-121.13554 44.62763)"
"Greeley Heights","Greeley Heights","2776 Quail Trail Road","WARM SPRINGS","97761","JEFFERSON","Scattered","Active","2","29","57","Multi-Family Residential Rental","2015",,"Warm Springs Housing Authority",,"Warm Springs Housing Authority LP #1","Housing Authority","35",,"0",,"0",,,,,"15","20","5","0","30","0","0","0","0",,"11/19/2014",,"01/01/2047",,,"01/01/2047",,,,,,,"01/01/2047",,"true",
"GOLDEN AGE MANOR II",,"289 SW C ST","MADRAS","97741","JEFFERSON","Single Site","Active","2","30","59","Multi-Family Residential Rental",,,"R M & K DEVELOPMENT CORPORATION",,"R M & K Development Corporation","For-Profit","16","16",,,,"0",,"16","0","0","0","-","-","-","-","-","-","-",,,,,,,,,,,,"08/31/2029",,"08/31/2029","Housing Assistance Payment","false","POINT (-121.13492 44.63465)"
"MENTA PARK",,"287 SW 1ST ST","MADRAS","97741","JEFFERSON","Single Site","Active","2","30","59","Multi-Family Residential Rental",,,"EPIC MANAGEMENT",,,,"20","20","3",,,"0",,"0","4","10","6","-","-","-","-","-","-","-",,,,,,,,,,,,,"2050 Dec 25 12:00:00 AM","12/25/2050",,"false","POINT (-121.13411 44.63203)"
"Cedars, The","Cedars, The","1935 Hungry Hill Road","Grants Pass","97527","Josephine","Single Site","Active","2","2","3","Disabled Apartments","2011",,"Options for Southern Oregon, Inc",,"Cedrus Inc.","Non-Profit","12","11","1",,"11","0",,"11","1","0","0","0","0","11","1","0","0","0",,"02/14/2011",,,"07/10/2052",,,"02/14/2052",,,,"09/30/2025",,"07/10/2052","Project Rental Assistance Contract","true","POINT (-123.35039 42.4155)"
"Harbeck Village Apartments","Harbeck Village Apartments","1760 Harbeck Road","Grants Pass","97526","Josephine","Single Site","Active","2","2","3","Multi-Family Residential Rental","1994",,"Lovelace Properties LLC",,"Harbeck Village LP LLC",,"48",,,,,,,,"12","24","12",,,"48",,,,"-",,"06/09/1994",,"01/01/2044",,,,"06/09/2044",,,,,,"06/09/2044",,"true","POINT (-123.33203 42.41906)"
"Redwood Terrace (ALF)","Redwood Terrace (ALF)","3111 Canal Avenue","Grants Pass","97527","Josephine","Single Site","Active","2","2","3","Assisted Living (ALF)",,,"Concepts in Community Living, Inc.",,"Oregon Heights, LLC",,"45","9",,,,,"37","8",,,"0",,,"9",,,,,,,,,,,,,,,"04/15/2032",,,"04/15/2032",,"true","POINT (-123.38844 42.4151)"
"Garden Grove (fka Rogue View Gardens)","Garden Grove (fka Rogue View Gardens)","1100 Fruitdale Drive","Grants Pass","97526","Josephine","Single Site","Active","2","2","3","Multi-Family Residential Rental","1994","2,022","Viridian Management, Inc","Chrisman Development","Garden Grove LLC",,"60","44","3",,,"0",,"1","57","2","0",,,,"60",,,"-","24/02/2022","07/01/1994",,"12/31/2053",,"07/25/2043","12/31/2083",,,,"12/31/2083",,"2052 Feb 17 12:00:00 AM","12/31/2083",,"true","POINT (-123.3185 42.42091)"
"Barrel Brook","Barrel Brook Grants Pass","1465 NE 10th Street","Grants Pass","97526","Josephine","Scattered","Active","0","0","0","Multi-Family Residential Rental","2022","2,023","Viridian Management, Inc","Chrisman Development","Barrel Brook Apartments LLC",,"58","41","5","0","0",,,"98",,,"0",,,,"98",,,,"20/10/2022","07/31/2023",,"12/31/2083",,"12/07/2048","12/31/2083",,,,,,,"12/31/2083",,"true","POINT (-123.31249 42.45552)"
"Nebraska Trail Apartments","Nebraska Trail Apartments","799 SW Ramsey Ave","Grants Pass","97527","Josephine","Single Site","In Development","0","0","0","Multi-Family Residential Rental",,,,"Chrisman Development, Inc.",,,"60","8","6","51","0",,,,,,"0",,,,,,,,"26/03/2025",,,,,,,,,,,,,,,"true","POINT (-123.34969 42.41799)"
"Manzanita","Manzanita","540 NW Manzanita Avenue","Grants Pass","97526","Josephine","Single Site","Active","2","2","3","Multi-Family Residential Rental",,,"Options for Southern Oregon, Inc",,"Options for Southern Oregon, Inc","Non-Profit","7",,"0",,"7",,"2","5",,,"0","0","0","5","2","0","0","0",,"12/29/2008",,,,,,,,,"12/29/2028",,,"12/29/2028",,"true","POINT (-123.33197 42.44962)"
"Valley Village II","Valley Village II","510 W Schumacher Street","Cave Junction","97523-9537","Josephine","Single Site","Active","2","2","3","Elderly Apartments","1979",,"Pinehurst Management, LLC",,"Southern Oregon Affordable Rentals II, LLC","For-Profit","16","16","0",,"0","0",,"16","0","0","0","0","0","0","0","16","0","0",,"06/16/2010",,,"04/11/2041","03/24/2031",,"06/16/2040",,,,"08/31/2030","2043 Aug 25 12:00:00 AM","08/25/2043","Housing Assistance Payment","true","POINT (-123.65234 42.16571)"
"Parkview Terrace","Parkview Terrace","1002 SE Park Plaza Drive","Grants Pass","97526","Josephine","Single Site","Active","2","2","3","Multi-Family Residential Rental","2016",,"Housing Authority of Jackson County",,"Parkview Terrace Development LLC","Housing Authority","50",,"0",,"0",,,"10","28","12","0","0","0","12","37","0","0","0",,"04/29/2016",,"03/01/2077",,"02/23/2037",,,,,,,,"03/01/2077",,"true","POINT (-123.31518 42.4197)"
"Willows, The  (fka OHA Apartments)","Willows, The  (fka OHA Apartments)","CONFIDENTIAL","Grants Pass","97526","Josephine","Single Site","Active","2","2","3","Disabled",,,"Options for Southern Oregon, Inc",,"Options Housing Alternatives, Inc.","Non-Profit","10","10",,,,"0",,"9","1","0","0",,,"10",,,,"-",,"04/13/1992",,,,,,"04/13/2032",,,,"06/30/2025",,"04/13/2032","Project Rental Assistance Contract","true",
"Ramsey Place","Ramsey Place","324 SW Ramsey","Grants Pass","97527","Josephine","Single Site","Active","2","2","4","Elderly Apartments",,,"Options for Southern Oregon, Inc",,"Josephine County, a Body Politic","Housing Authority","11",,,,,,,"11",,,"0",,,"4",,,,"-",,"07/19/2017",,,,,,,,,"06/15/2031",,,"06/15/2031",,"true","POINT (-123.33695 42.42189)"
"Red Oak Manor","Red Oak Manor","915 SW L Street","Grants Pass","97526","Josephine","Single Site","Active","2","2","3","Multi-Family Residential Rental","1998",,"Options for Southern Oregon, Inc",,"Options for Southern Oregon, Inc",,"8",,,,,,,"8",,,"0",,,"4","4",,,"-",,"11/05/1998",,,"08/08/2040",,,"11/05/2038",,,,,,"08/08/2040",,"true","POINT (-123.33788 42.43667)"
"Blackberry Knoll","Blackberry Knoll","2149 N Hills Drive","Grants Pass","97526","Josephine","Single Site","Active","2","2","3","Disabled",,,"Options for Southern Oregon, Inc",,"Rubus Inc","Non-Profit","12","11",,,,"11",,"0","0","0","0",,,"12",,,,"-",,"06/16/1994",,,,,,"06/16/2034",,,,"09/30/2025",,"06/16/2034","Project Rental Assistance Contract","true","POINT (-123.32869 42.46449)"
"Cathedral Square","Cathedral Square","201 Grandview Lane / 1921 Harbeck Rd.","Grants Pass",,"Josephine","Scattered","Active","2","2","3","Multi-Family Residential Rental","2024",,"Housing Authority of Jackson County","Josephine Housing & Community Development Council","Cathedral Square LLC",,"56","25","3","28","11","0",,"12","30","14","0","0","0","55","0","0","0","0","30/12/2022","02/14/2024",,"12/31/2084",,,"12/31/2084",,,,"12/31/2084",,,"12/31/2084",,"true","POINT (-123.33106 42.41691)"
"CARNAHAN COURT",,"1644 CARNAHAN DR","GRANTS PASS","97527","JOSEPHINE","Single Site","Active","2","2","3","Multi-Family Residential Rental",,,,,,,"10",,,,,,,,,,,"-","-","-","-","-","-","-",,,,,,,,,,,,,,,,"false","POINT (-123.3037 42.4196)"
"Holiday Garden Apartments","Grants Pass Apartments","1051 E PARK ST","GRANTS PASS","97527","JOSEPHINE","Scattered","Active","2","2","3","Elderly Apartments","2015",,"Viridian Management, Inc",,"Holiday Garden Apartments, LLC",,"124","102","5",,,"0",,"124","0","0","0",,,,"208",,,"-",,"11/01/1991",,"09/01/2076",,,,,,,"09/01/2076",,"2045 Sep 22 12:00:00 AM","09/01/2076",,"true","POINT (-123.31578 42.42466)"
"OAK VIEW GARDENS",,"401 NE ANDERSON ST","GRANTS PASS","97526","JOSEPHINE","Single Site","Active","2","2","3","Multi-Family Residential Rental",,,"LOVELACE PROPERTIES",,"Lovelace, William (General Partner)",,"60","58","0",,,"0",,"59","1","0","0","-","-","-","-","-","-","-",,,,"01/01/2043",,,,,,,,,"2043 Jun 25 12:00:00 AM","06/25/2043",,"false","POINT (-123.31296 42.44049)"
"FOOTHILLS RETIREMENT CENTER II",,"1997 NE D ST","GRANTS PASS","97526","JOSEPHINE","Single Site","Active","2","2","3","Multi-Family Residential Rental",,,"PACIFIC RETIREMENT SERVICE",,"RVM Grants Pass II Housing Corporation","Non-Profit","22","22",,,,"0",,"22","0","0","0","-","-","-","-","-","-","-",,,,,,,,,,,,"06/30/2029",,"06/30/2029","Project Rental Assistance Contract","false","POINT (-123.30115 42.43995)"
"VICTORIAN ARMS",,"830 NE VICTORIA ST","GRANTS PASS","97526","JOSEPHINE","Single Site","Active","2","2","3","Multi-Family Residential Rental",,,"CASCADE MANAGEMENT CORP.",,"Victorian Arms Apartments LLC","Limited Dividend","16","16",,,,"8",,"8","0","0","0","-","-","-","-","-","-","-",,,,,,,,,,,,"07/31/2032",,"07/31/2032","Housing Assistance Payment","false","POINT (-123.31532 42.44085)"
"FOOTHILLS RETIREMENT CENTER I",,"2031 NE D ST","GRANTS PASS","97526","JOSEPHINE","Single Site","Active","2","2","3","Multi-Family Residential Rental",,,"PACIFIC RETIREMENT SERVICE",,"RVM Grants Pass Housing Corp","Non-Profit","33","33",,,,"0",,"33","0","0","0","-","-","-","-","-","-","-",,,,,,,,,,,,"06/30/2029",,"06/30/2029","Project Rental Assistance Contract","false","POINT (-123.30033 42.43987)"
"APPLE ROGUE",,"929 SE 8TH ST","GRANTS PASS","97526","JOSEPHINE","Single Site","Active","2","2","3","Multi-Family Residential Rental",,,"LEO RAMOS, APPLE ROGUE APARTMENT",,,,"16","16","2",,,"0",,"16","0","0","0","-","-","-","-","-","-","-",,,,,,,,,,,,,"2054 Mar 26 12:00:00 AM","03/26/2054",,"false","POINT (-123.32818 42.43218)"
"GOLDEN RAIN",,"845 NE VICTORIA ST","GRANTS PASS","97526","JOSEPHINE","Single Site","Active","2","2","3","Multi-Family Residential Rental",,,"CASCADE MANAGEMENT CORP.",,"Golden Rain Apartments","For-Profit","38","38",,,,"0",,"38","0","0","0","-","-","-","-","-","-","-",,,,,,,,,,,,"11/30/2026",,"11/30/2026","Housing Assistance Payment","false","POINT (-123.31411 42.44149)"
"NORTHGLEN",,"1624 CARNAHAN DR","GRANTS PASS","97527","JOSEPHINE","Single Site","Active","2","2","3","Multi-Family Residential Rental",,,"OPTIONS FOR SOUTHERN OREGON",,,,"5",,,,,,,,,,,"-","-","-","-","-","-","-",,,,,,,,,,,,,,,,"false","POINT (-123.3037 42.41979)"
"JEFFERSON COURT",,"810 NE VICTORIA ST","GRANTS PASS","97526","JOSEPHINE","Single Site","Active","2","2","3","Multi-Family Residential Rental",,,"CASCADE MANAGEMENT CORP.",,"Jefferson Court Apartments LLC","For-Profit","26","24","0",,,"12",,"8","4","0","0","-","-","-","-","-","-","-",,,,,,,,,,,,"08/31/2032",,"08/31/2032",,"false","POINT (-123.31395 42.44149)"
"JASMINE PARK I",,"501 NE ANDERSON ST","GRANTS PASS","97526","JOSEPHINE","Single Site","Active","2","2","3","Multi-Family Residential Rental",,,"LOVELACE DEVELOPMENT",,"TimberRiver Development & Lovelace Construction",,"43",,"4",,,"0",,"38","5","0","0","-","-","-","-","-","-","-",,,,"01/01/2054","10/18/2054","05/26/2024",,"06/10/2052",,,"12/31/2027",,,"10/18/2054",,"false","POINT (-123.31358 42.44149)"
"SISKIYOU VILLAGE",,"310 LISTER ST","CAVE JUNCTION","97523","JOSEPHINE","Single Site","Active","2","2","3","Multi-Family Residential Rental",,,"GRAND MANAGEMENT SERVICES",,,,"20","20","0",,,"0",,"8","12","0","0","-","-","-","-","-","-","-",,,,,,,,,,,,,"2033 Jul 21 12:00:00 AM","07/21/2033",,"false","POINT (-123.64932 42.1676)"
"Iris Glen Townhomes","Iris Glen Townhomes","135 Old Fort Road","Klamath Falls","97601","Klamath","Single Site","Active","2","28","56","Multi-Family Residential Rental","2010",,"Klamath Housing Authority",,"Iris Glen Townhomes LLC",,"37",,"3",,"0","0",,"12","21","4","0","0","0","15","21","0","0","0",,"07/20/2009","02/01/2051",,,"01/28/2031",,"07/20/2049",,,"10/01/2051",,,"10/01/2051",,"true","POINT (-121.76587 42.22913)"
"Victory Commons","Victory Commons","441 Michigan Avenue","Klamath Falls","97601","Klamath","Single Site","Active","2","28","56","Veteran Housing",,,"Klamath Housing Authority",,"Victory Commons, LLC","For-Profit","10",,"0",,"15","0",,"10","1","0","0","0","0","7","2","1","0","0",,"02/08/2016",,,,,"11/01/2076",,,,,,,"11/01/2076",,"true","POINT (-121.7743 42.23131)"
"Crestview Commons","Crestview Commons","3900 Hilyard Avenue","Klamath Falls","97603","Klamath","Single Site","Active","2","28","55","Multi-Family Residential Rental","2002",,"FPI Management, Inc.",,"Crestview Commons Limited Partnership",,"64",,"32",,"0","0",,"10","42","12","0","0","0","54","10","0","0","0",,"04/09/2003",,"01/01/2054",,"07/28/2020",,"04/09/2053",,,,,,"01/01/2054",,"true","POINT (-121.74105 42.19888)"
"Sunrise Vista","Sunrise Vista","5175 Homedale Road","Klamath Falls","97603","Klamath","Scattered","Active","0","0","0","Multi-Family Residential Rental","2021",,"Cascade Management, Inc. (Portland)","Luckenbill-Drayton & Assoc; Klamath Housing Authority","Sunrise Vista Apartments, LLC",,"58","6",,"42",,,,"22","18","18","0",,,,"58",,,,"16/04/2020","04/01/2020","12/31/2052",,,,,,"12/31/2052",,"12/31/2052",,,"12/31/2052",,"true","POINT (-121.72273 42.17878)"
"Bridgeway Apartments","Bridgeway Apartments","5528 Russet","Klamath Falls","97601","Klamath","Scattered","Active","2","28","56","Multi-Family Residential Rental","2020",,"Klamath Housing Authority","Bridgeway Apartments LLC","Bridgeway Apartments LLC",,"8","0","1","8",,,,"8",,,"0","4",,,"2","2",,,"02/10/2020","09/30/2020",,,,,"12/31/2081",,,,,,,"12/31/2081",,"true","POINT (-121.72207 42.17934)"
"Applegate Trail Apartments","Applegate Trail Apartments","4520 Bristol Avenue","Klamath Falls","97603","Klamath","Single Site","Active","2","28","55","Multi-Family Residential Rental","1995",,"Cascade Management, Inc. (Portland)",,"Applegate Trail LLC",,"49",,,,,,,"5","29","15","0",,,,"49",,,"-",,"12/08/1995",,"01/01/2046",,,,"06/23/2044",,,,,,"01/01/2046",,"true","POINT (-121.73361 42.18856)"
"Trail's View Apartments","Trail's View Apartments","2505 Crest Street","Klamath Falls","97601","Klamath","Single Site","Active","2","28","55","Multi-Family Residential Rental",,,"Klamath Housing Authority",,"Klamath Housing Authority","Housing Authority","8",,"0",,"8",,,"8",,,"0","8","0","0","0","0","0","0",,"04/19/2010",,,,,,"04/19/2050",,,"04/01/2050",,,"04/19/2050",,"true","POINT (-121.74261 42.20414)"
"Country Village Apartments","Country Village Apartments","5500 Norgold Lane","Klamath Falls","97601","Klamath","Single Site","Active","2","28","56","Multi-Family Residential Rental","2001",,"Klamath Housing Authority",,"Klamath Housing Authority","Housing Authority","24","24","0",,,"0",,"0","8","12","4",,,"14",,"10",,"-",,"11/12/1999",,,"02/18/2047",,,"11/12/2044",,,"02/09/2034",,"2031 Jan 18 12:00:00 AM","02/18/2047",,"true","POINT (-121.72104 42.17799)"
"High Valley Estates","High Valley Estates","1333 Avalon Street","Klamath Falls","97603","Klamath","Single Site","Active","2","28","56","Multi-Family Residential Rental","2013",,"Northwest Real Estate Capital Corp",,"Northwest High Valley Estates, LLC","For-Profit","36","36","3",,"0","0",,"0","12","24","0","0","0","0","36","0","0","0",,"02/01/2011",,"01/01/2074",,"12/27/2032",,"01/01/2073",,,"01/01/2073","03/31/2033",,"01/01/2074","Housing Assistance Payment","true","POINT (-121.75235 42.21662)"
"PE PEEP AAK",,"502 S CHARLEY AVE","CHILOQUIN","97624","KLAMATH","Single Site","Active","2","28","55","Multi-Family Residential Rental",,,"THE KLAMATH TRIBES",,,,"14","14","2",,,"0",,"8","6","0","0","-","-","-","-","-","-","-",,,,,,,,,,,,,"2032 Nov 18 12:00:00 AM","11/18/2032",,"false","POINT (-121.87195 42.57524)"
"KLAMATH VIEW RETIREMENT CENTER",,"2175 N ELDORADO AVE","KLAMATH FALLS","97601","KLAMATH","Single Site","Active","2","28","56","Multi-Family Residential Rental",,,"PACIFIC RETIREMENT SERVICE",,"RVM Klamath Falls Housing Corp.","Non-Profit","40","40",,,,"0",,"40","0","0","0","-","-","-","-","-","-","-",,,,,,,,,,,,"06/30/2028",,"06/30/2028","Project Rental Assistance Contract","false","POINT (-121.77877 42.24276)"
"BONANZA",,"31770 YONNA ST","BONANZA","97623","KLAMATH","Single Site","Active","2","28","55","Multi-Family Residential Rental",,,"KLAMATH HOUSING AUTHORITY",,,,"8","8","0",,,,,,,,,"-","-","-","-","-","-","-",,,,,,,,,,,,,"2038 Jan 25 12:00:00 AM","01/25/2038",,"false","POINT (-121.40403 42.20317)"
"Cascade Heights-The Haven","Haven, The (fka Angels Haven fka Sails Project)","CONFIDENTIAL","KLAMATH FALLS","97601","KLAMATH","Scattered","Active","2","28","56","Multi-Family Residential Rental","1999",,"Klamath Housing Authority",,"Klamath Housing Authority","Housing Authority","8",,,,,,,,"8",,"0",,,,,,,"-",,"10/12/1999",,,,,,"10/12/2024",,,,,,"10/12/2024",,"true",
"Cascade Heights-Union Station","Union Station","2451 UNION AVE","KLAMATH FALLS","97601","KLAMATH","Scattered","Active","2","28","56","Multi-Family Residential Rental","1965",,"Klamath Housing Authority",,"Klamath Housing Authority","Housing Authority","13",,,,,,,,,"4","0",,,"4",,,,"-",,"12/11/1998",,,"07/31/2023",,,"12/11/2028",,,,,,"12/11/2028",,"true","POINT (-121.75858 42.21508)"
"Sky Meadows","Sky Meadows I","SE HOMEDALE RD, 530 N 8TH ST, 1919 TUNNEL ST","KLAMATH FALLS","97601 / 97603","KLAMATH","Scattered","Active","2","28","56","Multi-Family Residential Rental","2018","2,019","Cascade Management, Inc. (Portland)","Luckenbill-Drayton & Associates LLC","Sky Meadows LLC","For-Profit","37","8","2","34","0","0",,"16","10","11","0","9","12","7","8","0","0","0","29/09/2017","07/23/2018",,"12/31/2078","12/31/2079",,,,,,"03/01/2080",,,"03/01/2080",,"true","POINT (-121.72273 42.21065)"
"4071 ADELAIDE",,"4071 ADELAIDE AVE","KLAMATH FALLS","97603","KLAMATH","Single Site","Active","2","28","56","Multi-Family Residential Rental",,,,,,,"4",,,,,,,,,,,"-","-","-","-","-","-","-",,,,,,,,,,,,,,,,"false","POINT (-121.73911 42.21848)"
"MERRILL APTS",,"656 3RD ST","MERRILL","97633","KLAMATH","Single Site","Active","2","28","55","Multi-Family Residential Rental",,,"KLAMATH HOUSING AUTHORITY",,,,"12","11","0",,,"0",,"0","12","0","0","-","-","-","-","-","-","-",,,,,,,,,,,,,"2049 Jul 18 12:00:00 AM","07/18/2049",,"false","POINT (-121.59345 42.02672)"
"2527 CREST",,"2527 CREST ST","KLAMATH FALLS","97603","KLAMATH","Single Site","Active","2","28","56","Multi-Family Residential Rental",,,,,,,"4",,,,,,,,,,,"-","-","-","-","-","-","-",,,,,,,,,,,,,,,,"false","POINT (-121.74261 42.20343)"
"LAKE PARK TOWERS",,"203 N MAIN ST","KLAMATH FALLS","97601","KLAMATH","Single Site","Active","2","28","56","Multi-Family Residential Rental",,,"JON ROBERT BOGATAY RVOC TR",,"Lake Park Towers, LLC.","For-Profit","39","39",,,,"5",,"34","0","0","0","-","-","-","-","-","-","-",,,,,,,,,,,,"03/31/2025",,"03/31/2025","Housing Assistance Payment","false","POINT (-121.78534 42.22218)"
"GRANDVIEW",,"(UNKNOWN)","BONANZA","97623","KLAMATH","Single Site","Active","2","28","55","Multi-Family Residential Rental",,,,,,,"4",,,,,,,,,,,"-","-","-","-","-","-","-",,,,,,,,,,,,,,,,"false",
"YONNA",,"(UNKNOWN)","BONANZA","97623","KLAMATH","Single Site","Active","2","28","55","Multi-Family Residential Rental",,,,,,,"4",,,,,,,,,,,"-","-","-","-","-","-","-",,,,,,,,,,,,,,,,"false",
"Cascade Heights-Harvest House","Cascade Heights-Harvest House","1307 MITCHELL ST","KLAMATH FALLS","97601","KLAMATH","Scattered","Active","2","28","56","Multi-Family Residential Rental","1959",,"Klamath Housing Authority",,"Klamath Housing Authority","Housing Authority","2",,,,,,,,,"2","0",,,"2",,,,"-",,"05/29/1997",,,,,,"05/29/2027",,,,,,"05/29/2027",,"true","POINT (-121.76003 42.21742)"
"1445 AVALON",,"1445 AVALON ST","KLAMATH FALLS","97603","KLAMATH","Single Site","Active","2","28","56","Multi-Family Residential Rental",,,,,,,"14",,,,,,,,,,,"-","-","-","-","-","-","-",,,,,,,,,,,,,,,,"false","POINT (-121.75233 42.21604)"
"KLAMATH HOUSING AUTHORITY UNITS",,"1105 ALAMEDA, 729 CALIFORNIA AVE, 763 CALIFORNIA AVE","KLAMATH FALLS","97603","KLAMATH","Single Site","Active",,,,"ERROR: #N/A",,,,,,,"3",,,,,,,,,,,"-","-","-","-","-","-","-",,,,,,,,,,,,,,,,"false","POINT (-121.75243 42.21913)"
"LUTHER SQUARE RETIREMENT VILLAGE",,"2314 HOMEDALE RD","KLAMATH FALLS","97603","KLAMATH","Single Site","Active","2","28","55","Multi-Family Residential Rental",,,"HOPE LUTHERAN CHURCH",,"Luther Square, Inc.","Non-Profit","30","30",,,,"14",,"16","0","0","0","-","-","-","-","-","-","-",,,,,,,,,,,,"07/31/2034",,"07/31/2034","Housing Assistance Payment","false","POINT (-121.72358 42.20585)"
"1717 FARGO",,"1717 FARGO ST","KLAMATH FALLS","97603","KLAMATH","Single Site","Active","2","28","55","Multi-Family Residential Rental",,,,,,,"12",,,,,,,,,,,"-","-","-","-","-","-","-",,,,,,,,,,,,,,,,"false","POINT (-121.73508 42.21352)"
"117 TRINITY",,"117 TRINITY ST","KLAMATH FALLS","97601","KLAMATH","Single Site","Active","2","28","56","Multi-Family Residential Rental",,,,,,,"8",,,,,,,,,,,"-","-","-","-","-","-","-",,,,,,,,,,,,,,,,"false","POINT (-121.79533 42.23762)"
"Desert Horizons","Desert Horizons","207 N. L St.","Lakeview","97630","Lake","Single Site","In Development","2","30","60","0",,,,"BB Development LLC",,,"17","0","2","3","17","13",,"4","0","0","0","0","0","0","17","0","0","0","22/09/2023",,,,,,,,,,,,,,,"true","POINT (-120.35318 42.19108)"
"Lakeview Commons","Lakeview Commons","555 S 9th Street","Lakeview","97630","Lake","Single Site","Active","2","30","60","Multi-Family Residential Rental","2005",,"Klamath Housing Authority",,"Lakeview Commons Limited Partnership",,"28",,"18",,,"0",,"12","12","3","1","3","14","11",,,,"-",,"10/11/2004",,"01/01/2065","12/27/2067","10/11/2024",,"12/31/2063",,,,,,"12/27/2067",,"true","POINT (-120.34539 42.17878)"
"Aspen Court","Aspen Court","738 Center Street","Lakeview","97630","Lake","Single Site","Active","2","30","60","Elderly Apartments",,,"Klamath Housing Authority",,"Klamath Housing Authority","Housing Authority","16","16","16",,,"0",,"16","0","0","0",,,"4","7","5",,"-",,"06/12/2003",,,,,,"06/12/2033",,,"06/15/2033",,"2033 May 30 12:00:00 AM","06/15/2033",,"true","POINT (-120.3478 42.18948)"
"FORT ROCK CARE CENTER",,"51 ROCKVIEW DR","FORT ROCK","97735","LAKE","Single Site","Active","2","30","60","Multi-Family Residential Rental",,,,,,,"6",,,,,,,,,,,"-","-","-","-","-","-","-",,,,,,,,,,,,,,,,"false",
"Siuslaw Dunes","Siuslaw Dunes","1750 43rd Street","Florence","97439","Lane","Single Site","Active","4","5","9","Multi-Family Residential Rental","1982",,"Cascade Management, Inc. (Portland)",,"Siuslaw Dunes Renewal LP","For-Profit","45","45","2",,"0","0",,"6","31","8","0","0","0","6","31","7","0","0",,"11/25/2013",,"01/01/2075","04/03/2075",,,"01/01/2075",,,"01/01/2075","10/31/2032",,"04/03/2075","Housing Assistance Payment","true","POINT (-124.10291 44.00335)"
"Iris Place","Iris Place","1531-1563 River Road","Eugene","97404","Lane","Scattered","Active","4","7","13","Multi-Family Residential Rental","2021",,"St Vincent De Paul Society of Lane County, Inc","St Vincent de Paul","Iris Place Limited Partnership",,"53","0","3","30",,,,"11","17","25","0","5",,"48",,,,,"22/07/2020","11/29/2021",,"12/31/2071",,,"12/31/2080",,,,,,,"12/31/2080",,"true","POINT (-123.1245 44.08714)"
"Ya Po Ah Terrace Condominium Unit B","Ya Po Ah Terrace Condominium Unit B","350 Pearl St","Eugene","97401-2303","Lane","Scattered","Active","0","0","0","Elderly Apartments","1968",,"Manor Management Services Inc","Evergreen Union Retirement Association","Ya Po Ah 4% Limited Partnership",,"112","112","6",,,,"80","32",,,"0",,,"9","103",,,,"19/12/2018","12/01/2018","12/31/2051",,,,,,,,"12/31/2051",,,"12/31/2051",,"true","POINT (-123.09064 44.05618)"
"Fourteen Pines","Fourteen Pines","2784 Willakenzie Road","Eugene","97401-5253","Lane","Single Site","Active","4","7","13","Multi-Family Residential Rental","1972",,"HACSA dba Homes for Good Housing Agency",,"HACSA dba Homes for Good Housing Agency","Housing Authority","65","62",,,,"0",,"20","31","11","0",,,"65",,,,"-",,"03/12/1997",,,,,,"03/12/2047",,,,"05/31/2029",,"03/12/2047","Housing Assistance Payment","true","POINT (-123.06614 44.08037)"
"Grove on Garden Way","Grove on Garden Way","132 & 158 South Garden Way","Eugene","97401","Lane","Single Site","In Development","4","4","8","Multi-Family Residential Rental",,,,"Community Development Partners",,,"123","0","8","158","0","0",,"45","30","44","4","0","0","0","122","0","0","0",,,,,,,,,,,,,,,,"true","POINT (-123.05201 44.05883)"
"Afiya Apts","Afiya Apts","1082 Main Street","Springfield","97477","Lane","Single Site","Active","4","4","7","Multi-Family Residential Rental",,,"Sheltercare Inc",,"Afiya Apartments, Inc.","Non-Profit","16","16","2",,"16","0",,"16","0","0","0","0","0","16","0","0","0","0",,"07/08/2010",,,,,,"07/08/2060",,,"07/08/2060","05/12/2025",,"07/08/2060","Project Rental Assistance Contract","true","POINT (-123.01099 44.04598)"
"Ross Lane","Ross Lane","2650 Ross Lane","Eugene","97404","Lane","Single Site","Active","4","7","13","Multi-Family Residential Rental","1998",,"St Vincent De Paul Society of Lane County, Inc",,"Ash Meadows Limited Partnership",,"36",,,,,"0",,"0","20","14","2",,,"36",,,,"-",,"10/31/1996",,"01/01/2039",,,,"10/31/2036",,,,,,"01/01/2039",,"true","POINT (-123.12 44.10182)"
"Oaks at 14th, The","Oaks at 14th, The","1424 Oak Patch Rd","Eugene","97402","Lane","Single Site","Active","4","7","14","Multi-Family Residential Rental","2017",,"Quantum Residential Inc.",,"The Oaks at 14th, LLC","Housing Authority","54",,"3",,"0","0",,"54","0","0","0","0","0","17","36","0","0","0",,"04/12/2017",,"04/12/2077",,,"01/01/2078",,,,,,,"01/01/2078",,"true","POINT (-123.13574 44.04414)"
"Oakwood Manor","Oakwood Manor","1665 Oak Patch Road","Eugene","97402-3921","Lane","Single Site","Active","4","7","14","Multi-Family Residential Rental","2000",,"St Vincent De Paul Society of Lane County, Inc",,"Oakwood Manor Limited Partnership",,"72",,,,,"0",,"25","23","24","0",,,"70","2",,,"-",,"03/15/1999","01/01/2039",,,,,"03/15/2039",,,"12/15/2029",,,"03/15/2039",,"true","POINT (-123.13417 44.04265)"
"Hope Circle Duplexes","Hope Circle Duplexes","341 Hope Loop","Eugene","97402","Lane","Single Site","Active","4","7","14","Multi-Family Residential Rental","1995",,"St Vincent De Paul Society of Lane County, Inc",,"St Vincent de Paul Society of Lane County, Inc","Non-Profit","12",,,,,,,,,"12","0",,,"12",,,,"-",,"06/06/1994",,"01/01/2046",,,,"06/06/2044",,,,,,"01/01/2046",,"true","POINT (-123.16253 44.06539)"
"Redwood Park Apartments","Redwood Park Apartments","4103 West 18th Avenue","Eugene","97402","Lane","Single Site","Active","4","7","14","Multi-Family Residential Rental","2006",,"GREP Southwest, LLC (dba Greystar RS West, LLC)",,"RP Eugene Partners, LLC",,"232",,"0",,,"6","6","180","46","0","0",,,,"232",,,"-",,"10/01/2005","01/01/2037",,,,,,,,"10/01/2035",,,"01/01/2037",,"true","POINT (-123.16514 44.03878)"
"Jefferson Park Apartments","Jefferson Park Apartments","325 South 5th Street","Cottage Grove","97424","Lane","Single Site","Active","4","6","12","Elderly Apartments","2007",,"NeighborWorks Umpqua",,"Jefferson Park Apartments LP",,"53","52","4",,"0","0",,"48","5","0","0","0","0","52","0","0","0","1",,"05/18/2007",,"01/01/2043",,,,"05/18/2042",,,,,,"01/01/2043",,"true","POINT (-123.06378 43.7949)"
"Woodleaf Village","Woodleaf Village","745 Woodleaf Lane","Eugene","97405","Lane","Single Site","Active","4","4","8","Multi-Family Residential Rental","1998",,"Peak Living, LLC",,"BRE Peak MF Woodleaf OR LLC",,"60","0",,,,"0",,"0","48","12","0",,,"60",,,,"-",,"08/24/1998",,"01/01/2049",,,,,,,,,,"01/01/2049",,"true","POINT (-123.08714 43.99422)"
"Spring Valley (ALF)","Spring Valley (ALF)","770 Harlow Road","Springfield","97477","Lane","Single Site","Active","4","4","7","Assisted Living (ALF)",,,"Cascade Living Group - Oregon, LLC",,"KRE Tiger Spring Valley LLC",,"51","10",,,,,"49",,,,"0",,,"10",,,,,,,,,,,,,,,"08/15/2029",,,"08/15/2029",,"true","POINT (-123.03867 44.07152)"
"South Hilyard Terrace","South Hilyard Terrace","610 Betty Niven Drive","Eugene","97402-3921","Lane","Single Site","Active","4","4","8","Multi-Family Residential Rental","2000",,"St Vincent De Paul Society of Lane County, Inc",,"Hilyard Terrace Limited Partnership",,"22",,,,,"0",,"2","14","6","0",,,"22",,,,"-",,"09/16/1998",,"01/01/2039",,,,"09/16/2049",,,,,,"09/16/2049",,"true","POINT (-123.08286 44.01457)"
"Santa Clara Place","Santa Clara Place","120-194 Santa Clara Avenue","Eugene","97404","Lane","Single Site","Active","4","7","13","Multi-Family Residential Rental","2003",,"St Vincent De Paul Society of Lane County, Inc",,"Santa Clara Limited Partnership",,"60",,"3",,"0","0",,"19","22","19","0","0","59","0","0","0","0","0",,"06/27/2005",,"01/01/2056",,"12/19/2025",,,,,,,,"01/01/2056",,"true","POINT (-123.13241 44.10025)"
"Stellar Apts","Stellar Apts","1535 City View","Eugene","97402","Lane","Single Site","Active","4","7","14","Multi-Family Residential Rental","2013",,"St Vincent De Paul Society of Lane County, Inc",,"Stellar Apartments Limited Partnership",,"54",,"3",,"0",,,"6","32","15","0","0","0","53","0","0","0","0",,"11/15/2011",,"01/01/2064",,"01/29/2034","07/01/2063",,,,,,,"01/01/2064",,"true","POINT (-123.12755 44.04336)"
"Aquarius Apts","Aquarius Apts","1490 N 5th Street","Springfield","97401","Lane","Single Site","Active","4","4","7","Disabled Apartments",,,"Mainstream Housing, Inc",,"Mainstream Housing, Inc","Non-Profit","26",,"3",,,,,"6","26",,"0",,,"11",,"13",,"-",,"06/28/2004",,,,"02/28/2017",,"06/28/2034",,,,,,"06/28/2034",,"true","POINT (-123.01939 44.05945)"
"Bascom Village II","Bascom Village II","3095 Matt Drive","Eugene","97408","Lane","Single Site","Active","4","7","13","Multi-Family Residential Rental","2016",,"Quantum Residential Inc.",,"Bascom Village Limited Partnership","Housing Authority","48",,"3",,"0","0",,"16","21","11","0","0","0","47","0","0","0","0",,"08/07/2015",,"08/01/2077",,,"06/01/2077",,,,,,,"08/01/2077",,"true","POINT (-123.06932 44.09736)"
"Willakenzie Crossing","Willakenzie Crossing","3057 Willakenzie Road","Eugene","97401","Lane","Single Site","Active","4","7","13","Multi-Family Residential Rental","2011",,"Guardian Real Estate Services, LLC",,"Willakenzie Crossing Apartments LP",,"56",,"28",,"0","8","8","16","26","6","0","16","0","5","34","0","0","0",,"12/30/2011",,"01/01/2062",,"02/26/2033",,,,,,,,"01/01/2062",,"true","POINT (-123.06286 44.08234)"
"Royal Building","Royal Building","509 Main Street","Springfield","97477","Lane","Single Site","Active","4","4","7","Multi-Family Residential Rental","2007",,"St Vincent De Paul Society of Lane County, Inc",,"Royal Building Limited Partnership",,"33",,"2",,,"0",,"33","0","0","0",,,"33",,,,"-",,"03/21/2006",,"01/01/2057",,"06/13/2028",,"03/21/2056",,,"09/28/2057",,,"09/28/2057",,"true","POINT (-123.01932 44.04617)"
"HFG RAD Phase II - Sarang/Hayden Meadows","Hayden Meadows","1975 5th Street","Springfield","97477","Lane","Scattered","Active","0","0","0","Multi-Family Residential Rental","2021",,"Quantum Residential Inc.","Homes for Good Housing Agency","RAD 2 LLC",,"70","31","7","91",,,,"17","21","74","7",,,,"119",,,,"24/02/2020","03/23/2021","12/31/2051",,,"08/01/2042",,,,,"12/31/2051",,,"12/31/2051",,"true","POINT (-123.01935 44.06501)"
"Richardson Bridge","Richardson Bridge","1210 Acorn Park Street","Eugene","97402","Lane","Single Site","Active","4","7","14","Multi-Family Residential Rental","1992","2,018","Quantum Residential Inc.",,"Richardson Bridge LLC",,"31","0","2","2","0","0","1","0","9","23","0","0","0","31","0","0","0","0","14/08/2017","12/08/1992",,"10/31/2078",,,"06/30/2078",,,,"10/31/2078",,,"10/31/2078",,"true","POINT (-123.13929 44.04653)"
"Myrtlewood, The","Myrtlewood, The","1072 Main Street","Springfield","97477","Lane","Single Site","Active","4","4","7","Multi-Family Residential Rental","2018",,"St Vincent De Paul Society of Lane County, Inc",,"Myrtlewood LP","Non-Profit","34","4","3","35","0","0",,"35","0","0","0","0","0","34","0","0","0","0","18/08/2017","06/21/2017",,"04/01/2080",,,"12/31/2078",,,,"08/31/2048","08/31/2038",,"04/01/2080","Rental Assistance Contract","true","POINT (-123.01119 44.04599)"
"Applegate Apts","Applegate Apts","941 S 8th Street","Cottage Grove","97424","Lane","Single Site","Active","4","6","12","Multi-Family Residential Rental",,,"Mainstream Housing, Inc",,"Mainstream Housing, Inc",,"16",,"0",,"0",,,"16",,,"0","0","3","12","0","0","0","0",,"06/21/2013",,,,"07/05/2033",,"12/31/2073",,,,,,"12/31/2073",,"true","POINT (-123.06048 43.78919)"
"Mountain View Manor","Mountain View Manor","76365 Fern Street","Oakridge","97463","Lane","Single Site","Active","4","6","12","Elderly Apartments","1980",,"Northwest Real Estate Capital Corp",,"Northwest Mountain View LLC","For-Profit","24","24","2",,"0","0",,"23","1","0","0","0","0","0","0","24","0","0",,"09/01/2007","01/01/2048",,,"10/01/2028",,"09/20/2037",,,"08/15/2039","02/28/2045",,"01/01/2048","Housing Assistance Payment","true","POINT (-122.48413 43.74471)"
"Omer Apartments","Omer Apartments","538 E Main","Cottage Grove","97424","Lane","Single Site","Active","4","6","12","Multi-Family Residential Rental","2011",,"St Vincent De Paul Society of Lane County, Inc",,"St Vincent de Paul Society of Lane County, Inc","Non-Profit","12",,"0",,"0",,,"12",,,"0","0","12","0","0","0","0","0",,"10/06/2011",,,,,,"10/06/2041",,,,,,"10/06/2041",,"true","POINT (-123.06204 43.79729)"
"Ash Meadows","Ash Meadows","6903 - 6999 A Street","Springfield","97478","Lane","Single Site","Active","4","4","7","Multi-Family Residential Rental","1999",,"St Vincent De Paul Society of Lane County, Inc",,"Ash Meadows Limited Partnership",,"18",,,,,"0",,"0","8","10","0",,,"18",,,,"-",,"11/17/1999",,"01/01/2041",,"08/01/2021",,"11/17/2039",,,,,,"01/01/2041",,"true","POINT (-122.90342 44.04649)"
"Green Leaf Village","Green Leaf Village","2755 Lone Oak Loop Suite B","Eugene","97404","Lane","Single Site","Active","4","7","13","Multi-Family Residential Rental","2002",,"Guardian Real Estate Services, LLC",,"Green Leaf Village, LLC",,"34",,"0",,,"6","7","4","22","2","0",,,"34",,,,"-",,"01/31/2001",,"01/01/2062",,"08/11/2022",,"01/31/2061",,,"03/02/2061",,,"01/01/2062",,"true","POINT (-123.12501 44.1014)"
"Almaden House","Almaden House","2715 Almaden Street","Eugene","97405","Lane","Single Site","Active","4","4","8","Mini-RCC",,,"Oregon Supported Living Program",,"Oregon Supported Living Program",,"4",,"1",,,,,"4",,,,,,"1",,,,,,,,,,,"05/01/2042",,,,,,,"05/01/2042",,"true","POINT (-123.1141 44.02882)"
"Keystone, The","Keystone, The","SE Corner of 13th & Tyler","Eugene",,"Lane","Scattered","Active","4","7","14","Multi-Family Residential Rental",,,"Quantum Residential Inc.","Homes for Good Housing Agency","HFG Keystone LLC",,"15","0",,,"15",,,,"12","3","0","15","0","0","0","0","0","0","07/01/2021","08/25/2021",,,,,,,,,"12/31/2051",,,"12/31/2051",,"true","POINT (-123.11101 44.04554)"
"Windsong Apartments","Windsong Apartments","1365 Spruce Street","Florence","97439","Lane","Single Site","Active","4","5","9","Elderly Apartments","1995",,"Lovelace Properties LLC",,"Windsong Associates, a Washington LP",,"32","30","2",,,,,"29","3",,"0",,,,"32",,,"-",,"02/28/1995",,"01/01/2046",,,,,,,,,"2045 Jan 25 12:00:00 AM","01/01/2046",,"true","POINT (-124.0993 43.97866)"
"Lamb Building, The","Lamb Building, The","1135 Hayes Street","Eugene","97402","Lane","Single Site","Active","4","7","14","Multi-Family Residential Rental","2010",,"St Vincent De Paul Society of Lane County, Inc",,"Lamb Building, Limited Partnership",,"35",,"2",,"0","0",,"35","0","0","0","0","0","34","0","0","0","0",,"06/08/2009",,"01/01/2061",,"02/07/2031",,"06/08/2059",,,"10/30/2060",,,"01/01/2061",,"true","POINT (-123.12167 44.04743)"
"Shore Pines at Munsel Creek","Shore Pines at Munsel Creek","Parcel 18-12-14-33-00500","Florence","97439","Lane","Single Site","In Development","4","5","9","Multi-Family Residential Rental",,,,"Northwest Housing Alternatives, Inc.",,,"68","31","6","68","10",,,,,,"0","31","0","0","36","0","0","0","26/05/2022",,,,,,,,,,,,,,,"true",
"Witherspoon Court Apartments","Witherspoon Court Apartments","1390 Pennoyer Avenue","Cottage Grove","97424","Lane","Single Site","Active","4","6","12","Multi-Family Residential Rental","1996",,"Cascade Management, Inc. (Portland)",,"Witherspoon Associates LP",,"20",,"0",,,,,"20",,,"0",,,"20",,,,"-",,"10/31/1996",,"01/01/2046","04/16/2047",,,,,,,,,"04/16/2047",,"true","POINT (-123.05249 43.8021)"
"Ketanji Court (fka 11th and Lincoln)","Ketanji Court (fka 11th and Lincoln)","335 W 11th","Eugene","97401","Lane","Scattered","Active","0","0","0","Multi-Family Residential Rental","2022",,"Stewardship Development LLC","11THANDLINCOLN","Lincoln Affordable Limited Partnership",,"59","13","0","59","0",,,"5","8","46","0","13",,,"46",,,,"22/10/2021","12/22/2022","12/31/2053",,,,,,"12/31/2053",,"12/31/2053",,,"12/31/2053",,"true","POINT (-123.09782 44.04771)"
"Willamette Gardens","Willamette Gardens","3545 Kinsrow Avenue","Eugene","97401","Lane","Single Site","Active","4","4","8","Multi-Family Residential Rental","2006",,"GREP Southwest, LLC (dba Greystar RS West, LLC)",,"WG Kinsrow Partners, LLC",,"240",,"0",,,"0",,"48","96","96","0",,,,"240",,,"-",,"12/14/2004","01/01/2047",,,,,,,,,,,"01/01/2047",,"true","POINT (-123.05465 44.0584)"
"Ironwood Village","Ironwood Village","47537 Teller Road","Oakridge","97463","Lane","Single Site","Active","4","6","12","Multi-Family Residential Rental","2004",,"St Vincent De Paul Society of Lane County, Inc",,"Linn County Affordable Housing  Acquisition L.L.C.",,"24","23","1",,,,,"12","9","3","0",,,"9",,,,"-",,"06/14/2004",,,"05/08/2041",,,"06/14/2039",,,,,"2035 Dec 14 12:00:00 AM","05/08/2041",,"true","POINT (-122.48725 43.74816)"
"Park at Emerald Village","Park at Emerald Village","1950 N 2nd Avenue","Springfield","97477","Lane","Single Site","Active","4","4","7","Multi-Family Residential Rental","1998",,"Peak Living, LLC",,"BRE Peak MF Woodleaf OR LLC",,"96","0",,,,"0",,"8","40","48","0",,,"17","78",,,"-",,"08/21/1998",,"12/31/2048",,,,,,,,,,"12/31/2048",,"true","POINT (-123.0234 44.06378)"
"New Winds Apartments","New Winds Apartments","750 Laurel Street","Florence","97439","Lane","Single Site","Active","4","5","9","Disabled Apartments","2007",,"Quantum Residential Inc.",,"New Winds Apartments LP",,"18",,"8",,"0","0",,"17","1","0","0","0","0","17","0","0","0","0",,"12/03/2007",,"01/01/2057","11/25/2058",,,"08/17/2055",,,,,,"11/25/2058",,"true","POINT (-124.10743 43.97344)"
"Bascom Village I","Bascom Village I","3090 Matt Drive","Eugene","97408","Lane","Single Site","Active","4","7","13","Multi-Family Residential Rental","2015",,"St Vincent De Paul Society of Lane County, Inc",,"Bascam Village I Limited Partnership",,"53",,"3",,"0",,,"13","24","15","1","0","0","52","0","0","0","0",,"10/07/2015",,"01/01/2075",,"03/30/2031",,,,,,,,"01/01/2075",,"true","POINT (-123.06931 44.09761)"
"Westtown on 8th","Westtown on 8th","265 W 8th Avenue","Eugene","97401","Lane","Single Site","Active","4","4","8","Multi-Family Residential Rental","2008",,"Guardian Real Estate Services, LLC","Cornerstone Community Housing","Westtown on 8th, LLC",,"102","0","0","102","0",,"31","54","17",,"0","0","0","11","90","0","0","0","17/04/2023","12/01/2006","01/01/2053",,,,"12/31/2083","10/13/2053",,,"05/01/2024",,,"12/31/2083",,"true","POINT (-123.09646 44.05098)"
"Prairie View","Prairie View","584 N Danebo Road","Eugene","97402","Lane","Single Site","Active","4","7","14","Multi-Family Residential Rental","2009",,"Guardian Real Estate Services, LLC",,"Prairie View, LLC",,"64",,"4",,"0","8","8","10","38","8","0","0","22","0","41","0","0","0",,"01/27/2009",,"01/01/2059",,"03/01/2030",,,,,,,,"01/01/2059",,"true","POINT (-123.17909 44.06747)"
"Nel, The (fka 1100 Charnelton)","Nel, The (fka 1100 Charnelton)","1100 Charnelton St","Eugene","97401","Lane","Scattered","Active","4","4","8","Multi-Family Residential Rental","2022",,"Quantum Residential Inc.","Homes for Good Housing Agency","HFG NEL LIMITED PARTNERSHIP",,"45","45","6","45","45",,"45",,,,"0","0","0","45","0","0","0","0","13/05/2021","06/14/2022",,"12/31/2082",,,"12/31/2082",,,,,,,"12/31/2082",,"true","POINT (-123.0958 44.04747)"
"Bridges on Broadway","Bridges on Broadway","599 East Broadway","Eugene","97401-3311","Lane","Single Site","In Development","0","0","0","Multi-Family Residential Rental",,,,"Homes for Good Housing Agency",,,"57","56","6","57","57",,,,,,"0",,,,,,,,"30/07/2024",,,,,,,,,,,,,,,"true","POINT (-123.10169 44.04992)"
"Oak Terrace Apartments","Oak Terrace Apartments","2350 Oak Street","Florence","97439","Lane","Single Site","Active","4","5","9","Multi-Family Residential Rental","1999",,"St Vincent De Paul Society of Lane County, Inc","St. Vincent de Paul Society of Lane County, Inc.","Oak Terrace Limited Partnership",,"48","0","0","0","0","0",,"0","24","24","0","0","48","0","0","0","0","0",,"12/02/1999",,"01/01/2040","05/21/2051",,,"05/08/2049",,,,,,"05/21/2051",,"true","POINT (-124.10386 43.98716)"
"Turtle Creek Apts","Turtle Creek Apts","925 Hatton Street","Eugene","97404","Lane","Single Site","Active","4","7","13","Multi-Family Residential Rental","2007",,"Pinehurst Management, LLC",,"Turtle Creek Apartments LP",,"27",,"2",,,"0",,"0","25","2","0",,,"27",,,,"-",,"02/14/2007",,"01/01/2058",,"03/10/2029",,"02/14/2057",,,,,,"01/01/2058",,"true","POINT (-123.14561 44.08594)"
"Heeran Residential Center (fka Lane Stabilization)","Heeran Residential Center (fka Lane Stabilization)","2222 Coburg Road","Eugene","97401","Lane","Single Site","Active","4","7","13","Assisted Living (ALF)",,,"Pinehurst Management, LLC",,"HACSA dba Homes for Good Housing Agency","HOUSING AUTHORITY","16","16",,,,,"16",,,,"0",,,"4",,,,,,,,,,,,,,,"09/15/2028",,,"09/15/2028",,"true","POINT (-123.06767 44.08658)"
"Sheldon Village Phase II","Sheldon Village Phase II","2475 Sheldon Loop Road","Eugene","97401","Lane","Single Site","Active","4","7","13","Multi-Family Residential Rental","2002",,"Pinehurst Management, LLC",,"Sheldon Village Apartments LLC",,"35",,"2",,"0","4",,"7","21","3","0","6","29","0","0","0","0","0",,"09/10/2002",,"01/01/2053",,,,"09/10/2052",,,,,,"01/01/2053",,"true","POINT (-123.07275 44.07874)"
"Apple Orchard Village","Apple Orchard Village","2640-2694 Edgewood","Eugene","97404","Lane","Single Site","Active","4","7","13","Multi-Family Residential Rental","2004",,"Guardian Real Estate Services, LLC",,"Apple Orchard Village LP",,"40",,"2",,"0","8","8","7","25","0","0","4","20","15","0","0","0","1",,"12/15/2004",,"01/01/2046",,,,,,,,,,"01/01/2046",,"true","POINT (-123.12586 44.10066)"
"Vet Lift Phase III","Vet Lift Phase III","1070 West 6th Avenue","Eugene","97402","Lane","Single Site","Active","4","7","14","Veteran Housing","2009",,"St Vincent De Paul Society of Lane County, Inc",,"St Vincent de Paul Society of Lane County, Inc","Non-Profit","10",,"1",,"9",,,"10",,,"0","6","0","3","0","0","0","0",,"09/11/2008",,,,,,"09/11/2048",,,"09/11/2048",,,"09/11/2048",,"true","POINT (-123.10907 44.05324)"
"Norsemen Village","Norsemen Village","920 West 1st Avenue","Junction City","97448","Lane","Single Site","Active","4","6","12","Elderly Apartments",,,"Quantum Residential Inc.",,"HACSA dba Homes for Good Housing Agency","Housing Authority","44","43","3",,"0","0","16","40","4","0","0","0","0","16","27","0","0","0",,"05/21/2012",,,,,"05/31/2073",,,,"05/31/2073",,"2044 Feb 22 12:00:00 AM","05/31/2073",,"true","POINT (-123.20968 44.21502)"
"Munsel Park Apartments","Munsel Park Apartments","2021 12th Street","Florence","97439","Lane","Single Site","Active","4","5","9","Elderly Apartments","1976",,"Quantum Residential Inc.",,"Munsel Park Limited Partnership",,"44","43","44",,"0","0",,"36","8","0","0","0","43","0","0","0","0","1",,"12/13/2004","01/01/2055",,"10/31/2055",,,"02/07/2050",,,,,"2033 Mar 31 12:00:00 AM","10/31/2055",,"true","POINT (-124.0979 43.97738)"
"Heather Glen","Heather Glen","25022 Heather Glen Court","Veneta","97487","Lane","Single Site","Active","4","7","14","Multi-Family Residential Rental","2009",,"St Vincent De Paul Society of Lane County, Inc",,"Heather Glen, Limited Partnership",,"27",,"2",,"0","0",,"6","14","7","0","0","0","26","0","0","0","0",,"04/14/2008",,"01/01/2059","02/10/2060","10/16/2029",,"04/14/2058",,,"06/30/2059",,,"02/10/2060",,"true","POINT (-123.35259 44.04308)"
"Polk 2.0","Polk 2.0_1","89 N Polk St","Eugene",,"Lane","Scattered","In Development","4","4","8","0",,,,"DevNW",,,"12","6","0","0","6","12",,"0","0","0","0","5","0","0","7","0","0","0","01/11/2022",,,,,,,,,,,,,,,"true","POINT (-123.11243 44.06105)"
"Barrel Brook","Barrel Brook Cottage Grove","900 N Douglas Street","Cottage Grove","97424","Lane","Scattered","Active","0","0","0","Multi-Family Residential Rental","2022","2,023","Viridian Management, Inc","Chrisman Development","Barrel Brook Apartments LLC",,"40","22","5","0","0",,,"98",,,"0",,,,"98",,,,"20/10/2022","07/31/2023",,"12/31/2083",,"12/07/2048","12/31/2083",,,,,,,"12/31/2083",,"true","POINT (-123.05327 43.80356)"
"Willakenzie Townhomes","Willakenzie Townhomes","3202 Willakenzie Road","Eugene","97401","Lane","Single Site","Active","4","7","13","Multi-Family Residential Rental","1996",,"Pinehurst Management, LLC",,"HFG Communities LLC",,"25",,,,,"0",,"0","13","12","0",,,"24",,,,"-",,"05/14/1996",,"05/14/2046",,,,"10/15/2037",,,,,,"05/14/2046",,"true","POINT (-123.05794 44.08148)"
"Ollie Court FKA Naval Reserve","Ollie Court FKA Naval Reserve","1520 W 13th Ave","Eugene","97402","Lane","Single Site","In Development","0","0","0","Multi-Family Residential Rental",,,,"Homes for Good Housing Agency",,,"81","80","4","81","0",,,,,,"0",,,,,,,,"18/07/2024",,,,,,,,,,,,,,,"true","POINT (-123.11801 44.04555)"
"HFG RAD Phase II - Sarang/Hayden Meadows","Sarang","1604 Taney Place","Eugene","97402","Lane","Scattered","Active","0","0","0","Multi-Family Residential Rental","2021",,"Quantum Residential Inc.","Homes for Good Housing Agency","RAD 2 LLC",,"49","21","7","91",,,,"17","21","74","7",,,,"119",,,,"24/02/2020","03/23/2021","12/31/2051",,,"08/01/2042",,,,,"12/31/2051",,,"12/31/2051",,"true","POINT (-123.16054 44.07931)"
"Mac McDonald","Mac McDonald","1055 Bennett Lane","Eugene","97404","Lane","Single Site","Active","4","7","13","Multi-Family Residential Rental","1996",,"St Vincent De Paul Society of Lane County, Inc",,"St Vincent de Paul Society of Lane County, Inc","Non-Profit","24",,,,,,,,"14","10","0",,,"24",,,,"-",,"10/16/1996",,"01/01/2052",,,,"06/23/2045",,,,,,"01/01/2052",,"true","POINT (-123.14728 44.08331)"
"Main Street Community","Main Street Community","1091 W Main Street","Cottage Grove","97424","Lane","Single Site","Active","4","6","12","Multi-Family Residential Rental","1998",,"South Lane Mental Health",,"South Lane Mental Health",,"2",,,,,,,"6",,,"0",,,"6",,,,"-",,"02/11/1995",,,"02/11/2049",,,"06/22/2048",,,,,,"02/11/2049",,"true","POINT (-123.06878 43.79765)"
"A Street Apts","A Street Apts","145 A Street","Springfield","97477","Lane","Single Site","Active","4","4","7","Disabled Apartments",,,"Bell Real Estate",,"Laurel Hill Center, Inc.","Non-Profit","12",,"0",,,"0",,"0","12","0","0",,"12",,,,,"-",,"01/12/2006",,,,,,"01/12/2031",,,"01/12/2031",,,"01/12/2031",,"true","POINT (-123.02405 44.04708)"
"Walnut Park Duplexes","Walnut Park Duplexes","1366-1397 Keller Street","Eugene","97404","Lane","Single Site","Active","4","7","13","Multi-Family Residential Rental","1995",,"Pinehurst Management, LLC",,"Walnut Park Limited Partnership","Non-Profit","32",,"2",,,,,,"16","16","0",,,"31",,,,"-",,"08/21/1995",,"01/01/2034",,,,,,,,,,"01/01/2034",,"true","POINT (-123.14502 44.08501)"
"Jacob's Lane","Jacob's Lane","1277-1279 Jacobs Lane","Eugene","97402","Lane","Single Site","Active",,,,"Multi-Family Residential Rental","1998",,"Pinehurst Management, LLC",,"HFG Communities LLC",,"63",,,,,"11",,"22","20","10","0",,,"62",,,,"-",,"09/29/1998",,"01/01/2049",,,,"09/29/2048",,,,,,"01/01/2049",,"true","POINT (-123.15056 44.07601)"
"Camas Apartments (aka Camas Place/Camas Court)","Camas Apartments (aka Camas Place/Camas Court)","420 S 2nd Street/99 West ""F"" Street","Creswell","97426","Lane","Single Site","Active","4","6","12","Multi-Family Residential Rental","1979",,"Quantum Residential Inc.",,"HACSA dba Homes for Good Housing Agency","Housing Authority","36","22","2",,,"0",,"4","32","0","0",,,"34",,"2",,"-",,"04/21/2000",,,"07/25/2053",,,"05/01/2053",,,,,"2031 May 08 12:00:00 AM","07/25/2053",,"true","POINT (-123.02048 43.91436)"
"Corey Commons","Corey Commons","2030 S 8th Street","Cottage Grove","97424","Lane","Single Site","Active","4","6","12","Multi-Family Residential Rental","2003",,"St Vincent De Paul Society of Lane County, Inc",,"Corey Commons Limited Partnership",,"21",,"2",,,"0",,"0","11","10","0",,,"21",,,,"-",,"04/02/2004",,"01/01/2054","12/14/2054","11/02/2024",,,,,,,,"12/14/2054",,"true","POINT (-123.06005 43.78093)"
"Alona Place","Alona Place","1150 W 1st  Avenue","Junction City","97448","Lane","Single Site","Active","4","6","12","Multi-Family Residential Rental","2016",,"St Vincent De Paul Society of Lane County, Inc",,"Alona Place Limited Partnership",,"40",,"3",,"0",,,"8","21","11","0","0","0","11","28","0","0","0",,"08/09/2016",,"08/09/2076","07/01/2077","03/10/2037",,,,,,,,"07/01/2077",,"true","POINT (-123.21186 44.21505)"
"BOTHY COTTAGE",,"767 W 8TH AVE","EUGENE","97402","LANE","Single Site","Active","4","4","8","Multi-Family Residential Rental",,,,,,,"10",,,,,,,,,,,"-","-","-","-","-","-","-",,,,,,,,,,,,,,,,"false","POINT (-123.10435 44.05091)"
"510 N 34TH ST",,"510 N 34TH ST","SPRINGFIELD","97478","LANE","Single Site","Active","4","4","7","Multi-Family Residential Rental",,,,,,,"1",,,,,,,,,,,"-","-","-","-","-","-","-",,,,,,,,,,,,,,,,"false","POINT (-122.97801 44.0499)"
"MAGNOLIA GARDENS",,"1425 DAUGHERTY AVE","COTTAGE GROVE","97424","LANE","Single Site","Active","4","6","12","Assisted Living (ALF)",,,,,"Young, Camen",,"51","11",,,,,,,,,,"-","-","-","-",,,,,,,,,,,,,,"01/15/2036",,,"01/15/2036",,"true","POINT (-123.07251 43.79355)"
"345 W M ST",,"345 W M ST","SPRINGFIELD","97477","LANE","Single Site","Active","4","4","7","Multi-Family Residential Rental",,,,,,,"3",,,,,,,,,,,"-","-","-","-","-","-","-",,,,,,,,,,,,,,,,"false","POINT (-123.03079 44.05807)"
"4843 G",,"4843 G ST","SPRINGFIELD","97478","LANE","Single Site","Active","4","4","7","Multi-Family Residential Rental",,,"NEDCO",,,,"1",,,,,,,,,,,"-","-","-","-","-","-","-",,,,,,,,,,,,,,,,"false","POINT (-122.94717 44.05173)"
"413 PIONEER PKWY W",,"413 PIONEER PKWY W","SPRINGFIELD","97477","LANE","Single Site","Active","4","4","7","Multi-Family Residential Rental",,,,,,,"2",,,,,,,,,,,"-","-","-","-","-","-","-",,,,,,,,,,,,,,,,"false","POINT (-123.02328 44.04913)"
"THURSTON",,"5495 A ST","SPRINGFIELD","97478","LANE","Single Site","Active","4","4","7","Multi-Family Residential Rental",,,"COLUMBIACARE SERVICES INC.",,,,"12",,,,,,,,,,,"-","-","-","-","-","-","-",,,,,,,,,,,,,,,,"false","POINT (-122.93441 44.04701)"
"367 55TH STREET",,"367 55TH ST","SPRINGFIELD","97478","LANE","Single Site","Active","4","4","7","Multi-Family Residential Rental","2014",,,,,,"1",,,,,"0",,"0","0","1","0","-","-","-","-","-","-","-",,,,,,,,,,,,,,,,"false","POINT (-122.93322 44.04867)"
"VENETA VILLA",,"25115 E BROADWAY AVE","VENETA","97487","LANE","Single Site","Active","4","7","14","Multi-Family Residential Rental",,,,,,,"50",,,,,,,,,,,"-","-","-","-","-","-","-",,,,,,,,,,,,,,,,"false","POINT (-123.35073 44.05136)"
"ABBIE LANE",,"1011 ABBIE LN","EUGENE","97401","LANE","Single Site","Active","4","7","13","Multi-Family Residential Rental",,,"HOUSING AND COMMUNITY SERVICES AGENCY OF LANE COUN",,"Housing And Community Services Agency of Lane Coun","Non-Profit","25","25",,,,"0",,"0","13","12","0","-","-","-","-","-","-","-",,,,,,,,,,,,"11/30/2025",,"11/30/2025","Housing Assistance Payment","false","POINT (-123.09895 44.06974)"
"MCKENZIE MEADOW APTS",,"715 OAKDALE AVE","SPRINGFIELD","97477","LANE","Single Site","Active","4","4","7","Multi-Family Residential Rental","1993",,"UMBRELLA PROPERTIES",,"Shepard Investment Group, LLC",,"100",,,,,"0",,"21","69","10","0","-","-","-","-","-","-","-",,,,"01/01/2023",,,,,,,,,,"01/01/2023",,"false","POINT (-123.03762 44.07313)"
"NORTHTOWNE",,"479 E 9TH AVE","JUNCTION CITY","97448","LANE","Single Site","Active","4","6","12","Multi-Family Residential Rental",,,"NORTHTOWNE APARTMENTS LLC",,"Northtown Apartments LLC","For-Profit","34","34",,,,"0",,"34","0","0","0","-","-","-","-","-","-","-",,,,,,,,,,,,"07/31/2035",,"07/31/2035","Housing Assistance Payment","false","POINT (-123.19741 44.22194)"
"MAINSTREAM SPRINGFIELD",,"5512 E ST","SPRINGFIELD","97478","LANE","Single Site","Active","4","4","7","Multi-Family Residential Rental",,,"MAINSTREAM HOUSING",,,,"1",,,,,"0",,"0","1","0","0","-","-","-","-","-","-","-",,,,,,,,,,,,,,,,"false","POINT (-122.93142 44.0504)"
"LAUREL COURT",,"3420 JACOBS LN","EUGENE","97402","LANE","Single Site","Active","4","7","14","Multi-Family Residential Rental",,,"LAUREL HILL CENTER",,"Laurel Court Inc.","Non-Profit","17","16",,,,"0",,"16","0","0","0","-","-","-","-","-","-","-",,,,,,,,,,,,"08/31/2025",,"08/31/2025","Project Rental Assistance Contract","false","POINT (-123.14987 44.07458)"
"SORGENFRI",,"3400 HAWTHORNE AVE","EUGENE","97402","LANE","Single Site","Active","4","7","14","Multi-Family Residential Rental",,,,,"Sorgenfri Properties LLC","For-Profit","94","94",,,,"46",,"44","4","0","0","-","-","-","-","-","-","-",,,,,,,,,,,,"09/30/2029",,"09/30/2029","Housing Assistance Payment","false","POINT (-123.15049 44.07267)"
"614 10TH ST",,"614 10TH ST","SPRINGFIELD","97477","LANE","Single Site","Active","4","4","7","Multi-Family Residential Rental",,,,,,,"3",,,,,,,,,,,"-","-","-","-","-","-","-",,,,,,,,,,,,,,,,"false","POINT (-123.01256 44.05092)"
"405 PIONEER PKWY W",,"405 PIONEER PKWY W","SPRINGFIELD","97477","LANE","Single Site","Active","4","4","7","Multi-Family Residential Rental",,,,,,,"3",,,,,,,,,,,"-","-","-","-","-","-","-",,,,,,,,,,,,,,,,"false","POINT (-123.02329 44.04887)"
"ISLAND PARK",,"131 C ST","SPRINGFIELD","97477","LANE","Single Site","Active","4","4","7","Multi-Family Residential Rental",,,"PALADIN REAL ESTATE & PROPERTY MANAGEMENT, LLC",,"Day Island Park LLC","For-Profit","17","17",,,,"0",,"17","0","0","0","-","-","-","-","-","-","-",,,,,,,,,,,,"10/31/2026",,"10/31/2026","Housing Assistance Payment","false","POINT (-123.02454 44.04884)"
"HOPE LOOP",,"282 35TH CT","SPRINGFIELD","97478","LANE",,"Active","4","4","7","Multi-Family Residential Rental",,,"ST VINCENT DE PAUL SOCIETY OF LANE CO",,,,"2",,,,,"0",,"0","0","2","0","-","-","-","-","-","-","-",,,,,,,,,,,,,,,,"false","POINT (-122.97615 44.0475)"
"LINDEBORG PLACE",,"840 HOLLY ST","JUNCTION CITY","97448","LANE","Single Site","Active","4","6","12","Multi-Family Residential Rental",,,,,,,"40",,,,,,,,,,,"-","-","-","-","-","-","-",,,,,,,,,,,,,,,,"false","POINT (-123.20368 44.22134)"
"Erin Way","Erin Way","2590 ERIN WAY","EUGENE","97408","LANE","Scattered","Active","4","7","13","Multi-Family Residential Rental",,,"Independent Environments, Inc",,"Independent Environments, Inc",,"2",,"2",,"0",,,,"1","1","0","0","1","1","0","0","0","0",,"04/30/2009",,,,,,"04/30/2049",,,,,,"04/30/2049",,"true","POINT (-123.07052 44.09074)"
"MAINSTREAM APTS",,"433 W 8TH AVE","EUGENE","97401","LANE","Single Site","Active","4","4","8","Multi-Family Residential Rental",,,,,"Mainstream Housing Inc",,"10",,"1",,,,,,,,,"-","-","-","-","-","-","-",,,,,,,,"01/10/2053",,,,,,"01/10/2053",,"false","POINT (-123.09931 44.05092)"
"William Ware Residence","William Ware Residence","910 JEFFERSON ST","EUGENE","97402","LANE","Scattered","Active","4","4","8","Elderly-Disabled","1917",,"Halfway House Services, Inc",,"Halfway House Services, Inc","Non-Profit","10",,,,,,"6",,,,"0",,,"6",,,,"-",,"12/15/1997",,,,,,"12/15/2027",,,"01/15/2033",,,"01/15/2033",,"true","POINT (-123.10188 44.04969)"
"SIGNPOST",,"995 W 7TH AVE","EUGENE","97402","LANE","Single Site","Active","4","7","14","Multi-Family Residential Rental",,,,,,,"16",,,,,,,,,,,"-","-","-","-","-","-","-",,,,,,,,,,,,,,,,"false","POINT (-123.10793 44.05218)"
"LAWRENCE COURT",,"377 W 8TH AVE","EUGENE","97401","LANE","Single Site","Active","4","4","8","Multi-Family Residential Rental",,,"EMERALD PROPERTY MANAGEMENT, INC.",,"GEMINI OREGON III, LLC","For-Profit","51","51",,,,"0",,"51","0","0","0","-","-","-","-","-","-","-",,,,,,,,,,,,"07/31/2025",,"07/31/2025","Housing Assistance Payment","false","POINT (-123.09833 44.05092)"
"RIVER KOURT",,"50 KOURT DR","EUGENE","97404","LANE","Single Site","Active","4","7","13","Multi-Family Residential Rental",,,"CHRISTIAN CHURCH HOMES OF NORTHERN CALIFORNIA",,"RIVER KOURT APARTMENTS","Non-Profit","20","20",,,,"0",,"20","0","0","0","-","-","-","-","-","-","-",,,,,,,,,,,,"01/31/2026",,"01/31/2026","Project Rental Assistance Contract","false","POINT (-123.12723 44.09246)"
"RIVERVIEW TERRACE",,"925 W MAIN ST","COTTAGE GROVE","97424","LANE","Single Site","Active","3","26","52","Multi-Family Residential Rental",,,,,,,"60",,,,,,,,,,,"-","-","-","-","-","-","-",,,,,,,,,,,,,,,,"false","POINT (-123.06615 43.79763)"
"216 MAIN ST",,"216 MAIN ST","SPRINGFIELD","97477","LANE","Single Site","Active","4","4","7","Multi-Family Residential Rental",,,,,,,"4",,,,,,,,,,,"-","-","-","-","-","-","-",,,,,,,,,,,,,,,,"false","POINT (-123.0229 44.0462)"
"AURORA BUILDING",,"100 E 11TH AVE","EUGENE","97401","LANE","Single Site","Active","4","4","8","Multi-Family Residential Rental",,,"ST VINCENT DE PAUL SOCIETY OF LANE CO",,"St Vincent de Paul Society of Lane County, Inc.","Non-Profit","54",,,,,"11",,"35","8","0","0","-","-","-","-","-","-","-",,,,"01/01/2055",,"06/03/2024",,"12/27/2052",,,,,,"01/01/2055",,"false","POINT (-123.09101 44.04772)"
"SCENIC",,"4775 SCENIC DR","EUGENE","97404","LANE","Single Site","Active","4","7","13","Multi-Family Residential Rental",,,,,,,"1",,,,,,,,,,,"-","-","-","-","-","-","-",,,,,,,,,,,,,,,,"false","POINT (-123.13053 44.12892)"
"GARFIELD PARK",,"120 N GARFIELD ST","EUGENE","97402","LANE","Single Site","Active","4","7","14","Multi-Family Residential Rental",,,,,,,"9",,,,,,,,,,,"-","-","-","-","-","-","-",,,,,,,,,,,,,,,,"false","POINT (-123.12266 44.06159)"
"193 62ND PLACE",,"193 62ND PL","SPRINGFIELD","97478","LANE","Single Site","Active","4","4","7","Multi-Family Residential Rental","2013",,,,,,"1",,,,,"0",,"0","1","0","0","-","-","-","-","-","-","-",,,,,,,,,,,,,,,,"false","POINT (-122.91868 44.04675)"
"18TH STREET",,"2345 18TH ST","FLORENCE","97439","LANE","Single Site","Active","4","5","9","Multi-Family Residential Rental",,,"SHANGRI-LA",,,,"1",,,,,,,,,,,"-","-","-","-","-","-","-",,,,,,,,,,,,,,,,"true","POINT (-124.09451 43.98253)"
"J STREET APARTMENTS",,"1095 J ST","SPRINGFIELD","97477","LANE",,"Active","4","4","7","Multi-Family Residential Rental",,"2,016","ST VINCENT DE PAUL SOCIETY OF LANE CO",,,,"9",,,,,"4",,"4","1","0","0","-","-","-","-","-","-","-",,,,,,,,,,,,,,,,"false","POINT (-123.01077 44.05523)"
"VILLAGE OAKS",,"3608 W 18TH AVE","EUGENE","97402","LANE","Single Site","Active","4","7","14","Multi-Family Residential Rental",,,"HOUSING AND COMMUNITY SERVICES AGENCY OF LANE COUN",,"Housing And Community Services Agency of Lane Coun","Housing Authority","67","21",,,,"0",,"8","13","0","0","-","-","-","-","-","-","-",,,,,,,,,,,,"07/31/2031",,"07/31/2031","Housing Assistance Payment","false","POINT (-123.14701 44.03992)"
"EMERALD VALLEY",,"4550 W AMAZON DR","EUGENE","97405","LANE","Single Site","Active","4","4","8","Assisted Living (ALF)",,,,,"KRE Tiger Emerald Valley LLC",,"40","8",,,,,,,,,,"-","-","-","-",,,,,,,,,,,,,,"03/15/2036",,,"03/15/2036",,"true","POINT (-123.07619 44.00522)"
"COMMONS ON MLK, THE",,"2315 MARTIN LUTHER KING JR BLVD","EUGENE","97401","LANE","Single Site","Active","4","4","8","Multi-Family Residential Rental",,,"HOMES FOR GOOD HOUSING AGENCY",,"Homes for Good Housing Authority (HACSA)","Housing Authority","51",,"6",,"0","51",,"0","0","0","0","4","20","15","0","0","0","1",,,,"01/01/2045",,,,,,,,,,"01/01/2045",,"false","POINT (-123.07643 44.05967)"
"FIRWOOD APTS",,"2111 W 12TH AVE","EUGENE","97402","LANE","Single Site","Active","4","7","14","Multi-Family Residential Rental",,,,,,,"90",,,,,,,,,,,"-","-","-","-","-","-","-",,,,,,,,,,,,,,,,"false","POINT (-123.12479 44.04665)"
"VINCENT COURT",,"233 N 35TH ST","SPRINGFIELD","97478","LANE","Single Site","Active","4","4","7","Multi-Family Residential Rental",,,,,,,"1",,,,,,,,,,,"-","-","-","-","-","-","-",,,,,,,,,,,,,,,,"false","POINT (-122.97573 44.0475)"
"TANGLEWOOD",,"1919 15TH ST","FLORENCE","97439","LANE","Single Site","Active","4","5","9","Multi-Family Residential Rental",,,"SHELTER RESOURCES INC",,"Shelter Resources & TimberRiver Development",,"40",,"40",,,"0",,"36","4","0","0","-","-","-","-","-","-","-",,,,"01/01/2055","12/29/2056","09/15/2026",,"06/14/2054",,,"06/30/2054",,,"12/29/2056",,"false","POINT (-124.09968 43.97993)"
"PARKVIEW TERRACE",,"255 HIGH ST","EUGENE","97401","LANE","Single Site","Active","2","2","3","Multi-Family Residential Rental",,,,,,"Housing Authority","150",,,,,,,,,,,"-","-","-","-","-","-","-",,,,,,,,,,,,,,,,"true","POINT (-123.08814 44.05701)"
"1658 N 17TH ST",,"1658 N 17TH ST","SPRINGFIELD","97477","LANE","Single Site","Active","4","4","7","Multi-Family Residential Rental",,,,,,,"3",,,,,,,,,,,"-","-","-","-","-","-","-",,,,,,,,,,,,,,,,"false","POINT (-123.00003 44.0603)"
"CRESVIEW VILLA",,"350 S 2ND ST","CRESWELL","97426","LANE","Single Site","Active","4","6","12","Multi-Family Residential Rental",,,,,,,"34",,,,,,,,,,,"-","-","-","-","-","-","-",,,,,,,,,,,,,,,,"false","POINT (-123.02109 43.91486)"
"ASTER",,"1955 3RD ST","SPRINGFIELD","97477","LANE","Single Site","Active","4","4","7","Multi-Family Residential Rental","2009",,"ST.VINCENT DEPAUL SOCIETY OF LANE COUNTY",,"Aster, Inc","Non-Profit","55","54",,,,"0",,"54","0","0","0","-","-","-","-","-","-","-",,,,,,,,,,,,"03/31/2025",,"03/31/2025","Project Rental Assistance Contract","false","POINT (-123.02166 44.06465)"
"UHLHORN",,"689 W 13TH AVE","EUGENE","97402","LANE","Single Site","Active","4","4","8","Multi-Family Residential Rental",,,"SHELTERCARE",,"DH Incorporated","Non-Profit","20","20",,,,"0",,"19","1","0","0","-","-","-","-","-","-","-",,,,,,,,,,,,"02/28/2034",,"02/28/2034","Housing Assistance Payment","false","POINT (-123.10344 44.04552)"
"Ya Po Ah Terrace Condominium Unit A","Ya Po Ah Terrace Condominium Unit A","350 PEARL ST","EUGENE","97401","LANE","Scattered","Active","4","4","8","Elderly Apartments","1968","2,019","Manor Management Services Inc","Housing Development Center","Ya Po Ah 9% Limited Partnership","Non-Profit","110","98","12",,,"75","76","34","1","0","0",,,"33","57",,,"-","19/12/2018","12/01/2018",,"12/31/2081",,,"12/31/2081",,,,,"12/31/2038",,"12/31/2081","Housing Assistance Payment","true","POINT (-123.09064 44.05618)"
"3145 CORALY AVE",,"3145 CORALY AVE","EUGENE","97402","LANE","Single Site","Active","4","7","14","Multi-Family Residential Rental",,,,,,,"2",,,,,,,,,,,"-","-","-","-","-","-","-",,,,,,,,,,,,,,,,"false","POINT (-123.14381 44.06482)"
"ERIC PARK",,"292 OAK ST","JUNCTION CITY","97448","LANE","Single Site","Active","4","6","12","Multi-Family Residential Rental",,,"VIRIDIAN MANAGEMENT, INC",,,,"20","19","2",,,"0",,"18","2","0","0","-","-","-","-","-","-","-",,,,,,,,,,,,,"2029 Dec 06 12:00:00 AM","12/06/2029",,"false","POINT (-123.21139 44.21633)"
"BRETHREN HOUSING 1062 MAIN",,"1062 MAIN ST","SPRINGFIELD","97477","LANE","Single Site","Active","4","4","7","Multi-Family Residential Rental",,,,,,,"4",,,,,,,,,,,"-","-","-","-","-","-","-",,,,,,,,,,,,,,,,"false","POINT (-123.01156 44.04603)"
"5TH ST DUPLEX/CINZA ADDITION",,"1403 5TH ST","SPRINGFIELD","97477","LANE","Single Site","Active","4","4","7","Multi-Family Residential Rental",,,"ST VINCENT DE PAUL SOCIETY OF LANE CO",,,,"2",,,,,"0",,"0","0","0","2","-","-","-","-","-","-","-",,,,,,,,,,,,,,,,"false","POINT (-123.0194 44.05834)"
"2688 CENTENNIAL",,"2688 CENTENNIAL BLVD","SPRINGFIELD","97477","LANE","Single Site","Active","4","4","7","Multi-Family Residential Rental","2014",,,,,,"1",,,,,"0",,"0","0","1","0","-","-","-","-","-","-","-",,,,,,,,,,,,,,,,"false","POINT (-122.98908 44.05602)"
"COBURG ROAD",,"1121 COBURG RD","EUGENE","97401","LANE","Single Site","Active","4","7","13","Multi-Family Residential Rental",,,"BENNETT MANAGEMENT COMPANY",,"1121 Coburg Road LLC","Limited Dividend","35","35",,,,"0",,"2","21","12","0","-","-","-","-","-","-","-",,,,,,,,,,,,"09/30/2032",,"09/30/2032","Housing Assistance Payment","false","POINT (-123.06859 44.07507)"
"HAWTHORNE PARK",,"3400 HAWTHORNE AVE","EUGENE","97402","LANE","Single Site","Active","4","7","14","Multi-Family Residential Rental",,,"SORGENFRI PROPERTIES LLC",,"Shepard Hawthorne Park LLC","For-Profit","30","20",,,,"0",,"8","8","4","0","-","-","-","-","-","-","-",,,,,,,,,,,,"07/31/2029",,"07/31/2029","Housing Assistance Payment","false","POINT (-123.15049 44.07267)"
"FAMILY SHELTER HOUSE",,"969 HIGHWAY 99 N","EUGENE","97402","LANE","Single Site","Active","4","7","14","Multi-Family Residential Rental",,,,,,,"28",,,,,,,,,,,"-","-","-","-","-","-","-",,,,,,,,,,,,,,,,"false","POINT (-123.14395 44.07129)"
"BLUEBELLE I",,"249 S 41ST PL","SPRINGFIELD","97478","LANE","Single Site","Active","4","4","7","Multi-Family Residential Rental","1998",,"ST VINCENT DE PAUL SOCIETY OF LANE CO",,"St Vincent de Paul Society of Lane County, Inc.","Non-Profit","10",,,,,"0",,"0","5","5","0","-","-","-","-","-","-","-",,,,"01/01/2039",,,,"06/12/2037",,,,,,"01/01/2039",,"false","POINT (-122.96499 44.04431)"
"PENGRA COURT",,"1038 R ST","SPRINGFIELD","97477","LANE","Single Site","Active","4","4","7","Multi-Family Residential Rental","1982",,"HOUSING AND COMMUNITY SERVICES AGENCY OF LANE COUNTY",,,,"25",,,,,"0",,"0","16","6","0","-","-","-","-","-","-","-",,,,,,,,,,,,,,,,"false","POINT (-123.01089 44.06366)"
"LAUREL GROVE",,"1880 CLEVELAND ST","EUGENE","97405","LANE","Single Site","Active","4","7","14","Multi-Family Residential Rental",,,"LAUREL HILL CENTER",,"Laurel Grove, Inc.","Non-Profit","16","16",,,,"0",,"15","1","0","0","-","-","-","-","-","-","-",,,,,,,,,,,,"03/06/2026",,"03/06/2026","Project Assistance Contract","false","POINT (-123.12617 44.03965)"
"Market District Commons","Market District Commons","NW CORNER OF 6TH AVE & OAK ST","EUGENE","97401","LANE","Scattered","Active","4","7","14","Multi-Family Residential Rental","2020",,"Quantum Residential Inc.","Homes for Good Housing Agency","MD Commons LLC",,"50","15","3","50",,"0",,"42","8","0","0",,,"2","48",,,"-","28/06/2019","10/20/2020",,"12/31/2081",,,"12/31/2081",,,,"09/14/2051",,,"12/31/2081",,"true","POINT (-123.0912 44.05322)"
"KINGSLEY COURT",,"1755 KINGSLEY RD","EUGENE","97401","LANE","Single Site","Active","4","7","13","Multi-Family Residential Rental",,,"PACIFIC RETIREMENT SERVICE",,"RVM EUGENE HOUSING CORPORATION","Non-Profit","68","68",,,,"0",,"68","0","0","0","-","-","-","-","-","-","-",,,,,,,,,,,,"06/30/2028",,"06/30/2028","Project Rental Assistance Contract","false","POINT (-123.11172 44.08484)"
"Arthur Street Duplex","Arthur Street Duplex","1533/1543 ARTHUR ST","EUGENE","97402","LANE","Scattered","Active","4","7","14","Disabled",,,"Shangri-La Corporation",,"Shangri-La Corporation","Non-Profit","2",,"0",,"2","0",,"0","2","0","0","0","0","0","0","2","0","0",,"04/07/2017",,,,,,,,,"05/01/2047",,,"05/01/2047",,"true","POINT (-123.12402 44.0432)"
"COVERED BRIDGE ESTATE",,"501 N MOSS ST","LOWELL","97452","LANE","Single Site","Active","4","6","12","Multi-Family Residential Rental",,,"VIRIDIAN MANAGEMENT, INC",,,,"15","12","0",,,"0",,"2","13","1","0","-","-","-","-","-","-","-",,,,,,,,,,,,,"2031 Jul 31 12:00:00 AM","07/31/2031",,"false","POINT (-122.78324 43.92438)"
"SHEPARD",,"938 JEFFERSON ST","EUGENE","97402","LANE","Single Site","Active","4","4","8","Multi-Family Residential Rental",,,"HALFWAY HOUSE SERVICES, INC.",,"SHEPARD APARTMENTS INC","Non-Profit","9","9",,,,"0",,"7","2","0","0","-","-","-","-","-","-","-",,,,,,,,,,,,"01/31/2026",,"01/31/2026","Project Rental Assistance Contract","false","POINT (-123.10188 44.04946)"
"MARY SKINNER APTS",,"335 W 2ND AVE","EUGENE","97401","LANE","Single Site","Active","4","4","8","Multi-Family Residential Rental",,,"ST VINCENT DE PAUL SOCIETY OF LANE CO",,"St Vincent de Paul Society of Lane County, Inc.","Non-Profit","40",,,,,"40",,"0","0","0","0","-","-","-","-","-","-","-",,,,"01/01/2032",,,,"04/13/2032",,,,,,"04/13/2032",,"false","POINT (-123.09804 44.05764)"
"PINES",,"1550 15TH ST","FLORENCE","97439","LANE","Single Site","Active","4","5","9","Multi-Family Residential Rental",,,"NORTHWEST REAL ESTATE CAPITAL CORPORTATION",,"Northwest Pines LLC","For-Profit","25","25","2",,"0","0",,"0","11","14","0","0","0","0","0","25","0","0",,,"01/01/2048",,,"08/04/2028",,,,,"08/15/2039","09/30/2043",,"01/01/2048","Housing Assistance Payment","false","POINT (-124.10441 43.9797)"
"NEDCOS BLDG",,"212 MAIN ST","SPRINGFIELD","97477","LANE",,"Active",,,,"Multi-Family Residential Rental",,"2,009","NEDCO",,,,"4",,,,,"0",,"4","0","0","0","-","-","-","-","-","-","-",,,,,,,,,,,,,,,,"false","POINT (-123.02293 44.0462)"
"Laurel Gardens","Laurel Gardens","1775 W 12TH AVE","EUGENE","97402","LANE","Scattered","Active","4","7","14","Multi-Family Residential Rental","1997",,"Quantum Residential Inc.",,"HFG Communities LLC",,"41",,,,,,"16","24","1",,"0",,,,"41",,,"-",,"08/28/1997",,"01/01/2047",,,,,,,,,,"01/01/2047",,"true","POINT (-123.11939 44.04664)"
"Vet Lift","Vet Lift","951 W 7TH AVE","EUGENE","97402","LANE","Scattered","Active","4","7","14","Veteran Housing",,,"St Vincent De Paul Society of Lane County, Inc",,"St Vincent de Paul Society of Lane County, Inc","Non-Profit","13",,"1",,,,"2","7","4",,"0","13",,,,,,"-",,"09/12/2006",,,,,,"09/12/2046",,,"10/06/2046",,,"10/06/2046",,"true","POINT (-123.10664 44.05216)"
"Village East Apartments (Springfield)","Village East Apartments (Springfield)","6330 MAIN ST","SPRINGFIELD","97478","LANE","Scattered","Active","4","4","7","Multi-Family Residential Rental","2015","2,015","Guardian Real Estate Services, LLC",,"Village East Apartments Limited Partnership","Limited Dividend","42","42","0",,"0","0",,"2","36","4","0","0","0","0","42","0","0","0",,"12/15/2014",,"01/01/2075",,"12/15/2034","07/01/2075",,,,,"12/31/2034",,"07/01/2075","Housing Assistance Payment","true","POINT (-122.91648 44.04615)"
"COLLEGE CORNER",,"764 MILL ST","SPRINGFIELD","97477","LANE","Single Site","Active","4","4","7","Multi-Family Residential Rental",,"2,000","CORNERSTONE COMMUNITY HOUSING",,,,"9",,,,,"0",,"8","1","0","0","-","-","-","-","-","-","-",,,,,,,,,,,,,,,,"false","POINT (-123.02624 44.05212)"
"ALDER STREET RESIDENCE",,"1774 ALDER ST","EUGENE","97401","LANE","Single Site","Active","4","4","8","Multi-Family Residential Rental",,,"HALFWAY HOUSE SERVICES, INC.",,"Halfway House Services, Inc.","Non-Profit","9","8",,,,"0",,"8","0","0","0","-","-","-","-","-","-","-",,,,,,,,,,,,"07/31/2035",,"07/31/2035","Housing Assistance Payment","false","POINT (-123.08022 44.0404)"
"MAPLEWOOD MEADOWS",,"2802 MATT DR","EUGENE","97408","LANE","Single Site","Active","4","7","13","Multi-Family Residential Rental",,,,,,,"38",,,,,,,,,,,"-","-","-","-","-","-","-",,,,,,,,,,,,,,,,"false","POINT (-123.06919 44.09435)"
"HAWTHORN AT 29TH",,"2988 OAK ST","EUGENE","97405","LANE","Single Site","Active","4","4","8","Multi-Family Residential Rental",,,"INTERSTATE REALTY MANAGEMENT CO.",,"Hawthorn-At-29th LLC","For-Profit","35","35","2",,"35","0",,"35","0","0","0","0","0","0","35","0","0","0",,,,"01/01/2074",,"06/13/2033",,"01/01/2073",,,,"09/30/2032",,"01/01/2074","Housing Assistance Payment","false","POINT (-123.08993 44.02453)"
"LAURELWOOD HOMES",,"1137 MAPLE ST","FLORENCE","97439","LANE","Scattered","Active","4","5","9","Multi-Family Residential Rental",,,,,,,"30",,,,,,,,,,,"-","-","-","-","-","-","-",,,,,,,,,,,,,,,,"false","POINT (-124.10622 43.97686)"
"CAPITAL MANOR",,"2420 WILLAKENZIE RD","EUGENE","97401","LANE","Single Site","Active","4","7","13","Multi-Family Residential Rental",,,"INCOME PROPERTY MANAGEMENT COMPANY",,"Capital Apartments Investors I LLC","For-Profit","36","36",,,,"0",,"0","31","5","0","-","-","-","-","-","-","-",,,,,,,,,,,,"01/31/2027",,"01/31/2027","Housing Assistance Payment","false","POINT (-123.0742 44.07844)"
"SUNBURST MANOR",,"88078 6TH ST","VENETA","97487","LANE","Single Site","Active","4","7","14","Multi-Family Residential Rental",,,"NORPAK LP",,,,"9","8","0",,,"0",,"0","9","0","0","-","-","-","-","-","-","-",,,,,,,,,,,,,"2037 Aug 29 12:00:00 AM","08/29/2037",,"false","POINT (-123.3575 44.04799)"
"MCKENZIE VILLAGE",,"300 W FAIRVIEW DR","SPRINGFIELD","97477","LANE","Single Site","Active","4","4","7","Multi-Family Residential Rental",,,"HOUSING AND COMMUNITY SERVICES AGENCY OF LANE COUNTY",,,,"172",,,,,,,,,,,"-","-","-","-","-","-","-",,,,,,,,,,,,,,,,"false","POINT (-123.0298 44.06092)"
"BARREL BROOK APARTMENTS",,"900 N DOUGLAS ST","COTTAGE GROVE","97424","LANE","Single Site","Active","4","6","12","Multi-Family Residential Rental",,,"LOVELACE PROPERTIES",,,,"40","26","2",,,"0",,"40","0","0","0","-","-","-","-","-","-","-",,,,,,,,,,,,,"2052 Oct 12 12:00:00 AM","10/12/2052",,"false","POINT (-123.05327 43.80356)"
"Vet Lift Phase II","Vet Lift Phase II","1025 W 7TH AVE","EUGENE","97402","LANE","Scattered","Active","4","7","14","Veteran Housing",,,"St Vincent De Paul Society of Lane County, Inc",,"St Vincent de Paul Society of Lane County, Inc","Non-Profit","12",,"1",,"0",,,"12",,,"0","0","4","0","0","0","0","8",,"12/21/2007",,,,,,"12/21/2047",,,,,,"12/21/2047",,"true","POINT (-123.10772 44.05217)"
"SHELDON VILLAGE I",,"2475 SHELDON VILLAGE LOOP","EUGENE","97401","LANE","Single Site","Active","4","7","13","Multi-Family Residential Rental","2002",,"HOUSING AUTHORITY & COMMUNITY SVCS AGENCY",,"Homes for Good Housing Authority (HACSA)","Housing Authority","43",,,,,"6",,"11","21","5","0","-","-","-","-","-","-","-",,,,"12/31/2052",,,,"09/18/2051",,,,,,"12/31/2052",,"false","POINT (-123.07275 44.07874)"
"YA PO AH TERRACE CONDO B",,"350 PEARL ST","EUGENE","97401","LANE",,"Active","4","4","8","Multi-Family Residential Rental",,,"MANOR MANAGEMENT SERVICE",,"Evergreen Union Retirement","Non-Profit","112","112","0",,"0","81",,"31","0","0","0","0","0","0","112","0","0","0",,,"12/31/2051",,,,,,,,"12/31/2051","12/31/2038",,"12/31/2051","Housing Assistance Payment","false","POINT (-123.09064 44.05618)"
"FERRY STREET QUADS",,"1728 FERRY ST","EUGENE","97401","LANE","Single Site","Active","4","4","8","Multi-Family Residential Rental",,,,,,,"28",,,,,,,,,,,"-","-","-","-","-","-","-",,,,,,,,,,,,,,,,"false","POINT (-123.0852 44.04081)"
"SHADY LOOP DUPLEX",,"78 SHADY LOOP","SPRINGFIELD","97477","LANE",,"Active","4","4","7","Multi-Family Residential Rental",,,"MAINSTREAM HOUSING",,,,"2",,,,,"0",,"0","0","2","0","-","-","-","-","-","-","-",,,,,,,,,,,,,,,,"false","POINT (-123.02456 44.06576)"
"RAINBOW VILLAGE",,"1250 RAINBOW DR","SPRINGFIELD","97477","LANE","Single Site","Active","4","4","7","Multi-Family Residential Rental",,,"GUARDIAN MANAGEMENT LLC",,"Rainbow Village Apartments Inc","Non-Profit","80","60",,,,"0",,"17","31","9","3","-","-","-","-","-","-","-",,,,,,,,,,,,"07/31/2034",,"07/31/2034","Housing Assistance Payment","false","POINT (-123.03863 44.05664)"
"Vandehaven by the Bay (APT)","Vandehaven by the Bay (APT)","385 Grant Street","Waldport","97394","Lincoln","Single Site","Active","4","5","10","Elderly Apartments","1995",,"Housing Authority of Lincoln County",,"Housing Authority of Lincoln County","Housing Authority","18",,,,,,"4","14",,,"0",,,"18",,,,"-",,"10/02/1995",,,,,,"10/02/2035",,,"01/15/2028",,,"10/02/2035",,"true","POINT (-124.05924 44.43193)"
"Wecoma Place (Lincoln DHC)","Wecoma Place (Lincoln DHC)","2133 NE 29th Street","Lincoln City","97367","Lincoln","Single Site","In Development","0","0","0","Multi-Family Residential Rental",,,,"Stewardship Development LLC","Wecoma Place Limited Partnership",,"44","8","1","43",,,,,,,"0",,,,,,,,"02/11/2022",,,,,,,,,,,,,,,"true","POINT (-124.00572 44.98654)"
"Blackberry Hill Apartments","Blackberry Hill Apartments","740 SE 6th St","Toledo","97391","Lincoln","Single Site","In Development","0","0","0","Multi-Family Residential Rental",,,,"Northwest Coastal Housing",,,"11","3","2","4","3",,,,,,"0",,,,,,,,"30/06/2023",,,,,,,,,,,,,,,"true","POINT (-123.92913 44.61629)"
"Pelican Place","Pelican Place","320 NW 3rd Street","Newport","97365","Lincoln","Single Site","Active","4","5","10","Multi-Family Residential Rental",,,"Assurance Real Estate Services",,"Community Services Consortium","Non-Profit","12",,"0",,"12",,,"2","10",,"0","0","0","0","12","0","0","0",,"04/23/2009",,,,,"12/01/2041","04/23/2049",,,"04/23/2049",,,"04/23/2049",,"true","POINT (-124.05603 44.63835)"
"Mariner Heights","Mariner Heights","230 NW 1st Street","Newport","97365","Lincoln","Single Site","Active","4","5","10","Elderly Apartments",,,"Housing Authority of Lincoln County",,"Housing Authority of Lincoln County","Housing Authority","16","16","2",,,"0",,"16","0","0","0",,,"4","7","5",,"-",,"07/08/2002",,,,,,"07/08/2032",,,"12/15/2032",,"2032 Nov 28 12:00:00 AM","12/15/2032",,"true","POINT (-124.05474 44.63716)"
"Lincoln City 25th Street Apartments","Lincoln City 25th Street Apartments","NE 25th Street & Hwy 101","Lincoln City","97367-4148","Lincoln","Single Site","In Development","4","5","10","Multi-Family Residential Rental",,,"Pinehurst Management, LLC","Innovative Housing Inc","Lincoln 25 Limited Partnership",,"107","0","8","46","0","0",,"41","50","16","0","11","0","0","96","0","0","0","26/08/2022",,,,,,,,,,,,,,,"true","POINT (-124.00727 44.98337)"
"Yaquina Breeze Apartments","Yaquina Breeze Apartments","5920 NW Gladys Street","Newport","97365","Lincoln","Single Site","Active","4","5","10","Disabled Apartments","2002",,"Northwest Coastal Housing",,"Northwest Coastal Housing","Non-Profit","9",,"0",,,,,"9",,,"0",,,"9",,,,"-",,"06/18/2001",,,"02/26/2033",,,"06/18/2031",,,,,,"02/26/2033",,"true","POINT (-124.06327 44.68017)"
"Fisterra Gardens Townhomes","Fisterra Gardens Townhomes","100 Diversity Drive S","Yachats","97498","Lincoln","Single Site","Active","4","5","10","Multi-Family Residential Rental","2019",,"Cascade Management, Inc. (Portland)","Our Coastal Village, Inc","Fisterra Gardens Townhomes LP","Non-Profit","21","0","3","9","0","6","6","3","10","2","0","0","0","0","21","0","0","0","19/04/2018","04/01/2018","12/01/2049",,,,,,"12/01/2049",,"12/01/2049",,,"12/01/2049",,"true","POINT (-124.10137 44.32327)"
"Tern House","Tern House","655 SW 9th Street","Newport","97365","Lincoln","Single Site","Active","4","5","10","Multi-Family Residential Rental",,,"Assurance Real Estate Services",,"Community Services Consortium","Non-Profit","6",,"0",,"6",,,"6",,,"0","0","0","0","6","0","0","0",,"08/21/2008",,,,,,,,,"08/21/2028",,,"08/21/2028",,"true","POINT (-124.05962 44.63021)"
"Lincoln Village","Lincoln Village","2530 NE 31st Street","Lincoln City","97367-4963","Lincoln","Single Site","Active","4","5","10","Multi-Family Residential Rental","1975",,"HNN Communities US, LLC dba DevCo Residental Property Management","Oregon 4 Manager LLC","Oregon 4 Apartments, LLC","Limited Dividend","38","33","0",,,"0",,"15","9","9","0",,,,"38",,,"-","31/03/2022","06/15/2006","01/01/2036",,,,,,,,"08/15/2035","03/31/2042",,"03/31/2042","Housing Assistance Payment","true","POINT (-124.00151 44.98774)"
"Beacon Crest Apts","Beacon Crest Apts","2897 NE 47th Street","Lincoln City","97367","Lincoln","Single Site","Active","4","5","10","Multi-Family Residential Rental","2008",,"Cascade Management, Inc. (Portland)",,"Beacon Crest Associates II LP",,"41",,"4",,,"0",,"13","10","16","2","7","7","18","9",,,"-",,"05/02/2006",,"01/01/2058","02/10/2060","04/12/2030",,,,,"05/02/2056",,,"02/10/2060",,"true","POINT (-123.99817 45.00018)"
"Newport North and South Apartments","Newport North and South Apartments","120 NW 60th Street","Newport","97365","Lincoln","Single Site","Active","4","5","10","Multi-Family Residential Rental","1999",,"Widmyer Corporation",,"Newport BSW LLC",,"52",,,,,"0",,"14","32","6","0",,,"52",,,,"-",,"04/01/1999",,"09/21/2054","02/25/2055",,,"09/21/2054",,,,,,"02/25/2055",,"true","POINT (-124.06391 44.68081)"
"Fisterra Gardens Apartments","Fisterra Gardens Apartments","101 Diversity Drive","Yachats","97495","Lincoln","Single Site","Active","4","5","10","Multi-Family Residential Rental","2009",,"Housing Authority of Lincoln County",,"Housing Authority of Lincoln County","Housing Authority","25",,"12",,"0","0",,"8","17","0","0","0","0","25","0","0","0","0",,"12/18/2008",,"05/30/2055",,"08/26/2030",,"12/18/2053",,,,,,"05/30/2055",,"true","POINT (-124.10069 44.3232)"
"Ridge Apartments, The","Ridge Apartments, The","3232 SE Harbor Drive","Lincoln City","97367","Lincoln","Single Site","Active","4","5","10","Multi-Family Residential Rental","1995",,"Pinehurst Management, LLC",,"Spyglass Ridge Limited Partnership",,"80",,"0",,"2",,,,"40","40","0","0","0","4","76","0","0","0",,"10/30/1995","01/01/2045",,"07/01/2046",,,"11/17/2044",,,,,,"07/01/2046",,"true","POINT (-124.01593 44.94093)"
"Salmon Run Apartments","Salmon Run Apartments","7035 NE Echo Court","Newport","97365","Lincoln","Single Site","Active","4","5","10","Multi-Family Residential Rental","1995",,"Housing Authority of Lincoln County",,"Housing Authority of Lincoln County","Housing Authority","40",,,,,"0",,"0","22","18","0",,,"8","32",,,"-",,"03/01/1994",,"01/01/2046","04/23/2046",,,"12/09/2043",,,"09/09/2019",,,"04/23/2046",,"true","POINT (-124.05561 44.68889)"
"Big Creek Point","Big Creek Point","2725 NE Crestview Drive","Newport","97365","Lincoln","Single Site","Active","4","5","10","Multi-Family Residential Rental","2001",,"Cascade Management, Inc. (Portland)",,"Big Creek Point Associates",,"47",,,,,"0",,"41","6","0","0","4","5","25","13",,,"-",,"08/05/2001",,"12/31/2051","12/30/2053",,,,,,"05/10/2049",,,"12/30/2053",,"true","POINT (-124.05022 44.6557)"
"Olalla Meadows","Olalla Meadows","1585 SE Sturdevant","Toledo","97391","Lincoln","Single Site","In Development","0","0","0","Multi-Family Residential Rental",,,,"Northwest Coastal Housing",,,"30","0","4","14","0",,,,,,"0",,,,,,,,"12/02/2025",,,,,,,,,,,,,,,"true","POINT (-123.921 44.61029)"
"DEPOE BAY TRIPLEX",,"(UNKNOWN)","DEPOE BAY","97341","LINCOLN","Single Site","Active","4","5","10","Multi-Family Residential Rental",,,,,,,"6",,,,,,,,,,,"-","-","-","-","-","-","-",,,,,,,,,,,,,,,,"false",
"SCATTERED SITE NEWPORT",,"(UNKNOWN)","NEWPORT","97365","LINCOLN","Scattered","Active","4","5","10","Multi-Family Residential Rental",,,,,,,"25",,,,,,,,,,,"-","-","-","-","-","-","-",,,,,,,,,,,,,,,,"false",
"OCEAN SPRAY HOMES",,"1039 NE NYE ST","NEWPORT","97365","LINCOLN","Single Site","Active","4","5","10","COMMUNITY FACILITY",,,,,,,"30",,,,,,,,,,,"-","-","-","-","-","-","-",,,,,,,,,,,,,,,,"false","POINT (-124.0556 44.64426)"
"SCATTERED SITE LINCOLN CITY",,"(UNKNOWN)","LINCOLN CITY","97367","LINCOLN","Scattered","Active","4","5","10","Multi-Family Residential Rental",,,,,,,"10",,,,,,,,,,,"-","-","-","-","-","-","-",,,,,,,,,,,,,,,,"false",
"SINGLE FAMILY NEWPORT SCATTERED",,"(UNKNOWN)","NEWPORT","97365","LINCOLN","Scattered","Active","4","5","10","Multi-Family Residential Rental",,,,,,,"9",,,,,,,,,,,"-","-","-","-","-","-","-",,,,,,,,,,,,,,,,"false",
"SURFWOOD MANOR",,"4629 SW HIGHWAY 101","LINCOLN CITY","97367","LINCOLN","Single Site","Active","4","5","10","Multi-Family Residential Rental",,,"CAMBRIDGE REAL ESTATE SERVICES",,"Surfwood Manor Oregon Ltd","For-Profit","48","48",,,,"0",,"44","4","0","0","-","-","-","-","-","-","-",,,,,,,,,,,,"03/31/2025",,"03/31/2025","Housing Assistance Payment","false","POINT (-124.01925 44.93116)"
"OCEANVIEW",,"525 NE 71ST ST","NEWPORT","97365","LINCOLN","Single Site","Active","4","5","10","Assisted Living (ALF)",,,,,"Plant, Andrew (Managing Member)",,"70","14",,,,,,,,,,"-","-","-","-",,,,,,,,,,,,,,"02/15/2036",,,"02/15/2036",,"true","POINT (-124.05554 44.69026)"
"SA-DA-MUNN",,"485 W WILLOW ST","WALDPORT","97394","LINCOLN","Single Site","Active","4","5","10","Multi-Family Residential Rental",,,"VIRIDIAN MANAGEMENT, INC",,,,"50","49","3",,,"0",,"46","4","0","0","-","-","-","-","-","-","-",,,,,,,,,,,,,"2036 Feb 05 12:00:00 AM","02/05/2036",,"false","POINT (-124.06573 44.42625)"
"PINEWOOD MANOR",,"225 NW 6TH ST","NEWPORT","97365","LINCOLN","Single Site","Active","4","5","10","Multi-Family Residential Rental",,,"CAMBRIDGE REAL ESTATE SERVICES",,"ND Manor, LLC","For-Profit","45","35",,,,"15",,"17","3","0","0","-","-","-","-","-","-","-",,,,,,,,,,,,"03/31/2025",,"03/31/2025","Housing Assistance Payment","false","POINT (-124.05508 44.64015)"
"West Devil's Lake Apartments","West Devil's Lake Apartments","3100 NE 26TH ST","LINCOLN CITY","97367","LINCOLN","Scattered","Active","4","5","10","Multi-Family Residential Rental","2008",,"Northwest Real Estate Capital Corp",,"Northwest Devil's Lake LLC","For-Profit","50","50",,,"0","0",,"4","42","4","0","0","0","0","50","0","0","0",,"06/01/2008","01/01/2049",,,"08/01/2029",,,,,"05/15/2040","01/31/2040",,"01/01/2049","Housing Assistance Payment","true","POINT (-123.99576 44.9837)"
"Surf View Village","Surf View Village","6138 N COAST HWY","NEWPORT","97365","LINCOLN","Scattered","Active","4","5","10","Multi-Family Residential Rental","2020",,"Cascade Management, Inc. (Portland)","Commonwealth Dev Corp of America","Surf View Village LLC","For-Profit","110","0","6","36","0","0",,"24","42","44","0","0","0","0","110","0","0","0","15/05/2019","05/01/2019","12/31/2051",,,,,,"12/31/2051",,"12/31/2051",,,"12/31/2051",,"true","POINT (-124.06168 44.68169)"
"FIRCREST HOMES",,"(UNKNOWN)","TOLEDO","97391","LINCOLN","Single Site","Active","4","5","10","Multi-Family Residential Rental",,,,,,,"30",,,,,,,,,,,"-","-","-","-","-","-","-",,,,,,,,,,,,,,,,"false",
"PUBLIC HOUSING",,"1039 NW NYE ST","NEWPORT","97365","LINCOLN","Single Site","Active","2","30","60","Multi-Family Residential Rental",,,,,,,"118",,,,,,,,,,,"-","-","-","-","-","-","-",,,,,,,,,,,,,,,,"false","POINT (-124.0556 44.64426)"
"HILLSIDE HOUSE",,"1400 SE 19TH ST","LINCOLN CITY","97367","LINCOLN","Single Site","Active","4","5","10","Assisted Living (ALF)",,,,,"IHC - Hillside Place",,"34","7","0",,,,,,,,,"-","-","-","-",,,,,,,,,,,,,,"08/15/2030",,,"08/15/2030",,"true","POINT (-124.0136 44.95458)"
"DORCHESTER HOUSE",,"2701 NW HIGHWAY 101","LINCOLN CITY","97367","LINCOLN","Single Site","Active","4","5","10","Assisted Living (ALF)",,,,,"Dorchester House LLC",,"70","14",,,,,,,,,,"-","-","-","-",,,,,,,,,,,,,,"11/15/2029",,,"11/15/2029",,"true","POINT (-124.00722 44.98477)"
"SEA HAVEN",,"1550 SE 14TH ST","LINCOLN CITY","97367","LINCOLN","Single Site","Active","4","5","10","Multi-Family Residential Rental",,,"SEA HAVEN ASSOCIATION",,,,"40","19","4",,,"0",,"40","0","0","0","-","-","-","-","-","-","-",,,,,,,,,,,,,,,,"false","POINT (-124.0121 44.95757)"
"COAST AND HIGH",,"(UNKNOWN)","NEWPORT","97365","LINCOLN","Single Site","Active","4","5","10","Multi-Family Residential Rental",,,,,,,"4",,,,,,,,,,,"-","-","-","-","-","-","-",,,,,,,,,,,,,,,,"false",
"AGATE HEIGHTS APTS",,"150 NE 60TH ST","NEWPORT","97365","LINCOLN","Single Site","Active","4","5","10","Multi-Family Residential Rental",,,"HOUSING AUTHORITY OF LINCOLN COU",,"Housing Authority of Lincoln County","Housing Authority","44","44","3",,,"0",,"12","24","8","0","-","-","-","-","-","-","-",,,,,"10/04/2038",,,"01/17/2037",,,,,"2037 Jan 27 12:00:00 AM","10/04/2038",,"false","POINT (-124.06103 44.68088)"
"Oak Plaza","Oak Plaza","1265 E Salem Ave","Albany","97321","Linn","Single Site","Active","5","8","15","Multi-Family Residential Rental","1970",,"Pinehurst Management, LLC",,"Pacific Northwest Investments LLC","For-Profit","20","20",,,,"4","4","16","0","0","0",,,,"20",,,"-",,"03/19/1999","07/01/2060",,,,,,,,,"08/31/2044",,"07/01/2060","Housing Assistance Payment","true","POINT (-123.08986 44.63766)"
"Ames Creek Court","Ames Creek Court","1794 Ames Creek Court","Sweet Home","97386","Linn","Scattered","Active","0","0","0","Multi-Family Residential Rental","1999",,"Cascade Management, Inc. (Portland)",,"Ames Creek Limited Partnership",,"30","0",,,,,,"28","2",,"0",,,"30",,,,,"06/03/2023","06/24/1999",,"01/01/2050","11/19/2051","09/14/2021",,"06/01/2048",,,"04/28/2060",,,"04/28/2060",,"true","POINT (-122.69055 44.36901)"
"Colonia Paz I","Colonia Paz I","500 Weldwood Drive #A","Lebanon","97355","Linn","Scattered","Active","0","0","0","Multi-Family Residential Rental","2022",,"Evolve Workforce and Multifamily Housing Mgmt.","Farmworker Hsg Dev Corp","Farmworker Housing Development Corp","Non-Profit","24","23","2","24",,,,"8","16",,"0","3",,"15",,,,,"25/03/2021","05/19/2022",,,"10/17/2083",,"06/15/2082",,,,,,,"10/17/2083",,"true","POINT (-122.89742 44.51491)"
"Sunset Corners (aka Brookside)","Sunset Corners (aka Brookside)","1321 Sunset Lane","Sweet Home","97386","Linn","Single Site","Active","5","6","11","Multi-Family Residential Rental","2001",,"Cascade Management, Inc. (Portland)",,"Carolina Sunset Development LLC",,"10",,"10",,,,,"7","3",,"0",,,"10",,,,"-",,"06/20/2001",,,"09/03/2053","11/10/2029",,"06/20/2051",,,,,,"09/03/2053",,"true","POINT (-122.74444 44.39764)"
"Woodwind","Woodwind","1415 Salem Ave SE","Albany","97321","Linn","Single Site","Active","5","8","15","Multi-Family Residential Rental","2014",,"Income Property Management (Portland)",,"Woodland Square Limited Partnership",,"54",,"17",,"0",,,"9","36","6","3","5","0","7","42","0","0","0",,"05/27/2014",,"01/01/2076",,"02/01/2036","09/01/2075",,,,,,,"01/01/2076",,"true","POINT (-123.08723 44.63784)"
"Queen Anne Apartments","Queen Anne Apartments","142 E Elmore Street","Lebanon","97355","Linn","Single Site","Active","5","6","11","Multi-Family Residential Rental","2008",,"Guardian Real Estate Services, LLC",,"Queen Anne Apartments LLC",,"98",,"10",,"0","0",,"24","66","8","0","0","0","0","98","0","0","0",,"07/22/2008","01/01/2039",,,,,,,,"06/30/2038",,,"01/01/2039",,"true","POINT (-122.90537 44.5335)"
"River View Place","River View Place","635 3rd Avenue SW","Albany","97321","Linn","Single Site","Active","5","8","15","Multi-Family Residential Rental","2009",,"Linn-Benton Housing Authority",,"River View Place Apartments LP",,"40",,"8",,,"4","4","28","8","0","0",,,"16","23","1",,"-",,"04/22/2009",,"01/01/2060",,"03/04/2030",,,,,,,,"01/01/2060",,"true","POINT (-123.11118 44.6351)"
"Applegate Landing","Applegate Landing","1875 Stoltz Hill Road","Lebanon","97355","Linn","Scattered","Active","5","6","11","Multi-Family Residential Rental","2021",,"Cascade Management, Inc. (Portland)","Applegate Landing LLC","Applegate Landing LLC",,"48","1","4","12",,,"6","18","18","6","0","1",,"10","37",,,,"12/08/2020","08/30/2021",,"12/31/2081","05/19/2082",,,,,,"05/19/2052",,,"05/19/2082",,"true","POINT (-122.92073 44.5284)"
"Linnhaven Stonebrook","Linnhaven Stonebrook","1220 23 Avenue","Sweet Home","97386","Linn","Single Site","Active","5","6","11","Multi-Family Residential Rental","2010",,"Cascade Management, Inc. (Portland)",,"DevNW Linnhaven Stonebrook LLC",,"51","43","4",,,"6","6","28","16","1","0",,,"50",,,,"-",,"06/22/2010",,,"01/13/2061",,,"06/04/2059",,,"05/31/2060",,"2039 Dec 11 12:00:00 AM","01/13/2061",,"true","POINT (-122.71617 44.39901)"
"Sunset Corners 2","Sunset Corners 2","1310,1314,1318,1322,1326,1330 Sunset Lane","Sweet Home","97386","Linn","Single Site","Active","5","6","11","Multi-Family Residential Rental","2007",,"Cascade Management, Inc. (Portland)",,"DevNW*",,"6",,"0",,"0",,,,"2","4","0","0","0","6","0","0","0","0",,"11/20/2007",,,"01/30/2059",,,"11/20/2057",,,,,,"01/30/2059",,"true","POINT (-122.7445 44.39776)"
"Linnhaven Stonebrook","Linnhaven Stonebrook","1220 23 Avenue","Sweet Home","97386","Linn","Single Site","Active","5","6","11","Multi-Family Residential Rental","2010",,"Cascade Management, Inc. (Portland)",,"DevNW Linnhaven Stonebrook LLC",,"51","43","4",,,"0","6","12","12","1","0",,,"50",,,,"-",,"06/22/2010",,,"01/13/2061",,,"06/04/2059",,,"05/31/2060",,"2039 Dec 11 12:00:00 AM","01/13/2061",,"true","POINT (-122.71617 44.39901)"
"Willamette Manor (ALF)","Willamette Manor (ALF)","176 West C Street","Lebanon","97355","Linn","Single Site","Active","5","6","11","Assisted Living (ALF)","1998",,"Senior Housing Managers, LLC","Willamette Manor, Inc","Willamette Manor, Inc",,"42","42",,,,,"34","8",,,"0",,,,"34",,,,,,,,,,,,,,"01/15/2034",,,"01/15/2034",,"true","POINT (-122.90936 44.53376)"
"Cottage Creek","Cottage Creek","1460 6th Avenue SE","Albany","97321","Linn","Single Site","Active","5","8","15","Elderly-Disabled","1999",,"Linn-Benton Housing Authority",,"Linn-Benton Housing Authority","Housing Authority","15",,,,,,"12",,"3",,"0",,,"15",,,,"-",,"06/17/1996",,,"10/19/2039",,,"06/17/2036",,,"06/15/2034",,,"10/19/2039",,"true","POINT (-123.08699 44.63522)"
"Carolina 100","Carolina 100","100 E Carolina Street","Lebanon","97355","Linn","Single Site","Active","5","6","11","Multi-Family Residential Rental","2003",,"Cascade Management, Inc. (Portland)",,"Carolina Sunset Development LLC","Non-Profit","16","2","2",,,"1","1","4","11","0","0",,,"5","5",,,"-",,"08/08/2003",,,"07/19/2040","10/01/2023",,"08/08/2038",,,"09/30/2049","09/30/2039",,"09/30/2049","Rental Assistance Contract","true","POINT (-122.90517 44.54358)"
"Cascadia Village","Cascadia Village","1241 23rd Avenue","Sweet Home","97386","Linn","Single Site","Active","5","6","11","Multi-Family Residential Rental","1973",,"Cascade Management, Inc. (Portland)",,"Cascadia Apartments 2440 LLC",,"32",,,,,"0",,"8","16","8","0",,,"29","3",,,"-",,"11/24/1998",,"01/01/2040","01/01/2040",,,"01/01/2040",,,,,,"01/01/2040",,"true","POINT (-122.716 44.39936)"
"Park Manor","Park Manor","45 Market Street","Lebanon","97355-1551","Linn","Single Site","Active","5","6","11","Multi-Family Residential Rental","1973",,"HNN Communities US, LLC dba DevCo Residental Property Management",,"Oregon 4 Apartments, LLC","Limited Dividend","40","30","0",,,"0",,"10","12","8","0",,,,"40",,,"-",,"06/15/2006","01/01/2036",,,,,,,,"06/30/2036","03/31/2042",,"03/31/2042","Housing Assistance Payment","true","POINT (-122.90633 44.51824)"
"Carolina Court","Carolina Court","170 S 5th Street","Lebanon","97355","Linn","Single Site","Active","5","6","11","Multi-Family Residential Rental","1997",,"Cascade Management, Inc. (Portland)",,"Carolina Sunset Development LLC","Non-Profit","10",,,,,,,,"6","4","0",,,"5","5",,,"-",,"12/23/1994",,,"10/07/2037","11/10/2029",,,,,,,,"10/07/2037",,"true","POINT (-122.91276 44.5443)"
"Sommerville Place Apartments","Sommerville Place Apartments","885 Sommerville Loop","Harrisburg","97446","Linn","Single Site","Active","5","6","11","Multi-Family Residential Rental","1998",,"St Vincent De Paul Society of Lane County, Inc",,"St Vincent de Paul Society of Lane County, Inc","Non-Profit","28",,"0",,"0","0",,"0","10","18","0","0","0","23","5","0","0","0",,"05/28/1997",,"01/01/2048","03/24/2049","05/29/2033","01/01/2074","01/01/2049",,,,,,"01/01/2074",,"true","POINT (-123.16011 44.2661)"
"Colonia Paz II","Colonia Paz II","Tax lot 1701 Welwood Drive","Lebanon",,"Linn","Scattered","Active","5","6","11","Multi-Family Residential Rental","2023",,"Evolve Workforce and Multifamily Housing Mgmt.","Farmworker Housing Development Corporation","Colonia Paz II LP",,"110","0",,,"0",,"12","36","37","31","0","22","0","0","115","0","0","0","23/09/2021","04/18/2023","12/31/2053",,,,,,"12/31/2053",,"12/31/2053",,,"12/31/2053",,"true",
"Park Rose Apartments","Park Rose Apartments","2078 6th Avenue SE","Albany","97321","Linn","Single Site","Active","5","8","15","Multi-Family Residential Rental","1996",,"Albany Partnership for Hsng & Comm Development",,"Albany Partnership for Hsng & Comm Development","Non-Profit","13",,,,,,,,"2","9","2",,,"6","7",,,"-",,"08/09/1996",,,"11/30/2029",,,"08/09/2026",,,,,,"11/30/2029",,"true","POINT (-123.08021 44.63616)"
"Periwinkle Place","Periwinkle Place","CONFIDENTIAL","ALBANY","97321","LINN","Scattered","Active","5","8","15","Multi-Family Residential Rental","1993",,"Albany Partnership for Hsng & Comm Development",,"Albany Partnership for Hsng & Comm Development",,"32",,,,,,,,"32",,"0",,,"32",,,,"-",,"11/10/1993",,,"12/18/2045","10/01/2021",,"11/10/2043",,,,,,"12/18/2045",,"true",
"COLONIA PAZ",,"TAX LOT 1701 PARCEL 2, WELDWOOD DR","LEBANON","97355","LINN","Single Site","Active","5","6","11","Multi-Family Residential Rental",,,"EVOLVE PM",,"Farmworker Housing Development Corp","Non-Profit","24","23","2",,,"0",,"8","16","0","0","-","-","-","-","-","-","-",,,,,,,,,,,,,"2051 Mar 18 12:00:00 AM","03/18/2051",,"false","POINT (-122.90689 44.51594)"
"Songbird Village","Songbird Village","215 21ST ST SE","ALBANY","97322","LINN","Scattered","Active","5","8","15","Multi-Family Residential Rental","2000",,"Albany Partnership for Hsng & Comm Development",,"Albany Partnership for Hsng & Comm Development","Non-Profit","48",,,,,,,"8","13","23","4",,,"48",,,,"-",,"05/14/1999",,"01/01/2062","02/26/2061",,,"05/14/2059",,,,,,"01/01/2062",,"true","POINT (-123.09961 44.62127)"
"Garden View Apartments","Garden View Apartments","3011 SOUTH MAIN RD","LEBANON","97355","LINN","Scattered","Active","5","6","11","Multi-Family Residential Rental","2020",,"Linn-Benton Housing Authority","Lin Benton Housing Authority","Garden View Apartments Lebanon Limited Partnership","Housing Authority","48","12","3","45",,"0",,"42","6","0","0",,,"5","43",,,"-","08/07/2019","10/22/2020",,"12/31/2081","12/31/2081",,"12/31/2081",,,,"12/21/2051",,,"12/31/2081",,"true","POINT (-122.90708 44.5154)"
"MILLWOOD MANOR",,"2550 14TH AVE SE","ALBANY","97322","LINN","Single Site","Active","5","8","15","Multi-Family Residential Rental",,,"CAMBRIDGE REAL ESTATE SERVICES",,"Millwood Manor Oregon, Ltd.","For-Profit","46","46",,,,"0",,"46","0","0","0","-","-","-","-","-","-","-",,,,,,,,,,,,"04/30/2028",,"04/30/2028","Housing Assistance Payment","false","POINT (-123.07412 44.62863)"
"FOUNTAIN COURT APTS",,"225 FOUNTAIN ST","HARRISBURG","97446","LINN","Single Site","Active","5","6","11","Multi-Family Residential Rental",,,"GRAND MANAGEMENT SERVICES",,,,"5","5","0",,,"0",,"5","0","0","0","-","-","-","-","-","-","-",,,,,,,,,,,,,"2029 Dec 23 12:00:00 AM","12/23/2029",,"false","POINT (-123.17182 44.26837)"
"Cypress Gardens","Cypress Gardens","2009 CYPRESS CT","LEBANON","97355","LINN","Scattered","Active","5","6","11","Mini-RCC","2002",,"Linn-Benton Housing Authority",,"Linn-Benton Housing Authority","HOUSING AUTHORITY","8",,"4",,,,,"0","0",,,,,"8",,,,,,,,,"04/12/2054",,,"06/18/2052",,,,,,"04/12/2054",,"true","POINT (-122.92233 44.52615)"
"VILLAGE MANOR",,"2411 S 2ND ST","LEBANON","97355","LINN","Single Site","Active","5","6","11","Multi-Family Residential Rental",,,"BEACON PROPERTIES",,,,"40","26","2",,,"0",,"36","4","0","0","-","-","-","-","-","-","-",,,,,,,,,,,,,,,,"false","POINT (-122.90886 44.52301)"
"TRIPLEX",,"337 27TH AVE SE","ALBANY","97322","LINN","Single Site","Active","5","8","15","Multi-Family Residential Rental",,,,,,,"3",,,,,,,,,,,"-","-","-","-","-","-","-",,,,,,,,,,,,,,,,"false","POINT (-123.09774 44.61537)"
"Periwinkle Creek Apartments (aka Brooklawn Apts)","Periwinkle Creek Apartments (aka Brooklawn Apts)","2020 SE QUEEN AVE","ALBANY","97321","LINN","Scattered","Active","5","8","15","Multi-Family Residential Rental","1995",,"Scherler Investment Properties",,"Periwinkle Creek LWS LLC",,"79",,,,,,,"12","39","28","0",,,"20","59",,,"-",,"06/20/1995",,"01/01/2044",,,,"02/17/2044",,,,,,"02/17/2044",,"true","POINT (-123.07954 44.62424)"
"HILLHOUSE",,"1900 HILL ST SE","ALBANY","97322","LINN","Scattered","Active","5","8","15","Multi-Family Residential Rental",,,"CASCADE MANAGEMENT CORP.",,"Kaiser Limited Partnership","Limited Dividend","40","34","0",,,"0",,"6","7","13","8","-","-","-","-","-","-","-",,,"12/31/2048",,,,,,,,"06/01/2079","11/30/2037",,"06/01/2079","Housing Assistance Payment","false","POINT (-123.09121 44.62274)"
"Clayton Meadows Senior Apartments","Clayton Meadows Senior Apartments","2080 QUEEN AVE SE","ALBANY","97322","LINN","Scattered","Active","5","8","15","Elderly Apartments","2001",,"Linn-Benton Housing Authority",,"LBHA-Clayton Meadows LLC",,"50",,,,,"0",,"32","18","0","0",,,,"49",,,"-",,"05/04/2001",,"06/01/2051",,,,,,,,,,"06/01/2051",,"true","POINT (-123.07881 44.62416)"
"PARKSIDE COURT",,"705 24TH AVE SE","ALBANY","97322","LINN","Single Site","Active","5","8","15","Multi-Family Residential Rental",,,,,,,"8",,,,,,,,,,,"-","-","-","-","-","-","-",,,,,,,,,,,,,,,,"false","POINT (-123.09413 44.61855)"
"ANDERLIK MANOR",,"780 W GRANT ST","LEBANON","97355","LINN","Single Site","Active","5","6","11","Multi-Family Residential Rental",,,"VIRIDIAN MANAGEMENT, INC",,,,"20","19","2",,,"0",,"20","0","0","0","-","-","-","-","-","-","-",,,,,,,,,,,,,,,,"false","POINT (-122.91852 44.53787)"
"THOMAS CREEK COURT",,"38924 NW 1ST AVE","SCIO","97374","LINN","Single Site","Active","5","6","11","Multi-Family Residential Rental",,,,,"Linn-Benton Housing Authority","Housing Authority","8",,,,,"0",,"4","4","0","0","-","-","-","-","-","-","-",,,,,,,,,,,,,,,,"false","POINT (-122.85078 44.70474)"
"STILLWATER",,"1811 S 2ND ST","LEBANON","97355","LINN","Single Site","Active","5","6","11","Multi-Family Residential Rental",,,"SHELTER RESOURCES INC",,"Shelter Resources, Inc.",,"40",,"3",,,"0",,"36","4","0","0","-","-","-","-","-","-","-",,,,"01/01/2055","05/24/2056","04/20/2026",,"01/13/2053",,,"12/31/2053",,,"05/24/2056",,"false","POINT (-122.90958 44.52777)"
"Mitchell Place","Mitchell Place","1925 WAVERLY DR SE","ALBANY","97322","LINN","Scattered","Active","5","8","15","Disabled Apartments","2000",,"Chamberlin House, Inc.",,"Chamberlin House, Inc.",,"9",,,,,,,"13",,,"0",,,"13",,,,"-",,"07/11/2000",,,"05/29/2042",,,"07/11/2040",,,,,,"05/29/2042",,"true","POINT (-123.07288 44.62301)"
"LASALLE COURT APTS",,"225 LASALLE ST","HARRISBURG","97446","LINN","Single Site","Active","5","6","11","Multi-Family Residential Rental",,,"GRAND MANAGEMENT SERVICES",,,,"8","6","0",,,"0",,"8","0","0","0","-","-","-","-","-","-","-",,,,,,,,,,,,,"2042 Aug 01 12:00:00 AM","08/01/2042",,"false","POINT (-123.17191 44.26794)"
"SANTIAM TERRACE",,"855 CHICAGO ST SE","ALBANY","97322","LINN","Scattered","Active","5","8","15","Multi-Family Residential Rental",,,"CASCADE MANAGEMENT CORP.",,"Kaiser Limited Partnership","For-Profit","56","56","0",,,"28",,"28","0","0","0","-","-","-","-","-","-","-",,,"12/31/2048",,,,,,,,"06/01/2079","11/30/2037",,"06/01/2079","Housing Assistance Payment","false","POINT (-123.08163 44.63262)"
"Ontario Townhomes","Ontario Townhomes","1241 NE 3rd Avenue","Ontario","97914","Malheur","Scattered","Active","0","0","0","Multi-Family Residential Rental","2022",,"Northwest Real Estate Capital Corp","Home First Development","Ontario Townhomes LLC",,"70","0",,,,,,,"30","40","0",,,,"70",,,,"21/05/2021","09/06/2022","12/31/2053",,,,"12/31/2053",,"12/31/2053",,"12/31/2053",,,"12/31/2053",,"true","POINT (-116.9461 44.02737)"
"Hillcrest Apartments","Hillcrest Apartments","154 Sunset Drive","Ontario","97914","Malheur","Single Site","Active","2","30","60","Elderly Apartments","1995",,"Viridian Management, Inc",,"Hillcrest Associates, a Limited Partnership",,"28","26","0",,,,,"26","2",,"0",,,,"28",,,"-",,"06/12/1995",,"01/01/2045",,,,,,,,,"2043 Aug 06 12:00:00 AM","01/01/2045",,"true","POINT (-116.98804 44.02723)"
"Rio Vista Apartments","Rio Vista Apartments","211 E 2nd Street","Nyssa","97913","Malheur","Single Site","Active","2","30","60","Multi-Family Residential Rental","2014","2,017","Housing Authority of Malheur & Harney Counties","Housing Authority of Malheur & Harney County","Housing Authority of Malheur & Harney Counties","Housing Authority","48","38","3",,,"0",,"0","21","17","10",,,"30","18",,,"-",,"10/06/2016",,,"07/23/2078",,"10/06/2076",,,,,,"2048 Feb 21 12:00:00 AM","07/23/2078",,"true","POINT (-116.98949 43.87901)"
"West Alameda Apartments","West Alameda Apartments","833 Alameda Drive","Ontario","97914-3235","Malheur","Single Site","Active","2","30","60","Multi-Family Residential Rental","1974",,"Tomlinson & Associates",,"BHC Ontario 2 LLC","Limited Dividend","32","22","0",,,"0",,"5","13","4","0",,,,"32",,,"-",,"09/01/2005","01/01/2036",,,,,,,,"09/01/2035","03/31/2042",,"03/31/2042","Housing Assistance Payment","true","POINT (-116.98363 44.02061)"
"Nyssa Gardens (ALF)","Nyssa Gardens (ALF)","1101 Park Avenue","Nyssa","97913","Malheur","Single Site","Active","2","30","60","Assisted Living (ALF)","2000",,"Malheur Memorial Hospital Dist",,"Malheur Memorial Hospital Dist",,"39","39",,,,,"30","2",,,"0",,,"32",,,,,,,,,"10/09/2051",,,"06/03/2048",,,"02/15/2037",,,"10/09/2051",,"true","POINT (-117.00719 43.88042)"
"Parkview Village Apartments Ontario","Parkview Village Apartments Ontario","986 NW 4th Street","Ontario","97914","Malheur","Single Site","Active","2","30","60","Multi-Family Residential Rental","1997",,"Housing Authority of Malheur & Harney Counties",,"Housing Authority of Malheur & Harney Counties","Housing Authority","48","0","0",,"0",,,,"12","32","4","0","0","56","38","0","0","0",,"06/18/1997",,"01/01/2027","08/07/2028",,,"01/18/2026",,,,,,"08/07/2028",,"true","POINT (-116.96615 44.03789)"
"Ontario Affordable Housing",,"1085 N Oregon St","Ontario",,"Malheur",,"Active","2","30","60","Multi-Family Residential Rental",,,,,"Northwest Housing Alternatives","Non-Profit","55","10",,,"16",,,,,,,"16","0","21","18","0","0","0",,,,,,,,,,,,,,,,"false","POINT (-116.96451 44.03651)"
"East West Preservation Portfolio","East West Preservation Portfolio_3","855 A Street West","Vale","97918","Malheur","Scattered","In Development","0","0","0","Multi-Family Residential Rental",,,,"TimberRiver",,,"75","75",,,,,,,,,"0",,,,,,,,"11/04/2022",,,,,,,,,,,,,,,"true","POINT (-117.2492 43.98193)"
"Treasure Valley Estates","Treasure Valley Estates","1066 SE 10th Ave","Ontario","97914","Malheur","Single Site","Active","2","30","60","Single Family Residential Rental","2018",,"Viridian Management, Inc","Chrisman Development Inc","Treasure Valley Estates LLC","For-Profit","32","0","3","3","0","0",,"0","0","32","0","0","0","0","31","0","0","0","03/07/2019","06/01/2019",,,,,,,"06/30/2049",,,,,"06/30/2049",,"true","POINT (-116.94909 44.01683)"
"Nyssa Court","Nyssa Court","1002 Bower Avenue","Nyssa","97913","Malheur","Scattered","Active","2","30","60","Multi-Family Residential Rental",,,"Housing Authority of Malheur & Harney Counties","Housing Authority of Malheur County","NYC, INC",,"7","7",,,,,,,,"7","0",,,,"7",,,,"07/10/2021","09/01/2021",,,,"12/31/2042","12/31/2082",,,,,,,"12/31/2082",,"true","POINT (-117.00541 43.8777)"
"Sunset Apartments Ontario","Sunset Apartments Ontario","82 Sunset Drive","Ontario","97914","Malheur","Single Site","Active","2","30","60","Multi-Family Residential Rental","1997",,,,"Sunset Associates, a Limited Partnership","For-Profit","9",,,,,,,,"9",,"0",,,,"9",,,"-",,"12/12/1997",,"01/01/2027",,,,,,,,,,"01/01/2027",,"true","POINT (-116.98804 44.02765)"
"NYSSA MANOR",,"510 SW 5TH ST","NYSSA","97913","MALHEUR","Single Site","Active","2","30","60","Multi-Family Residential Rental",,,"CAMBRIDGE MANAGEMENT",,,,"19","19","0",,,,,,,,,"-","-","-","-","-","-","-",,,,,,,,,,,,,"2027 May 21 12:00:00 AM","05/21/2027",,"false","POINT (-117.06702 43.74034)"
"ROSEWOOD TERRACE",,"625 ALAMEDA DR","ONTARIO","97914","MALHEUR","Single Site","Active","5","20","40","Multi-Family Residential Rental",,,"COMMERCIAL NORTHWEST",,"Rosewood Terrace, LLC","Housing Authority","35","35",,,,"0",,"35","0","0","0","-","-","-","-","-","-","-",,,,,,,,,,,,"07/31/2029",,"07/31/2029","Housing Assistance Payment","true","POINT (-116.98421 44.0231)"
"RIVERSIDE MANOR",,"995 MANOR WAY","ONTARIO","97914","MALHEUR","Single Site","Active","2","30","60","Multi-Family Residential Rental",,,"HSNG AUTH OF MALHE",,"Housing Authority of Malheur & Harney Counties","Housing Authority","31","31",,,,"8",,"23","0","0","0","-","-","-","-","-","-","-",,,,,,,,,,,,"10/31/2033",,"10/31/2033","Housing Assistance Payment","false","POINT (-116.96344 44.0373)"
"HOUSING AUTHORITY OF MALHEUR COUNTY UNITS",,"1022 NW 5TH AVE","ONTARIO","97914","MALHEUR","Single Site","Active","2","30","60","Multi-Family Residential Rental",,,,,,,"2",,,,,,,,,,,"-","-","-","-","-","-","-",,,,,,,,,,,,,,,,"false","POINT (-116.97447 44.03278)"
"1076 NW 4TH AVE",,"1076 NW 4TH AVE","ONTARIO","97914","MALHEUR","Single Site","Active","2","30","60","Multi-Family Residential Rental",,,"LIFEWAYS, INC.",,,,"5",,,,,,,,,,,"-","-","-","-","-","-","-",,,,,,,,,,,,,,,,"false","POINT (-116.97549 44.03207)"
"Sierra Vista Apartments","Sierra Vista Apartments","789 SIERRA DR","ONTARIO","97914","MALHEUR","Scattered","Active","2","30","60","Multi-Family Residential Rental","1997",,"Northwest Real Estate Capital Corp",,"Sierra Vista Limited Partnership",,"41",,"0",,"0",,,,"15","20","5","0","0","0","0","0","0","0",,"05/29/1997",,"01/01/2037","04/01/2038",,,"02/01/2031",,,,,,"04/01/2038",,"true","POINT (-116.95397 44.02051)"
"WASHINGTON SQUARE",,"246 HOLLAND ST N","VALE","97918","MALHEUR","Single Site","Active","2","30","60","Multi-Family Residential Rental",,,"HOUSING AUTHORITY OF MALHEUR COU",,"Housing Authority of Malheur & Harney Counties","Housing Authority","8","8","0",,,"0",,"7","1","0","0","-","-","-","-","-","-","-",,,,,,,,,,,,,"2036 Dec 19 12:00:00 AM","12/19/2036",,"false","POINT (-117.24311 43.98304)"
"PUBLIC HOUSING",,"959 FORTNER ST","ONTARIO","97914","MALHEUR","Single Site","Active","2","30","60","Multi-Family Residential Rental",,,,,"Housing Authority of Malheur & Harney Counties","Housing Authority","40",,,,,,,,,,,"-","-","-","-","-","-","-",,,,,,,,,,,,,,,,"false","POINT (-116.96586 44.03693)"
"ONTARIO MANOR I",,"1367 SW 8TH AVE","ONTARIO","97914","MALHEUR","Single Site","Active","2","30","60","Multi-Family Residential Rental",,,"CAMBRIDGE MANAGEMENT",,,,"24","22","0",,,"0",,"20","4","0","0","-","-","-","-","-","-","-",,,,,,,,,,,,,"2027 May 07 12:00:00 AM","05/07/2027",,"false","POINT (-116.9845 44.02109)"
"IDYLWOOD MANOR",,"655 ALAMEDA DR SW","ONTARIO","97914","MALHEUR","Single Site","Active","2","30","60","Multi-Family Residential Rental",,,"SIGNATURE REAL ESTATE INC",,"BHC Ontario I, LLC","For-Profit","32","32",,,,"0",,"32","0","0","0","-","-","-","-","-","-","-",,,,,,,,,,,,"03/31/2042",,"03/31/2042","Housing Assistance Payment","false","POINT (-116.98376 44.02248)"
"Meadowlark House (fka Family Place, The)","Meadowlark House (fka Family Place, The)","917 FORTNER ST","ONTARIO","97914","MALHEUR","Scattered","Active","2","30","60","Single Family Residential Rental",,,"Housing Authority of Malheur & Harney Counties",,"Housing Authority of Malheur & Harney Counties","Housing Authority","1",,"0",,"1",,,,,"1","0","0","0","1","0","0","0","0",,"12/09/2009",,,,,,"12/09/2049",,,,,,"12/09/2049",,"true","POINT (-116.96551 44.03643)"
"ONTARIO MANOR II",,"1367 SW 8TH AVE","ONTARIO","97914","MALHEUR","Single Site","Active","2","30","60","Multi-Family Residential Rental",,,"CAMBRIDGE MANAGEMENT",,,,"24","23","0",,,"0",,"20","4","0","0","-","-","-","-","-","-","-",,,,,,,,,,,,,"2029 Oct 12 12:00:00 AM","10/12/2029",,"false","POINT (-116.9845 44.02109)"
"Lancaster Terrace Apartments","Lancaster Terrace Apartments","4510 Newcastle Circle NE","Salem","97305","Marion","Single Site","Active","6","11","22","Multi-Family Residential Rental","1992",,"GREP Southwest, LLC (dba Greystar RS West, LLC)",,"CR Lancaster Terrace Communities LLC","For-Profit","104",,"0",,,"0",,"0","72","32","0",,,,"104",,,"-",,"07/31/1992",,"01/01/2032",,,,,,,,,,"01/01/2032",,"true","POINT (-122.98345 44.9852)"
"Colonia Libertad","Colonia Libertad","2910-2990 Saddle Club St SE","Salem","97302","Marion","Single Site","Active","6","9","17","Multi-Family Residential Rental","2005",,"Evolve Workforce and Multifamily Housing Mgmt.","Farmworker Housing Development Corporation","Colonia Libertad Limited Partnership","Non-Profit","48","0","4","0","0","0","1","4","24","16","4","0","19","28","0","0","0","0","18/02/2025","12/13/2003",,"01/01/2060",,"01/27/2026",,"01/01/2060",,,"05/18/2060",,,"05/18/2060",,"true","POINT (-122.96784 44.90393)"
"Hazel Court","Hazel Court","549 Hazel Street","Jefferson","97352-9063","Marion","Single Site","Active","6","6","11","Elderly-Disabled","1972",,"St Vincent De Paul Society of Lane County, Inc",,"Hazel Court Limited Partnership","Non-Profit","16","16","0",,,"8","8","8","0","0","0",,,"3","13",,,"-",,"01/31/2003","01/01/2034",,,,,"02/27/2033",,,"03/15/2038","11/30/2039",,"11/30/2039","Housing Assistance Payment","true","POINT (-123.00429 44.71856)"
"Villa Esperanza","Villa Esperanza","1200 E Lincoln Street","Woodburn","97071","Marion","Single Site","Active","6","11","22","Multi-Family Residential Rental","2017",,"Pinehurst Management, LLC",,"Lincoln Street Apartments LLC","Non-Profit","16","0","1",,"0","0",,"0","4","12","0","0","0","8","8","0","0","0",,"12/01/2017",,,,,,,"12/31/2038",,,,,"12/31/2038",,"true","POINT (-122.84164 45.14304)"
"Salem Manor","Salem Manor","4085 Market Street","Salem","97301","Marion","Scattered","Active","0","0","0","Multi-Family Residential Rental","1973",,,"Hampstead Development Partners","Hampstead Development Partners, Inc.",,"65","64","0","0","0",,,"24","26","15","0",,,,,,,,"15/06/2023","01/01/2023",,"12/31/2084",,,,,,,,,,"12/31/2084",,"true","POINT (-122.98083 44.95021)"
"Fern Ridge Apartments (aka Stayton Apartments)","Fern Ridge Apartments (aka Stayton Apartments)","2101 N Third Avenue","Stayton","97383-1270","Marion","Scattered","Active","0","0","0","Multi-Family Residential Rental","2024",,"Northwest Real Estate Capital Corp","Home First Development / Green Light Development","Green Light LLC",,"72","8","4","0",,,,,,,"0","24",,,"48",,,,"06/10/2022","04/02/2024","12/31/2054",,,,"12/31/2084",,"12/31/2054",,"12/31/2084",,,"12/31/2084",,"true","POINT (-122.79206 44.81119)"
"Santiam Gardens Residential Care (fka Whitewood Gardens)","Santiam Gardens Residential Care (fka Whitewood Gardens)","1625 Center Street","Salem","97301","Marion","Single Site","Active","6","11","21","Elderly-Disabled",,,"Ohana Ventures, LLC",,"Ohana Salem Propco, LLC",,"50",,,,,,"50",,,,"0",,,,,"10",,"-",,"10/01/2021",,,,,,,,,"06/15/2038",,,"06/15/2038",,"true","POINT (-123.01929 44.9395)"
"Nuevo Amanecer II","Nuevo Amanecer II","1274 5th Street","Woodburn","97071","Marion","Single Site","Active","6","11","22","Multi-Family Residential Rental","2008",,"Evolve Workforce and Multifamily Housing Mgmt.",,"RD Nuevo Amanecer Limited Partnership",,"40","38","2",,"0","0",,"0","8","26","6","0","0","34","6","0","0","0",,"08/16/1999",,"01/01/2049","08/16/2049",,,,,,"11/15/2048",,"2028 Mar 26 12:00:00 AM","08/16/2049",,"true","POINT (-122.85417 45.15012)"
"Yaquina Hall Apts-Southfair Apts","Yaquina Hall Apartments","2720 B Street NE","Salem","97301","Marion","Scattered","Active","0","0","0","Multi-Family Residential Rental","1973","2,022","Salem Housing Authority","Housing Authority of the City of Salem","Southfair Apartments Limited Partnership","Housing Authority","52","52","49","77",,,"1","73","48","12","0",,,"10","124",,"14",,"13/12/2021","02/29/2000","12/31/2053",,,,,"02/29/2040",,,"12/31/2053",,,"12/31/2053",,"true","POINT (-123.00472 44.94181)"
"Wood Park Terrace Apartments","Wood Park Terrace Apartments","1035 Park Avenue","Woodburn","97071","Marion","Single Site","Active","6","11","22","Multi-Family Residential Rental","2000",,"Marion County Housing Authority",,"Wood Park Terrace Apartments LP",,"52",,"0",,"0","0",,"0","28","24","0","0","2","28","0","10","0","0",,"06/21/1999",,"01/01/2060","11/13/2060",,,"06/21/2059",,,"05/01/2077",,,"05/01/2077",,"true","POINT (-122.84136 45.14567)"
"Mill City Apartments","Mill City Apartments","1400 NW Santiam Hwy","Mill City","97360","Marion","Single Site","In Development","5","9","17","Multi-Family Residential Rental",,,,"Home First Development / Green Light Development",,,"126","16","3","0","0","0",,"22","42","58","4","0","0","0","126","0","0","0","21/06/2023",,,,,,,,,,,,,,,"true",
"Brookdale River Road (fka River Road ALF)","Brookdale River Road (fka River Road ALF)","592 Bever Drive NE","Keizer","97303","Marion","Single Site","Active","6","11","21","Assisted Living (ALF)",,,"Emeritus Corporation (DBA Brookdale)",,"BKD Wilsonville & River Road, LLC",,"50","10",,,,,"36","13",,,"0","0","0","0","0",,,,,,,,,,,,,,"12/15/2028",,,"12/15/2028",,"true","POINT (-123.02614 44.97888)"
"Nuevo Amanecer I","Nuevo Amanecer I","1274 5th Street","Woodburn","97071","Marion","Single Site","Active","6","11","22","Multi-Family Residential Rental","1994",,"Evolve Workforce and Multifamily Housing Mgmt.",,"Nuevo Amanecer Next Generation LP",,"50",,"2",,"0","0",,"0","15","25","10","0","0","50","0","0","0","0",,"04/13/1992",,"01/01/2046",,"12/15/2029",,"04/13/2042",,,"07/31/2045",,,"01/01/2046",,"true","POINT (-122.85417 45.15012)"
"Parkway West Apts","Parkway West Apts","3143 7th Place NE","Salem","97303","Marion","Single Site","Active","6","11","21","Multi-Family Residential Rental","1997",,"Salem Housing Authority",,"Parkway West Housing LLC",,"78",,"4",,"0","0",,"0","78","46","0","0","0","6","72","0","0","0",,"02/25/1997",,"01/01/2075",,,"01/01/2075","01/01/2075",,,"01/01/2046",,,"01/01/2075",,"true","POINT (-123.02488 44.97282)"
"Evergreen","Evergreen","905 & 925 Cottage St NE","Salem","97301","Marion","Single Site","In Development","6","11","21","Veteran Housing",,,,"Corvallis Neighborhood Housing Services, dba DevNW",,,"18","9","0","0","9","15",,"3","0","0","0","7","0","0","11","0","0","0","28/12/2022",,,,,,,,,,,,,,,"true","POINT (-123.02896 44.94771)"
"SHA RAD Group I Brush College Village and Meadowlark Village","Meadowlark Village","4921-4979 Sunnyside Road SE","Salem","97301","Marion","Scattered","Active","0","0","0","Multi-Family Residential Rental","2020","2,021","Salem Housing Authority","Salem Housing Authority","Salem Housing Preservation 9 Percent LP","Housing Authority","33","0","4","4",,,,"4","4","37","10",,"16",,"39",,,,"06/12/2019","06/01/2021","12/31/2081",,,"02/23/2042","12/31/2081",,,,,,,"12/31/2081",,"true","POINT (-123.03679 44.88407)"
"Highland Station","Highland Station","CONFIDENTIAL","Salem","97303","Marion","Single Site","Active","6","11","21","Multi-Family Residential Rental","2006",,"Pinehurst Management, LLC",,"Highland Station Limited Partnership",,"16",,"1",,"0","0",,"0","10","6","0","2","0","14","0","0","0","0",,"06/08/2005",,"07/01/2046",,"01/02/2027",,"07/01/2046",,,,,,"07/01/2046",,"true",
"Park Avenue Apartments","Park Avenue Apartments","1469 Park Avenue","Woodburn","97071","Marion","Single Site","Active","6","11","22","Multi-Family Residential Rental","1981",,"Northwest Real Estate Capital Corp",,"Northwest Park Avenue LLC","For-Profit","26","26","4",,"0","0",,"0","14","12","0","0","0","0","26","0","0","0",,"06/01/2008","01/01/2039",,,"04/01/2029",,,,,"05/15/2040","01/31/2040",,"05/15/2040","Housing Assistance Payment","true","POINT (-122.84196 45.14915)"
"Sheridan Senior Estates (CC)","Sheridan Senior Estates (CC)","185 N Sheridan Street","Mt Angel","97362","Marion","Single Site","Active","5","9","18","Elderly Apartments","1996",,"Marion County Housing Authority",,"Sheridan Senior Estates",,"14",,,,,,,,"14",,"0",,,"9","4","1",,"-",,"07/27/1995",,,"07/02/2037",,,"07/27/2035",,,"05/15/2027",,,"07/02/2037",,"true","POINT (-122.79642 45.06795)"
"Cornerstone Apartments","Cornerstone Apartments","2540 Rose Garden Street NE","Salem","97301","Marion","Single Site","Active","6","11","22","Multi-Family Residential Rental","2019",,"Neighborly Ventures","Mountain West Investment Corp","Cornerstone Apartments Limited Partnership","For-Profit","180","0","9","60","0","12","12","24","96","48","0","0","0","0","178","0","0","0","21/07/2017","07/01/2017","04/30/2049",,,,,,"07/01/2049",,"07/01/2047",,,"07/01/2049",,"true","POINT (-123.00465 44.96886)"
"Claxter Crossing Apartments","Claxter Crossing Apartments","4265 Claxter Ct NE","Salem","97301","Marion","Scattered","Active","0","0","0","Multi-Family Residential Rental","2020",,"Neighborly Ventures","North River Partners LLC","Claxter Crossing Apartments LLC",,"102","0","2","34",,,,"36","66",,"0",,,,"102",,,,"26/09/2019","04/05/2021","12/31/2051",,,,,,"12/31/2051",,"12/31/2051",,,"12/31/2051",,"true","POINT (-122.99737 44.98048)"
"Broadway Place (fka Mixed-use Building)","Broadway Place (fka Mixed-use Building)","1255 Broadway St NE","Salem","97302","Marion","Single Site","Active","6","11","21","Multi-Family Residential Rental","2007",,"Telos Development Company, LLC",,"Broadway Partners Limited Partnership","For-Profit","55",,"3",,"0","21","21","34","0","0","0","0","12","16","26","0","1","0",,"02/02/2006",,"01/01/2042",,"03/13/2029",,"02/02/2041",,,"12/20/2042",,,"12/20/2042",,"true","POINT (-123.0311 44.95183)"
"Highland Manor Annex","Highland Manor Annex","1255 #1-4 Highland Avenue NE","Salem","97303","Marion","Single Site","Active","6","11","22","Multi-Family Residential Rental","1993",,"Highbrook Apartments General Partnership",,"Highbrook Apartments General Partnership",,"4",,,,,"0",,"4","0","0","0",,,"4",,,,"-",,"02/01/1993",,"01/01/2027",,,,,,,,,,"01/01/2027",,"true","POINT (-123.01716 44.9601)"
"Summerset Village","Summerset Village","345 E Starr Street","Sublimity","97385","Marion","Single Site","Active","5","9","17","Elderly Apartments","2011",,"Evolve Workforce and Multifamily Housing Mgmt.",,"Farmworker Housing Development Corp",,"24","22","2",,"0","0",,"22","2","0","0","0","0","24","0","0","0","0",,"09/09/2011",,,"03/08/2063",,,"05/31/2062",,,"05/31/2042",,"2041 Sep 04 12:00:00 AM","03/08/2063",,"true","POINT (-122.79132 44.83137)"
"Cottage Apartments","Cottage Apartments","940 E Jefferson St","Stayton","97383","Marion","Scattered","Active","0","0","0","Multi-Family Residential Rental",,,"Better Oregon Homes LLC",,"Better Oregon Homes LLC","For-Profit","17","0",,,,,,"12","5",,"0",,,,,"9",,,"30/12/2020","12/01/2020",,,,,,,,,"12/31/2030",,,"12/31/2030",,"true","POINT (-122.78458 44.80151)"
"Gussie Belle Commons (fka Salem Apartments)","Gussie Belle Commons (fka Salem Apartments)","891 23rd Street NE","Salem","97301-1793","Marion","Single Site","In Development","0","0","0","Multi-Family Residential Rental",,,,"Green Light Development / Seed of Faith Ministries",,,"156","0","6","40","0",,,,,,"0",,,,,,,,"05/12/2024",,,,,,,,,,,,,,,"true","POINT (-123.00687 44.94321)"
"Southview Terrace","Southview Terrace","375 Fairview Avenue SE","Salem","97306","Marion","Single Site","Active","6","10","19","Multi-Family Residential Rental","1993",,"Salem Housing Authority",,"Salem Housing Authority","Housing Authority","60","0",,,,"0",,"60","0","0","0",,,,"60",,,"-",,"11/19/1993",,"01/01/2043",,,,,,,,,,"01/01/2043",,"true","POINT (-123.04358 44.9137)"
"Wolf Ridge Apartments","Wolf Ridge Apartments","1301-1371 E Santiam","Stayton","97383","Marion","Single Site","Active","5","9","17","Multi-Family Residential Rental","1998",,"FPI Management, Inc.",,,,"51",,"0",,,"0",,"0","27","24","0",,,"51",,,,"-",,"05/14/1997",,"01/01/2058","02/11/2054",,,"05/14/2052",,,,,,"01/01/2058",,"true","POINT (-122.78062 44.80252)"
"Emerald Pointe","Emerald Pointe","1125 McGee Court NE","Keizer","97303","Marion","Single Site","Active","6","11","21","Elderly Apartments",,,"Integrity Senior Living LLC",,"Emerald Pointe LLC",,"144",,"5",,"0",,"23","73","48",,"0","0","0","144","0","0","0","0",,"08/09/2010",,,,,,,,,"09/15/2040",,,"09/15/2040",,"true","POINT (-123.0178 45.01933)"
"Silvertowne I & II","Silvertowne I & II","1115 Mill Street & 1000 N 2nd Street","Silverton","97381","Marion","Scattered","Active","5","9","18","Multi-Family Residential Rental","2020","2,020","Integrated Supports for Living, Inc.","IS Living","Silvertowne Apartments LLC",,"86","54","5","86",,,,"73","13",,"0",,,"8","78",,,,"29/11/2019","10/23/2020",,"12/31/2080","08/02/2081",,"12/31/2080",,,,"08/02/2051",,,"08/02/2081",,"true","POINT (-122.77972 45.01472)"
"Westside Apartments","Westside Apartments","945 N Gardner Avenue","Stayton","97383","Marion","Single Site","Active","5","9","17","Multi-Family Residential Rental","1985",,"Evolve Workforce and Multifamily Housing Mgmt.",,"Farmworker Housing Development Corp",,"24","22","2",,"0","0",,"8","16","0","0","0","0","23","0","0","0","0",,"09/09/2011",,,"05/08/2063",,,"02/28/2062",,,"02/28/2042",,"2041 Sep 04 12:00:00 AM","05/08/2063",,"true","POINT (-122.80456 44.80209)"
"Twilight Courts","Twilight Courts","811 S. Water St.","Silverton","97381","Marion","Single Site","In Development","0","0","0","0",,,,,,,"30","0",,,,,,,,,"0",,,,,,,,"13/03/2023",,,,,,,,,,,,,,,"true","POINT (-122.77755 44.99916)"
"Yaquina Hall Apts-Southfair Apts","Southfair Apartments","1903 Fairgrounds Rd NE","Salem","97301","Marion","Scattered","Active","0","0","0","Multi-Family Residential Rental","1973","2,022","Salem Housing Authority","Housing Authority of the City of Salem","Southfair Apartments Limited Partnership","Housing Authority","42","42","49","77",,,"1","73","48","12","0",,,"10","124",,"14",,"13/12/2021","02/29/2000","12/31/2053",,,,,"02/29/2040",,,"12/31/2053",,,"12/31/2053",,"true","POINT (-123.02211 44.95547)"
"Vista Apartments","Vista Apartments","CONFIDENTIAL","Salem","97302","Marion","Single Site","Active","6","10","19","Elderly-Disabled",,,"Shangri-La Corporation",,"Shangri-La Corporation","Non-Profit","12",,,,,,,"12",,,"0",,,"3",,,,"-",,"11/10/1994",,,,,,"11/10/2024",,,"06/15/2032",,,"06/15/2032",,"true",
"Capitol Plaza Apartments","Capitol Plaza Apartments","1165 Chemeketa St NE","Salem","97301","Marion","Single Site","Active","6","11","21","Elderly Apartments","2017",,"RPH Corporation",,"RPH Investment Group I Limited Partnership","For-Profit","36","35","2",,"0","0",,"35","0","0","0","0","0","35","0","0","0","0",,"04/01/2016",,"03/27/2077",,"03/23/2037","12/31/2076",,,,"12/31/2076","02/29/2036",,"03/27/2077","Housing Assistance Payment","true","POINT (-123.02648 44.93995)"
"SHA RAD Group II Livingston Village and Northgate Village","Northgate Village","3501-3575 Hawthorne Ave NE","Salem","97301","Marion","Scattered","Active","0","0","0","Multi-Family Residential Rental","2020","2,019","Salem Housing Authority","Salem Housing Authority","Salem Housing Preservation 4 Percent LP","Housing Authority","28","28","4","50",,,,"4","4","36","10",,,,"54",,,,"06/12/2019","12/01/2019","12/31/2051",,,"12/16/2041",,,,,"12/31/2051",,,"12/31/2051",,"true","POINT (-122.99166 44.97042)"
"NHA Sunnyslope and College Manor","Sunnyslope Manor","1000 Cunningham Ln S","Salem","97302","Marion","Scattered","Active","0","0","0","Multi-Family Residential Rental","1973","2,020","Cascade Management, Inc. (Portland)","Northwest Housing Alternatives","SunCo Limited Partnership",,"50","41","2","60",,,"2","16","30","18","4",,,"45","25",,,,"01/04/2020","09/08/2020","12/31/2051",,,"01/13/2042",,,,,"12/31/2081",,,"12/31/2081",,"true","POINT (-123.06186 44.89301)"
"St Monica","St Monica","139 Apple Blossom Ave N","Keizer","97303","Marion","Single Site","Active","6","11","21","Multi-Family Residential Rental","1968",,"Pinehurst Management, LLC",,"Salem Self-Help Housing, LLC","For-Profit","12",,"2",,,"0",,"0","8","4","0",,,"6",,,,"-",,"07/18/2003",,,,,,"01/01/2033",,,,,,"01/01/2033",,"true","POINT (-123.02819 44.9753)"
"Wallerwood Apartments","Wallerwood Apartments","1134 Waller Street SE","Salem","97302-2947","Marion","Single Site","Active","6","10","19","Elderly-Disabled","1993",,"St Vincent De Paul Society of Lane County, Inc",,"Wallerwood Limited Partnership","For-Profit","22","22","22",,,"0",,"12","10","0","0",,,"2","20",,,"-",,"03/17/2003","01/01/2033",,,,,"03/17/2033",,,"04/15/2038","08/31/2044",,"08/31/2044","Housing Assistance Payment","true","POINT (-123.03173 44.92776)"
"Stayton Manor","Stayton Manor","830 N 3rd Avenue","Stayton","97383","Marion","Single Site","Active","5","9","17","Elderly-Disabled","1971",,"St Vincent De Paul Society of Lane County, Inc",,"Stayton Manor Limited Partnership","For-Profit","16","16","16",,,"8","8","8","0","0","0",,,"3","13",,,"-",,"01/31/2003","01/01/2033",,,,,"02/27/2033",,,"03/15/2038","11/30/2039",,"11/30/2039","Housing Assistance Payment","true","POINT (-122.79229 44.80109)"
"Spruce Terrace","Spruce Terrace","840-858 N Pershing","Mt Angel","97362","Marion","Single Site","Active","5","9","18","Multi-Family Residential Rental","2002",,"St Vincent De Paul Society of Lane County, Inc",,"Spruce Terrace Limited Partnership",,"34",,"0",,"0","0",,"2","18","14","0","0","0","34","0","0","0","0",,"01/25/2001",,"03/01/2052","03/31/2053","07/30/2022","01/01/2057","01/01/2075",,,,,,"01/01/2075",,"true","POINT (-122.80245 45.07306)"
"Sequoia Crossings","Sequoia Crossings","3120 Broadway St NE","Salem",,"Marion","Scattered","Active","6","11","21","Multi-Family Residential Rental","2023",,"Salem Housing Authority","Salem Housing Authority","Sequoia Crossings Limited Partnership",,"60","60","4","20","60","0",,"54","6","0","0","60","0","0","0","0","0","0","26/10/2022","02/02/2024","12/31/2054",,,,,,,,"12/31/2054",,,"12/31/2054",,"true","POINT (-123.02852 44.9714)"
"Nuevo Amanecer IV","Nuevo Amanecer IV","1300 N 2nd Street","Woodburn","97071","Marion","Single Site","Active","6","11","22","Multi-Family Residential Rental","2013",,"Evolve Workforce and Multifamily Housing Mgmt.",,"NAIV Housing Limited Partnership",,"40",,"9",,"0",,,"5","15","20","0","0","0","28","11","0","0","0",,"03/29/2013",,"07/01/2073",,"01/16/2029",,,,,,,,"07/01/2073",,"true","POINT (-122.85069 45.14936)"
"State Street (aka New Day)","State Street (aka New Day)","2455 State Street","Salem","97301","Marion","Single Site","Active","6","11","21","Disabled",,,"Pinehurst Management, LLC",,"Salem Self-Help Housing, LLC",,"11",,,,,,,"12",,,"0",,,"12",,,,"-",,"04/26/1993",,,,,,"04/26/2043",,,,,,"04/26/2043",,"true","POINT (-123.01087 44.93276)"
"SHA RAD Group II Livingston Village and Northgate Village","Livingston Village","2903-2977 Hawthorne Ave NE","Salem","97301","Marion","Scattered","Active","0","0","0","Multi-Family Residential Rental","2020","2,019","Salem Housing Authority","Salem Housing Authority","Salem Housing Preservation 4 Percent LP","Housing Authority","26","26","4","50",,,,"4","4","36","10",,,,"54",,,,"06/12/2019","12/01/2019","12/31/2051",,,"12/16/2041",,,,,"12/31/2051",,,"12/31/2051",,"true","POINT (-122.99067 44.9622)"
"Stayton Elder Manor","Stayton Elder Manor","650-670 N Ida Street","Stayton","97383","Marion","Single Site","Active","5","9","17","Elderly Apartments","1998",,"Marion County Housing Authority",,"Stayton Elder Manor Limited Partnership","Housing Authority","32",,"0",,,"0",,"21","11","0","0",,,"32",,,,"-",,"05/27/1998",,"01/01/2059","03/10/2059",,,"05/27/2058",,,,,,"03/10/2059",,"true","POINT (-122.80117 44.79674)"
"Englewood West Apartments","Englewood West Apartments","1068 Park Avenue NE","Salem","97301-5063","Marion","Single Site","Active","6","11","21","Multi-Family Residential Rental","1992",,"Salem Housing Authority",,"Salem Housing Authority","Housing Authority","54",,,,,"0",,"54","0","0","0",,,"54",,,,"-",,"02/20/1992",,"01/01/2041",,,,,,,,,,"01/01/2041",,"true","POINT (-122.99995 44.94456)"
"27th Avenue Apartments","27th Avenue Apartments","4455 27th Ave","Salem","97302","Marion","Single Site","In Development","6","10","19","Multi-Family Residential Rental",,,,"Equity Developer LLC",,,"96","8","10","44","0","0",,"12","24","60","0","8","0","0","88","0","0","0","01/12/2022",,,,,,,,,,,,,,,"true","POINT (-123.0051 44.88929)"
"Briarwood Manor","Briarwood Manor","643 Manbrin Drive NE","Keizer","97303","Marion","Single Site","In Development","6","11","21","0","1978",,"Cambridge Real Estate Services","MJ Housing Preservation Initiative","Briarwood Manor Oregon Ltd",,"10","30","3","30",,,,"10",,,"0",,,,,,,,"10/08/2023",,,,,,,,,,,,,,,"true","POINT (-123.0244 44.98709)"
"LARGE FAMILY DUPLEX/TRIPLEX",,"(UNKNOWN)","SALEM","97303","MARION","Single Site","Active","6","10","19","Multi-Family Residential Rental",,,,,,,"10",,,,,,,,,,,"-","-","-","-","-","-","-",,,,,,,,,,,,,,,,"false",
"OAK HILL APTS",,"3837 12TH ST SE","SALEM","97302","MARION","Single Site","Active","6","10","19","Multi-Family Residential Rental",,,"CASCADE MANAGEMENT CORP.",,"Oakhill Associates, Inc.","Non-Profit","56","11",,,,"0",,"6","4","1","0","-","-","-","-","-","-","-",,,,,,,,,,,,"08/31/2025",,"08/31/2025","Housing Assistance Payment","false","POINT (-123.03086 44.90081)"
"HIGHLAND COTTAGES",,"1244 HIGHLAND AVE","SALEM","97301","MARION","Single Site","Active","6","11","21","Multi-Family Residential Rental",,,"CATHOLIC COMMUNITY SERVICES FOUNDATION",,,,"9",,,,,"0",,"9","0","0","0","-","-","-","-","-","-","-",,,,,,,,,,,,,,,,"false","POINT (-123.01747 44.9601)"
"EVERGREEN COURT",,"426 UNION ST","JEFFERSON","97352","MARION","Single Site","Active","6","6","11","Multi-Family Residential Rental",,,"MARION COUNTY HOUSING AUTHORITY",,"Marion County Housing Authority","Housing Authority","12","12",,,,"0",,"0","6","6","0","-","-","-","-","-","-","-",,,,,,,,,,,,"04/30/2026",,"04/30/2026","Housing Assistance Payment","false","POINT (-123.00594 44.71687)"
"SHA - ROBERT LINDSEY TOWER",,"370 CHURCH ST SE","SALEM","97301","MARION","Single Site","Active","6","10","19","Multi-Family Residential Rental",,,"HOUSING AUTHORITY OF  THE  CITY OF SALEM",,"Housing Authority of the City of Salem","Housing Authority","62","62","7",,,"0",,"62","0","0","0","0","62","6","40","0","0","0",,,"01/01/2075",,,"10/09/2035",,,,,,"05/31/2034",,"01/01/2075","Housing Assistance Payment","false","POINT (-123.03606 44.93605)"
"Shelly's House","Shelly's House","966 CAPITOL ST NE","SALEM","97301","MARION","Scattered","Active",,,,"Multi-Family Residential Rental",,,"Shelly's House, Inc.",,"Shelly's House, Inc.","Non-Profit","6",,,,,,,"6",,,"0",,,"6",,,,"-",,"01/24/2001",,,,,,"01/24/2031",,,"01/24/2031",,,"01/24/2031",,"true","POINT (-123.02424 44.94702)"
"Orchard Park Apartments","Orchard Park Apartments","4100 KACEY CIR NE","SALEM","97305","MARION","Scattered","Active","6","11","22","Multi-Family Residential Rental","1993",,"Cirrus Asset Management Inc.","Aberdeen Capital","Orchard Park Preservation Partners LP",,"224","56","0","0",,"0",,"64","96","64","0",,,,,"222",,"-","11/03/2025","11/24/1993",,"12/31/2021",,,"12/31/2084",,,,,,,"12/31/2084",,"true","POINT (-122.99134 44.98233)"
"485 HOLMES CT SE",,"485 HOLMES CT SE","SALEM","97302","MARION","Single Site","Active","6","10","20","Multi-Family Residential Rental",,,,,,,"1",,,,,,,,,,,"-","-","-","-","-","-","-",,,,,,,,,,,,,,,,"false","POINT (-123.04462 44.89892)"
"BEAVER STATE - CASCADE VALLEY",,"455 W MARQUAM ST","MT. ANGEL","97362","MARION","Single Site","Active","5","9","18","Multi-Family Residential Rental",,,"VIRIDIAN MANAGEMENT, INC.",,"Chrisman - Beaver State Apartments LLC",,"40",,,,"0","0",,"16","24","0","0","0","0","0","39","0","0","0",,,"01/01/2043",,,,,,,,"12/15/2052",,"2040 Dec 24 12:00:00 AM","12/15/2052",,"false","POINT (-122.80131 45.07224)"
"CAMPUS COURT",,"4169 CAMPUS LOOP NE","SALEM","97305","MARION","Single Site","Active","6","11","22","Multi-Family Residential Rental",,,"SIGNATURE REAL ESTATE INC",,"Campus Court Partnership","Limited Dividend","47","47",,,,"0",,"0","29","18","0","-","-","-","-","-","-","-",,,,,,,,,,,,"01/31/2027",,"01/31/2027","Housing Assistance Payment","false","POINT (-122.98215 44.9786)"
"OAK PARK VILLAGE",,"1011 N 10TH AVE","STAYTON","97383","MARION","Single Site","Active","5","9","17","Multi-Family Residential Rental",,,"MARION COUNTY HOUSING AUTHORITY",,"Marion County Housing Authority","Housing Authority","32","32",,,,"0",,"32","0","0","0","-","-","-","-","-","-","-",,,,,,,,,,,,"09/30/2028",,"09/30/2028","Housing Assistance Payment","false","POINT (-122.78411 44.80296)"
"HIGHLAND MANOR",,"1217 HIGHLAND AVE NE","SALEM","97301","MARION","Single Site","Active","6","11","22","Multi-Family Residential Rental",,,"RICHARD  B.LEFOR",,"Richard  B.Lefor","For-Profit","16","12",,,,"0",,"12","0","0","0","-","-","-","-","-","-","-",,,,,,,,,,,,"02/29/2044",,"02/29/2044","Housing Assistance Payment","false","POINT (-123.01716 44.9601)"
"Hazedel Seniors","Hazelwood Estates","905 CAROL ST","WOODBURN","97071","MARION","Scattered","Active","6","11","22","Elderly Apartments","2006",,"Marion County Housing Authority",,"Hazedel Seniors Limited Partnership","Housing Authority","32",,"5",,,"0",,"18","14","0","0",,,"36","24",,,"-",,"06/27/2005",,"01/01/2066","03/29/2067","10/15/2027",,"06/27/2065",,,,,,"03/29/2067",,"true","POINT (-122.83951 45.1448)"
"SHELTON VILLAGE",,"2540 LEE ST SE","SALEM","97301","MARION","Single Site","Active","6","10","19","Multi-Family Residential Rental",,,"HOUSING AUTHORITY OF SALEM",,"Housing Authority of the City of Salem","Housing Authority","28",,,,,,,,,,,"-","-","-","-","-","-","-",,,,,,,,,,,,,,,,"false","POINT (-123.00994 44.92816)"
"Fairhaven Gardens","Fairhaven Gardens","3424 FAIRHAVEN AVE NE","SALEM","97301","MARION","Scattered","Active","6","11","22","Multi-Family Residential Rental","1971","2,017","Guardian Real Estate Services, LLC",,"Paine, Eric","For-Profit","87","86","2",,"0","9","9","50","23","4","0","0","0","0","87","0","0","0",,"02/17/2017","01/31/2048",,,,,,,,"03/01/2079","02/28/2037",,"03/01/2079","Housing Assistance Payment","true","POINT (-122.99389 44.97)"
"MARIE MANOR",,"3681 CASTEEL ST","HUBBARD","97032","MARION","Single Site","Active","6","9","18","Multi-Family Residential Rental",,,"RUSS AND JOAN KERCHER",,,,"4","4","0",,,"0",,"0","3","1","0","-","-","-","-","-","-","-",,,,,,,,,,,,,,,,"false","POINT (-122.80142 45.1813)"
"Coral Avenue SRO","Coral Avenue SRO","2550 CORAL AVE NE","SALEM","97305","MARION","Scattered","Active","6","11","22","Single Room Occupancy","1960","1,998","Christine Ferris, LLC",,"Christine Ferris, LLC","For-Profit","28",,,,,,"27","1",,,"0",,,"26",,"2",,"-",,"06/17/1997",,,,,,"06/17/2027",,,,,,"06/17/2027",,"true","POINT (-122.98614 44.96039)"
"CREEKSIDE PARK DUPLEXES",,"1080 WASHINGTON ST","AUMSVILLE","97325","MARION","Single Site","Active","6","9","17","Multi-Family Residential Rental","2000",,,,"Marion County Housing Authority","Housing Authority","8",,,,,,,,,,,"-","-","-","-","-","-","-",,,,,,,,,,,"08/15/2031",,,"08/15/2031",,"false","POINT (-122.87565 44.84048)"
"JASON LEE MANOR",,"1551 CENTER ST NE","SALEM","97301","MARION","Single Site","Active","6","11","21","Multi-Family Residential Rental",,,"CONCEPTS IN COMMUNITY LIVING, INC.",,"Jason Lee Manor","Non-Profit","75","75",,,,"20",,"55","0","0","0","-","-","-","-","-","-","-",,,,,,,,,,,,"05/31/2038",,"05/31/2038","Housing Assistance Payment","false","POINT (-123.02045 44.93939)"
"Four Oaks","Four Oaks","1083 23RD ST SE","SALEM","97301","MARION","Scattered","Active","2","3","6","Multi-Family Residential Rental","1972",,"St Vincent De Paul Society of Lane County, Inc",,"Four Oaks Housing Limited Partnership","For-Profit","24","24","0",,,"12","12","12","0","0","0",,,"2","22",,,"-",,"03/17/2003","01/01/2033",,,,,"03/17/2033",,,"04/15/2048","02/28/2025",,"04/15/2048","Housing Assistance Payment","true","POINT (-123.01415 44.92482)"
"GRANT STREET APTS",,"1355 4TH ST NE","SALEM","97301","MARION","Single Site","Active","6","11","21","Multi-Family Residential Rental",,,"CATHOLIC COMMUNITY SERVICES FOUNDATION",,,,"6",,,,,,,,,,,"-","-","-","-","-","-","-",,,,,,,,,,,,,,,,"false","POINT (-123.03198 44.95278)"
"ORCHARD VILLAGE",,"3122 BROADWAY ST NE","SALEM","97303","MARION","Single Site","Active","6","11","21","Multi-Family Residential Rental",,,,,,,"30",,,,,,,,,,,"-","-","-","-","-","-","-",,,,,,,,,,,,,,,,"false","POINT (-123.02852 44.97141)"
"FISCHER COURT II",,"3312 SUNNYVIEW RD NE","SALEM","97301","MARION","Single Site","Active","6","11","22","Multi-Family Residential Rental",,,,,"Kerley Properties, LLC","For-Profit","16","16",,,,"8",,"8","0","0","0","-","-","-","-","-","-","-",,,,,,,,,,,,"08/31/2026",,"08/31/2026","Housing Assistance Payment","false","POINT (-122.99371 44.9539)"
"DAVENPORT HOUSE",,"930 OAK ST","SILVERTON","97381","MARION","Single Site","Active","5","9","18","Assisted Living (ALF)",,,,,"Master Tenant (Oregon) Aid OPCO LLC",,"30","6","0",,,,,,,,,"-","-","-","-",,,,,,,,,,,,,,"01/15/2031",,,"01/15/2031",,"true","POINT (-122.77361 45.01026)"
"HARVEST MANOR",,"222 BROWN ST","SILVERTON","97381","MARION","Single Site","Active","5","9","18","Multi-Family Residential Rental",,,,,,,"8",,,,,,,,,,,"-","-","-","-","-","-","-",,,,,,,,,,,,,,,,"false","POINT (-122.78784 45.01124)"
"CENTER COURT COMMONS",,"2933 CENTER ST","SALEM","97301","MARION","Single Site","Active","6","11","21","Multi-Family Residential Rental",,,"CATHOLIC COMMUNITY SERVICES FOUNDATION",,,,"13",,,,,"13",,"0","0","0","0","-","-","-","-","-","-","-",,,,,,,,,,,,,,,,"false","POINT (-122.99903 44.94004)"
"STATESMAN MILL CREEK",,"539 STATESMAN NE","SALEM","97301","MARION","Single Site","Active","6","11","21","Multi-Family Residential Rental",,,"CATHOLIC COMMUNITY SERVICES FOUNDATION",,,,"11",,,,,,,,,,,"-","-","-","-","-","-","-",,,,,,,,,,,,,,,,"false","POINT (-123.01842 44.94021)"
"SALEM SELF HELP HOUSING",,"1160 MARKET ST NE","SALEM","97301","MARION","Single Site","Active","6","11","21","Multi-Family Residential Rental",,,,,,,"1",,,,,,,,,,,"-","-","-","-","-","-","-",,,,,,,,,,,,,,,,"false","POINT (-123.02192 44.94902)"
"FISHER/SIZEMORE PROJECT",,"1905 SIZEMORE DR NE","SALEM","97305","MARION","Single Site","Active","6","11","22","Multi-Family Residential Rental",,,"IS LIVING",,"Integrated Supports for Living, Inc.","Non-Profit","12",,,,,,,,,,,"-","-","-","-","-","-","-",,,,,,,,"08/07/2025",,,,,,"08/07/2025",,"false","POINT (-122.98759 44.95271)"
"RENAISSANCE PLACE",,"1725 EVERGREEN AVE NE","SALEM","97301","MARION","Single Site","Active","6","11","22","Multi-Family Residential Rental",,,"CATHOLIC COMMUNITY SERVICES FOUNDATION",,,,"28",,,,,,,,,,,"-","-","-","-","-","-","-",,,,,,,,,,,,,,,,"false","POINT (-123.00314 44.95007)"
"East State Street Project","East State Street Project","4170 STATE ST","SALEM","97301","MARION","Scattered","Active","6","10","19","Multi-Family Residential Rental","1928",,"Pinehurst Management, LLC",,"Salem Self-Help Housing, LLC","For-Profit","5","5",,,,,,,"1","1","3",,,"2","3",,,"-",,"01/29/1996",,,"12/09/2027",,,"01/29/2026",,,,,,"12/09/2027",,"true","POINT (-122.9787 44.92796)"
"Jefferson Residential Treatment Home","Jefferson Residential Treatment Home","2614 ADAMS LN SE","JEFFERSON","97352","MARION","Scattered","Active","6","6","11","Mini-RCC",,,"Shangri-La Corporation",,"Shangri-La Corporation",,"5",,"1",,,,,"5",,,,,,"4",,,,,,,,,,,,"11/08/2035",,,,,,"11/08/2035",,"true","POINT (-123.00753 44.73699)"
"COLONIA JARDINES APTS",,"1335 S WATER ST","SILVERTON","97381","MARION","Single Site","Active","5","9","18","Multi-Family Residential Rental","2014",,"FARMWORKER HOUSING DEV CORPORTATION",,"Farmworker Housing Development Corp","Non-Profit","20","19","0",,"0","0",,"0","14","6","0","0","0","0","0","19","0","0",,,,,"08/03/2077",,,,,,,,"2046 Apr 13 12:00:00 AM","08/03/2077",,"false","POINT (-122.7631 44.98725)"
"Springs at Lancaster Village","Springs at Lancaster Village","4138 MARKET ST NE","SALEM","97301","MARION","Scattered","Active","6","11","21","Assisted Living (ALF)",,,"The Springs Living, LLC",,,,"50","10",,,,,"54","16","12",,"0",,,"17",,,,,,,,,,,,,,,"06/15/2032",,,"06/15/2032",,"true","POINT (-122.97976 44.95022)"
"MEADOWWOOD ESTATES",,"322 CONSER ST","JEFFERSON","97352","MARION","Single Site","Active","6","6","11","Multi-Family Residential Rental",,,"MARION COUNTY HOUSING AUTHORITY",,"Marion County Housing Authority","Housing Authority","8",,,,,,,,,,,"-","-","-","-","-","-","-",,,,,,,,,,,,,,,,"false","POINT (-123.00779 44.7254)"
"ENGLEWOOD EAST",,"3140 TESS AVE NE","SALEM","97301","MARION","Single Site","Active","6","11","21","Multi-Family Residential Rental",,,"HOUSING AUTHORITY OF  THE  CITY OF SALEM",,"Teton Non-Profit Housing Corporation","Non-Profit","50","50",,,,"0",,"47","3","0","0","-","-","-","-","-","-","-",,,,,,,,,,,,"07/31/2041",,"07/31/2041","Housing Assistance Payment","false","POINT (-122.99713 44.94528)"
"COTTONWOOD",,"801 CHEMAWA RD N","KEIZER","97303","MARION","Single Site","Active","2","3","6","Multi-Family Residential Rental",,,"PELTON PROJECT",,,,"5",,,,,,,,,,,"-","-","-","-","-","-","-",,,,,,,,,,,,,,,,"false","POINT (-123.0376 44.99702)"
"CASA ADELE",,"925 S MAIN ST","MT. ANGEL","97362","MARION","Single Site","Active","5","9","18","Multi-Family Residential Rental",,,"ST JOSEPH SHELTER",,"St Joseph Shelter","Non-Profit","10",,"1",,"0",,,,,,,"0","10","0","0","0","0","0",,,,,,,"07/01/2063",,,,,,,"07/01/2063",,"false","POINT (-122.80389 45.06118)"
"WINTER STREET APTS",,"2029 WINTER ST SE","SALEM","97302","MARION","Single Site","Active","6","10","19","Multi-Family Residential Rental",,,"CATHOLIC COMMUNITY SERVICES FOUNDATION",,,,"12",,,,,,,,,,,"-","-","-","-","-","-","-",,,,,,,,,,,,,,,,"false","POINT (-123.03799 44.92084)"
"49TH ST NE",,"4818 49TH AVE NE","SALEM","97305","MARION","Single Site","Active","6","9","17","Multi-Family Residential Rental",,,"IS LIVING",,,,"1",,,,,,,,,,,"-","-","-","-","-","-","-",,,,,,,,,,,,,,,,"false","POINT (-122.96076 44.99439)"
"BLUFFS AT RATCIFF",,"3202 BLUFF AVE SE","SALEM","97302","MARION","Single Site","Active","6","10","19","Multi-Family Residential Rental","1980","2,015","VIRIDIAN MANAGEMENT, INC.",,"Bluffs at Ratcliff LLC","For-Profit","20","20","2",,"0","0",,"20","0","0","0","0","0","0","20","0","0","0",,,,"06/08/2075",,"06/08/2035","01/01/2076",,,,,"02/28/2038",,"01/01/2076","Housing Assistance Payment","false","POINT (-123.03186 44.90983)"
"PACIFIC ARMS APTS",,"2959 A ST","HUBBARD","97032","MARION","Single Site","Active","6","9","18","Multi-Family Residential Rental",,,"BODAN INVESTMENTS",,,,"4","4","0",,,"0",,"3","1","0","0","-","-","-","-","-","-","-",,,,,,,,,,,,,,,,"false","POINT (-122.80346 45.18336)"
"4759 13TH AVE N",,"4759 13TH AVE N","KEIZER","97303","MARION","Single Site","Active","6","11","21","Multi-Family Residential Rental",,,,,,,"1",,,,,,,,,,,"-","-","-","-","-","-","-",,,,,,,,,,,,,,,,"false","POINT (-123.04623 44.99369)"
"MARILYN STREET APTS",,"1250 MARILYN ST SE","SALEM","97302","MARION","Single Site","Active","6","10","19","Multi-Family Residential Rental",,,"CATHOLIC COMMUNITY SERVICES FOUNDATION",,,,"4",,,,,,,,,,,"-","-","-","-","-","-","-",,,,,,,,,,,,,,,,"false","POINT (-123.03015 44.91054)"
"FISCHER COURT I",,"1810 32ND PL NE","SALEM","97301","MARION","Single Site","Active","6","11","22","Multi-Family Residential Rental",,,,,"Kerley Properties, LLC","For-Profit","48","47",,,,"24",,"23","0","0","0","-","-","-","-","-","-","-",,,,,,,,,,,,"01/31/2026",,"01/31/2026","Housing Assistance Payment","false","POINT (-122.99469 44.95329)"
"MEADOW CREEK VILLAGE",,"3988 12TH ST SE","SALEM","97301","MARION","Single Site","Active","6","10","19","Assisted Living (ALF)",,,,,"KRE Tiger Meadow Creek LLC",,"44","9",,,,,,,,,,"-","-","-","-",,,,,,,,,,,,,,"10/15/2028",,,"10/15/2028",,"true","POINT (-123.03076 44.89595)"
"FARMDALE",,"1219 W LINCOLN ST","WOODBURN","97071","MARION","Single Site","Active","6","11","22","Multi-Family Residential Rental",,,"MARION COUNTY HOUSING AUTHORITY",,"Marion County Housing Authority","Housing Authority","44","34","3",,,,,,,,,"-","-","-","-","-","-","-",,,,,,,,,,,,,"2034 Oct 06 12:00:00 AM","10/06/2034",,"false","POINT (-122.86395 45.14785)"
"1707 CHELAN ST NE",,"1707 CHELAN ST NE","KEIZER","97303","MARION","Single Site","Active","6","11","21","Multi-Family Residential Rental",,,,,,,"1",,,,,,,,,,,"-","-","-","-","-","-","-",,,,,,,,,,,,,,,,"false","POINT (-123.0104 44.991)"
"Mill Creek Meadows (aka 25th St Apts )","Mill Creek Meadows (aka 25th St Apts )","220 25TH ST NE","SALEM","97301","MARION","Scattered","Active","6","11","21","Multi-Family Residential Rental","2008",,"Pinehurst Management, LLC",,"Mill Creek Partners, LLC",,"51",,"2",,"0","1","1","22","8","0","0","1","0","30","0","0","0","0",,"03/18/2008",,"01/01/2049",,"11/10/2028",,"01/01/2049",,,,,,"01/01/2049",,"true","POINT (-123.00956 44.93367)"
"Redwood Crossings","Redwood Crossings","4107 FISHER RD NE","SALEM","97305","MARION","Scattered","Active","6","11","22","Multi-Family Residential Rental","2020",,"Salem Housing Authority","Housing Authority of the City of Salem","Redwood Crossings LLC","Housing Authority","35","35","4",,"31","34",,"1","0","0","0","31","0","0","0","0","0","6",,"07/15/2020",,,,,,,"12/31/2040",,,,,"12/31/2040",,"true","POINT (-122.9893 44.97803)"
"1867 CHELAN ST NE",,"1867 CHELAN ST NE","KEIZER","97303","MARION","Single Site","Active","6","11","21","Multi-Family Residential Rental",,,,,,,"1",,,,,,,,,,,"-","-","-","-","-","-","-",,,,,,,,,,,,,,,,"false","POINT (-123.00873 44.99101)"
"CHEMAWA VILLAGE",,"831 CHEMAWA RD N","KEIZER","97303","MARION","Single Site","Active","6","11","21","Multi-Family Residential Rental",,,,,,,"12",,,,,,,,,,,"-","-","-","-","-","-","-",,,,,,,,,,,,,,,,"false","POINT (-123.03745 44.99702)"
"LEE STREET APTS",,"2585 LEE ST SE","SALEM","97301","MARION","Single Site","Active","6","10","19","Multi-Family Residential Rental",,,"CATHOLIC COMMUNITY SERVICES FOUNDATION",,,,"8",,,,,,,,,,,"-","-","-","-","-","-","-",,,,,,,,,,,,,,,,"false","POINT (-123.00915 44.92831)"
"1446 JODELLE CT N",,"1446 JODELLE CT N","KEIZER","97303","MARION","Single Site","Active","6","11","21","Multi-Family Residential Rental",,,,,,,"1",,,,,,,,,,,"-","-","-","-","-","-","-",,,,,,,,,,,,,,,,"false","POINT (-123.0495 44.99487)"
"PROVIDENCE PLACE",,"3524 FISHER RD NE","SALEM","97305","MARION","Single Site","Active","6","11","22","Multi-Family Residential Rental",,,"FOUNDATION PROPERTY MANAGEMENT, INC.",,"Salem RHF Housing, Inc.","Non-Profit","67","66",,,,"0",,"66","0","0","0","-","-","-","-","-","-","-",,,,,,,,,,,,"04/30/2025",,"04/30/2025","Project Rental Assistance Contract","false","POINT (-122.98853 44.97088)"
"SILVERTON MANOR II",,"992 N 2ND ST","SILVERTON","97381","MARION","Single Site","Active","5","9","18","Multi-Family Residential Rental",,,,,,,"9",,,,,"0",,"4","4","1","0","-","-","-","-","-","-","-",,,,,,,,,,,,,,,,"false","POINT (-122.78411 45.01371)"
"WOODMANSEE PLACE",,"4685 SUNNYSIDE RD SE","SALEM","97302","MARION","Single Site","Active","6","10","19","Multi-Family Residential Rental",,,"CATHOLIC COMMUNITY SERVICES FOUNDATION",,,,"11",,,,,,,,,,,"-","-","-","-","-","-","-",,,,,,,,,,,,,,,,"false","POINT (-123.03694 44.88745)"
"SILVERTOWNE I & II",,"1080 N 2ND ST","SILVERTON","97381","MARION","Single Site","Active","5","9","18","Multi-Family Residential Rental",,,"IS LIVING",,"Integrated Supports for Living, Inc.",,"86","61","5",,"0","0",,"35","5","0","0","6","0","9","71","0","0","0",,,,"12/31/2081","08/02/2081",,"12/31/2080",,,"12/31/2050",,,"2049 Nov 18 12:00:00 AM","12/31/2081",,"true","POINT (-122.78434 45.01459)"
"WHITE OAK APTS",,"2579 LEE ST SE","SALEM","97301","MARION","Single Site","Active","6","10","19","Multi-Family Residential Rental",,,"CATHOLIC COMMUNITY SERVICES FOUNDATION",,,,"11",,,,,,,,,,,"-","-","-","-","-","-","-",,,,,,,,,,,,,,,,"false","POINT (-123.00928 44.92831)"
"1570 MARSHALL DR SE",,"1570 MARSHALL DR SE","SALEM","97302","MARION","Single Site","Active","6","10","19","Multi-Family Residential Rental",,,,,,,"1",,,,,,,,,,,"-","-","-","-","-","-","-",,,,,,,,,,,,,,,,"false","POINT (-123.02286 44.90389)"
"CUE Scattered Site","Colonia Unidad","1750 PARK AVE, 160 W CLEVELAND ST","WOODBURN","97071","MARION","Scattered","Active","6","11","22","Multi-Family Residential Rental","2019",,"Evolve Workforce and Multifamily Housing Mgmt.","Farmworker Housing Corporation","CUE Limited Partnership","Non-Profit","44","14","5","16","0","0",,"4","36","16","3","0","12","8","35","0","0","0","21/08/2018","08/18/1998",,"12/31/2081","04/01/2081","05/20/2040",,"08/18/2028",,,"04/01/2081",,,"12/31/2081",,"true","POINT (-122.85892 45.14107)"
"HOLLISTER APTS",,"315 W HOLLISTER ST","STAYTON","97383","MARION","Single Site","Active","5","9","17","Multi-Family Residential Rental",,,"SIGNATURE REAL ESTATE INC",,"Goldberg Family HUD1 LLC","Limited Dividend","20","20",,,,"0",,"0","20","0","0","-","-","-","-","-","-","-",,,,,,,,,,,,"03/31/2032",,"03/31/2032","Housing Assistance Payment","false","POINT (-122.79599 44.80488)"
"CLAXTER CROSSING APTS",,"4265 CLAXTER CT NE","SALEM","97301","MARION","Single Site","Active","6","11","22","Multi-Family Residential Rental",,,"RELAY RESOURCES",,"North River Development","For-Profit","102",,"2",,,"0",,"36","66","0","0","-","-","-","-","-","-","-",,,,"01/01/2047","12/31/2047",,,"10/18/2046",,,,,,"12/31/2047",,"false","POINT (-122.99737 44.98048)"
"Irrigon Farm Labor Housing Project","Irrigon Farm Labor Housing Project","110 N Main Street","Irrigon","97844","Morrow","Single Site","Active","2","29","57","Multi-Family Residential Rental",,,"Viridian Management, Inc",,"CAPECO","Non-Profit","8",,"0",,,"0",,"0","2","4","2",,,"8",,,,"-",,"11/22/1993",,,,,,"11/22/2026",,,,,"2027 Dec 01 12:00:00 AM","12/01/2027",,"true",
"Castle Rock Apts","Castle Rock Apts","451 Tatone Street","Boardman","97818","Morrow","Single Site","Active","2","29","57","Multi-Family Residential Rental","2012",,"Housing Authority of the County of Umatilla",,"Castle Rock Apartments LP",,"40","27","2",,"0",,,"8","8","18","6","0","0","6","33","0","0","0",,"11/01/2011",,"12/31/2064","12/31/2062",,,"01/31/2061",,,,,"2041 Oct 26 12:00:00 AM","12/31/2064",,"true","POINT (-119.70293 45.83046)"
"St Patrick's Senior Apartments","St Patrick's Senior Apartments","190 North Main","Heppner","97836","Morrow","Single Site","Active",,,,"Elderly Apartments","2007",,"Viridian Management, Inc",,"Heppner Housing Authority","Housing Authority","19",,"3",,"0","0",,"19","0","0","0","0","0","19","0","0","0","0",,"11/20/2007",,,"07/07/2040","08/28/2029",,"11/20/2037",,,,,,"07/07/2040",,"true","POINT (-119.55348 45.35448)"
"BOARDMAN TRAIL APTS",,"295 NE BOARDMAN AVE","BOARDMAN","97818","MORROW","Single Site","Active","2","29","57","Multi-Family Residential Rental",,,"HOUSING AUTHORITY OF UMATILLA CO",,"Housing Authority of the County of Umatilla","Housing Authority","24","23","1",,"0","0",,"0","24","0","0","0","0","24","0","0","0","0",,,,"01/01/2074","04/28/2074",,,"07/31/2073",,,,,,"04/28/2074",,"false","POINT (-119.69507 45.84123)"
"MORROW BUNKHOUSE",,"70364 KUNZE LN","BOARDMAN","97818","MORROW","Single Site","Active","2","29","57","Multi-Family Residential Rental",,,"COLUMBIACARE SERVICES INC.",,,,"2",,,,,,,,,,,"-","-","-","-","-","-","-",,,,,,,,,,,,,,,,"false","POINT (-119.70107 45.82073)"
"Glenhaven Park Apts (4 Scattered Sites)","Glenhaven Park Heppner","155 PIONEER DR","HEPPNER","97836","MORROW","Scattered","Active","2","29","57","Multi-Family Residential Rental","2021",,"Viridian Management, Inc","Shelly Cullin","Glenhaven Park LLC",,"24","24","0",,,"0",,"0","4","20","0",,,,"122",,,"-","30/07/2020","06/30/1994",,"12/31/2052",,"08/25/2047",,,,,"12/31/2082",,"2050 Jul 23 12:00:00 AM","12/31/2082",,"true","POINT (-119.54936 45.35604)"
"Morrow Estates","Morrow Estates","220 NE ANDERSON CIR","BOARDMAN","97818","MORROW","Scattered","Active","2","29","57","Multi-Family Residential Rental","1996",,"Viridian Management, Inc",,"Morrow Estates Renewal, LLC",,"40",,"0",,"0","0",,"10","18","8","4","0","0","0","0","0","0","0",,"01/13/1994",,"01/01/2046",,"05/23/2031",,"01/13/2044",,,"05/23/2061",,,"05/23/2061",,"true","POINT (-119.69591 45.84341)"
"Our House","Our House","2727 SE Alder","Portland","97214","Multnomah","Single Site","Active","1","21","42","Mini-RCC",,,"Our House of Portland",,"Our House of Portland",,"30",,"14",,,,,,,,,,,"12",,"2",,,,,,,,,,"02/23/2066",,,,,,"02/23/2066",,"true","POINT (-122.63739 45.51786)"
"Project Open Door","Project Open Door","815 NE 162nd","Gresham","97030","Multnomah","Single Site","Active","3","25","50","Elderly Apartments",,,"Home Forward Property Management",,"Home Forward","Housing Authority","13",,,,,,"13",,,,"0",,,"6",,,,"-",,"11/14/1997",,,,,,,,,"11/15/2032",,,"11/15/2032",,"true","POINT (-122.49693 45.52867)"
"Blackburn Building","Blackburn Building","12015 E Burnside Street","Portland","97230","Multnomah","Single Site","Active","3","24","47","Multi-Family Residential Rental","2017",,"Central City Concern","Central City Concern","Eastside Campus Limited Partnership","Non-Profit","123","0","12",,"0","34","124","0","0","0","0","0","0","90","34","0","0","0",,"11/01/2017","12/31/2049",,,,,,,,"09/01/2079",,,"09/01/2079",,"true","POINT (-122.53894 45.52258)"
"Ridgecrest Timbers","Ridgecrest Timbers","8870 N Columbia Boulevard","Portland","97203","Multnomah","Single Site","Active","3","22","44","Multi-Family Residential Rental","1999",,"Aperto Property Management Inc.",,"Post Ridgecrest LP",,"97",,,,,"0",,"21","51","25","0",,,,"97",,,"-",,"09/30/2000","10/01/2030",,,,,,,,"04/15/2036",,,"04/15/2036",,"true","POINT (-122.75152 45.60456)"
"McCuller Crossing","McCuller Crossing","236 N Killingsworth","Portland","97217","Multnomah","Single Site","Active","3","22","43","Multi-Family Residential Rental","2000",,"REACH Community Development, Inc.",,"McCuller Associates Limited Partnership",,"40",,,,,"0",,"8","28","4","0","3",,,"37",,,"-",,"12/22/2000","01/01/2063",,,"06/29/2027",,,,,,,,"01/01/2063",,"true","POINT (-122.66937 45.5627)"
"St Anthony Village","St Anthony Village","3560 SE 79th Street","Portland","97206","Multnomah","Single Site","Active",,,,"Elderly Apartments","1999",,"SAGE (Services for All Generations Ent.)",,"St Anthony Village Associates Limited Partnership","For-Profit","127",,,,,,"97","23","7",,"0",,,,"100",,,"-",,"05/27/1999","01/01/2029",,,,,,,,,,,"01/01/2029",,"true","POINT (-122.58253 45.49622)"
"Hewitt Place","Hewitt Place","846 SW 29th Way","Troutdale","97060","Multnomah","Single Site","Active","3","25","49","Multi-Family Residential Rental","2010",,"Income Property Management (Portland)",,"Hewitt Place II GP LLC",,"44",,"0",,"1","0",,"1","0","43","0","0","0","18","26","0","0","0",,"09/23/1992",,"12/31/2021",,,,"09/12/2068",,,"12/31/2040",,,"09/12/2068",,"true","POINT (-122.39653 45.5196)"
"Trenton Terrace","Trenton Terrace","4720 N Trenton Street","Portland","97203","Multnomah","Single Site","Active","3","22","44","Elderly Apartments","2007",,"Income Property Management (Portland)",,"Trenton Terrace Limited Partnership","For-Profit","66","61","66",,,"0",,"61","0","0","0",,,"66",,,,"-",,"03/01/2006","01/01/2047",,,,,,,,"03/01/2039","12/31/2027",,"01/01/2047","Project Rental Assistance Contract","true","POINT (-122.71626 45.58866)"
"Upshur House","Upshur House","2650 NW Upshur Street","Portland","97210","Multnomah","Single Site","Active","1","17","33","Multi-Family Residential Rental","2010",,"Income Property Management (Portland)",,"Upshur Renewal Housing, LP","Non-Profit","30","30","2",,"5","0",,"8","12","10","0","0","0","0","30","0","0","0",,"05/25/2010",,"01/01/2071",,"04/10/2032",,,,,"05/01/2072","04/30/2030",,"05/01/2072","Housing Assistance Payment","true","POINT (-122.70651 45.53583)"
"Waterleaf (fka RiverPlace Phase 2)","Waterleaf (fka RiverPlace Phase 2)","2065 S River Parkway","Portland","97201","Multnomah","Scattered","Active","0","0","0","Multi-Family Residential Rental","2022",,"BRIDGE Property Management Company","BRIDGE Housing Corporation","RiverPlace Phase 2 Limited Partnership",,"178","12","10","178",,,"61","67","32","18","0",,,,"176","2",,,"17/12/2020","01/01/2023","12/31/2052",,,,"12/31/2082",,,,"12/31/2052",,,"12/31/2082",,"true","POINT (-122.67413 45.50717)"
"New Columbia Trouton","New Columbia Trouton","9147 N Woolesy Ct","Portland","97203","Multnomah","Single Site","Active","3","22","43","Multi-Family Residential Rental","2006",,"Income Property Management (Portland)",,"Trouton Limited Partnership",,"250",,"36",,"0",,,"70","64","41","75","125","0","68","57","0","0","1",,"10/12/2006","01/01/2046",,,,,,,,,,,"01/01/2046",,"true","POINT (-122.71341 45.58889)"
"Harvey Rice Heritage","Charlotte Lewis","5734-5778 NE 72nd Avenue","Portland","97218","Multnomah","Scattered","Active","3","22","43","Multi-Family Residential Rental","2022",,"Sabin Community Development Corporation","Sabin Community Development Corpoaration","Harvey Rice Heritage Limited Partnership",,"12","9","3","33",,,"6","12","13","10","0",,,"2","39",,,,"29/12/2021","11/17/2022","12/31/2084",,,"09/21/2043","12/31/2083",,,,"12/31/2033",,,"12/31/2084",,"true","POINT (-122.58891 45.56438)"
"Peter Paulson Apartments","Peter Paulson Apartments","1530 SW 13th Avenue","Portland","97201","Multnomah","Single Site","Active","1","17","33","Multi-Family Residential Rental","1995",,"Pinehurst Management, LLC","Home Forward","Home Forward","Housing Authority","92","0","0","0",,"92","92","1","0","0","0",,,"92",,,,"-","30/08/2024","09/11/1995",,"09/11/2055",,,,,,,,,,"09/11/2055",,"true","POINT (-122.68829 45.51498)"
"Cherry Ridge Apartments","Cherry Ridge Apartments","2295 SW Sturges Lane","Troutdale","97060","Multnomah","Single Site","Active","3","25","49","Multi-Family Residential Rental","1996",,"Cambridge Real Estate Services",,"DHIJ Cherry Ridge LLC","For-Profit","160",,,,,,,"79","81",,"0",,,,"160",,,"-",,"05/06/1996","01/01/2026",,,,,,,,,,,"01/01/2026",,"true","POINT (-122.41012 45.53128)"
"Enclave 54","Enclave 54","5434 SE Milwaukie Ave","Portland","97202","Multnomah","Scattered","Active","0","0","0","Multi-Family Residential Rental","2020",,"Cascade Management, Inc. (Portland)",,"Milwaukie Apartments LLC","For-Profit","28","0",,,,,"28",,,,"0",,,,,"14",,,"23/06/2020","07/06/2020",,,,,,,,,"12/31/2030",,,"12/31/2030",,"true","POINT (-122.64962 45.48336)"
"Plaza Townhomes","Plaza Townhomes","5802 N Michigan Avenue","Portland","97217-2257","Multnomah","Single Site","Active","3","22","44","Multi-Family Residential Rental","1975","2,017","Arrowhead Housing Inc.",,"Plaza Townhomes Community Partners, LP",,"68","68","0","68","0","0",,"0","34","34","0","0","0","0","68","0","0","0","23/08/2016","08/01/2016","12/31/2047",,,,,,,,"05/31/2047","08/31/2036",,"12/31/2047","Housing Assistance Payment","true","POINT (-122.67695 45.56518)"
"The Katherine Gray (fka Martha Washington)","The Katherine Gray (fka Martha Washington)","1115 SW 11th Avenue","Portland","97205","Multnomah","Single Site","Active","1","17","33","Multi-Family Residential Rental","2010",,"Central City Concern",,"1115 SW 11th Avenue Limited Partnership",,"108",,"2",,"1","90","90","18","0","0","0","0","0","0","108","0","0","0",,"06/28/2010","01/01/2070",,,,,,,,"08/07/2041",,,"01/01/2070",,"true","POINT (-122.68468 45.51739)"
"Gray's Landing","Gray's Landing","650 SW Lowell St","Portland","97239","Multnomah","Single Site","Active",,,,"Multi-Family Residential Rental","2012",,"REACH Community Development, Inc.",,"REACH B49 Partners Limited Partnership","Non-Profit","209",,"11",,"0",,"55","124","30",,"0","0","0","87","122","0","0","0",,"04/01/2011","01/01/2029",,,"01/01/2029",,,,,"11/07/2072",,,"11/07/2072",,"true","POINT (-122.67133 45.49395)"
"Findley Commons","Findley Commons","3440 SE 54th Avenue","Portland","97206","Multnomah","Scattered","Active","3","23","46","Veteran Housing","2021",,"Good Space Property Management","Do Good Multnomah","Findley Commons, LLC",,"35","20",,"35","20","15",,"20",,,"0","20",,"15",,,,,"04/11/2020","01/12/2022",,,,,,,,,"12/31/2052",,,"12/31/2052",,"true","POINT (-122.6071 45.49835)"
"Maggie Gibson Plaza","Maggie Gibson Plaza","1700 NE Alberta","Portland","97211","Multnomah","Single Site","Active","3","22","43","Multi-Family Residential Rental","1996",,"Portland Community Reinvestment Initiatives Inc",,"Portland Community Reinvestment Initiatives Inc","Non-Profit","9",,,,,,,"2","6","1","0",,,"9",,,,"-",,"12/06/1996",,,,,,"12/06/2036",,,,,,"12/06/2036",,"true","POINT (-122.6475 45.55908)"
"The Bria Apartments (fka146th East West)","The Bria","20 NE 146th Avenue","Portland","97230","Multnomah","Scattered","Active","0","0","0","Multi-Family Residential Rental","2022",,"Guardian Real Estate Services, LLC","AHN-E 146th LLC","146th Apartments East-West Limited Partnership",,"116","0","28","28",,,,"92","24",,"0",,,,"116",,,,"20/05/2021","09/27/2022","12/31/2053",,,,,,,,"12/31/2053",,,"12/31/2053",,"true","POINT (-122.51325 45.52263)"
"Garlington Place","Garlington Place","3024 NE MLK Blvd","Portland","97214","Multnomah","Single Site","Active","3","22","43","Multi-Family Residential Rental","2018",,"Cascadia Health",,"Garlington House LP","Non-Profit","52","20","3","52","0","6","6","40","6","0","0","3","0","5","43","0","0","0","27/12/2016","12/01/2016",,"12/31/2078",,"12/10/2038","01/01/2079",,,,"01/01/2079",,,"01/01/2079",,"true","POINT (-122.6616 45.54497)"
"Pier Park Apartments","Pier Park Apartments","8660 Columbia Boulevard","Portland","97203","Multnomah","Single Site","Active","3","22","44","Multi-Family Residential Rental","1997",,"Aperto Property Management Inc.",,"Post Pier Park, LP",,"164","0",,,,"0",,"44","88","32","0",,,,"164",,,"-",,"07/11/1997","01/01/2027",,,,,,,,,,,"01/01/2027",,"true","POINT (-122.74913 45.60349)"
"Vermont Springs","Vermont Springs","1825 SW Vermont Street","Portland","97219-1952","Multnomah","Single Site","Active","1","14","28","Elderly-Disabled","1989",,"Cascadia Health",,"Vermont Springs Apartments LLC","Non-Profit","15","14","1",,"0","0",,"14","0","0","0","0","0","0","14","0","0","0",,"06/01/2007","01/01/2047",,,,,"06/01/2037",,,"12/15/2047","08/31/2029",,"12/15/2047","Housing Assistance Payment","true","POINT (-122.69735 45.47605)"
"Wy'East Plaza","Wy'East Plaza","12370 SE Ash Street","Portland","97233","Multnomah","Scattered","Active","0","0","0","Multi-Family Residential Rental","2020",,"REACH Community Development, Inc.","REACH","124th and Ash Limited Partnership",,"175","0","4","175",,,"79","81","15",,"0",,,,"175",,,,"12/08/2019","08/01/2019","12/31/2051",,,"03/30/2042",,,"12/31/2051",,"12/31/2051",,,"12/31/2051",,"true","POINT (-122.53578 45.52124)"
"Center Village Apartments","Center Village Apartments","5845 NE Hoyt","Portland","97213","Multnomah","Scattered","Active","0","0","0","Multi-Family Residential Rental","2000","2,019","Security Properties Residential","Innovative Housing Inc.","Center Village Limited Partnership",,"60","15","2","60",,,,,"32","26","2","24",,,"34",,,,"13/02/2019","08/09/2000",,"08/09/2060",,,"12/31/2050",,,,"01/01/2060",,,"08/09/2060",,"true","POINT (-122.60333 45.52722)"
"Uptown Tower","Uptown Tower","712 SW St Clair","Portland","97205","Multnomah","Single Site","Active","1","17","33","Elderly-Disabled","2011",,"Guardian Real Estate Services, LLC",,"Brenneke, Thomas B","For-Profit","72","71","4",,"0","0",,"71","0","0","0","0","0","0","71","0","0","0",,"12/29/2010",,"01/01/2071",,"01/12/2031",,"12/29/2070",,,"01/01/2072","07/31/2033",,"01/01/2072","Housing Assistance Payment","true","POINT (-122.6968 45.52319)"
"Pisgah Home Colony","Pisgah Home Colony","7511 SE Henry Street","Portland","97206","Multnomah","Single Site","Active","5","23","46","Disabled Apartments",,,"Cascadia Health",,"Cascadia Health","Non-Profit","18",,,,,"31","16","0","0","0","0",,,"16",,,,"-",,"04/13/1992",,,,,,"04/13/2022",,,"10/23/2031",,,"10/23/2031",,"true","POINT (-122.58566 45.47719)"
"85 Stories Group 7 (4 Scattered-Sites)","Dahlke Manor","915 NE Schuyler Street","Portland","97212","Multnomah","Scattered","In Development","0","0","0","Multi-Family Residential Rental",,,"Home Forward Property Management","Home Forward","Home Forward","Housing Authority","115","115",,,"0",,,"115","58","36","0",,,,,,,,"28/05/2021",,,,,,,,,,,,,,,"true","POINT (-122.65599 45.53611)"
"Stephens Creek Crossing North","Stephens Creek Crossing North","6775 SW 26th Street","Portland","97219","Multnomah","Single Site","Active","3","22","43","Multi-Family Residential Rental","2014",,"Home Forward Property Management",,"Stephens North Limited Partnership",,"75",,"12",,"0","0",,"19","21","77","5","0","0","0","75","0","0","0",,"02/01/2014","04/01/2074",,,,,,,,,,,"04/01/2074",,"true","POINT (-122.70388 45.47563)"
"Powellhurst Apartments","Powellhurst Apartments","SE 122nd & Harold","Portland","97266","Multnomah","Single Site","In Development","0","0","0","Multi-Family Residential Rental",,,"Northwest Real Estate Capital Corp","Northwest Housing Alternatives","Harold Powellhurst Limited Partnership",,"65","12","5","65","12",,,,,,"0",,,,,,,,"18/08/2022",,,,,,,,,,,,,,,"true",
"333 Oak Apartments","333 Oak Apartments","333 SW Oak St","Portland","97204-2712","Multnomah","Single Site","Active","1","17","33","Elderly-Disabled","1978",,"Cascade Management, Inc. (Portland)","Northwest Housing Alternatives","Oak Associates Limited Partnership","Non-Profit","90","90","9","0",,"72","72","18","0","0","0",,,"90",,,,"-",,"11/30/2000","01/01/2060",,,,,,,,"01/15/2031","09/30/2029",,"01/01/2060","Housing Assistance Payment","true","POINT (-122.67481 45.5211)"
"Pearl Court Apartments","Pearl Court Apartments","920 NW Kearney Street","Portland","97209","Multnomah","Single Site","Active","1","17","33","Multi-Family Residential Rental","1997",,"Pinehurst Management, LLC",,"Pearl Court Limited Partnership","Housing Authority","199",,,,,"112","112","59","28","0","0",,,,"199",,,"-",,"09/24/1997","01/01/2056",,,,,,,,,,,"01/01/2056",,"true","POINT (-122.68078 45.52938)"
"Market Street Home","Market Street Home","13541 SE Market Street","Portland","97233","Multnomah","Single Site","Active","3","24","47","Mini-RCC",,,"Cascadia Health",,"Cascadia Health",,"5",,,,,,,,,,,,,"5",,,,,,,,,,,,"11/05/2047",,,,,,"11/05/2047",,"true","POINT (-122.52402 45.51125)"
"Ankeny Woods","Ankeny Woods","11908 SE Ankeny Street","Portland","97236","Multnomah","Single Site","Active","3","24","47","Multi-Family Residential Rental","1997","2,022","Pinehurst Management, LLC","Human Solutions, Inc","Hazelwood Ankeny Limited Partnership",,"42","0","0","0",,,,"16","13","7","6",,,,"18",,,,"16/11/2021","07/16/1996",,"12/31/2053",,,"12/31/2083","07/16/2046",,,"12/31/2083",,,"12/31/2083",,"true","POINT (-122.54014 45.52177)"
"Pioneer Place Apts","Pioneer Place Apts","220 SE 106th Avenue","Portland","97216","Multnomah","Single Site","Active","3","24","47","Multi-Family Residential Rental",,,"Relay Resources",,"Portland Habilitation Center, Inc","Non-Profit","10","9","9",,,"0","10","5","4","0","0",,,"10",,,,"-",,"11/17/2004",,,,,,"11/17/2044",,,,"06/30/2025",,"11/17/2044","Project Rental Assistance Contract","true","POINT (-122.5539 45.52071)"
"Glisan Tower","Glisan Tower","9919 NE Glisan Street","Portalnd","97220","Multnomah","Single Site","In Development","3","24","47","Multi-Family Residential Rental",,,"Cascade Management, Inc. (Portland)","3D Holdings LLC","3D Holdings, LLC",,"105","0","6","105","0","28",,"56","15","6","0","0","0","0","105","0","0","0","22/11/2022",,,,,,,,,,,,,,,"true","POINT (-122.56173 45.5263)"
"Willow Tree Housing (aka Willow Tree Inn)","Willow Tree Housing (aka Willow Tree Inn)","311 NE Division Street","Gresham","97030","Multnomah","Single Site","Active","3","25","50","Multi-Family Residential Rental",,,"Pinehurst Management, LLC",,"Home Forward","Housing Authority","18",,"5",,,"0",,"1","11","6","0",,,"10",,"8",,"-",,"01/17/2003",,,,"02/10/2026",,"01/17/2063",,,,,,"01/17/2063",,"true","POINT (-122.42713 45.5049)"
"Crescent Court (fka 115th Street Housing)","Crescent Court","11560 SE Division Street","Portland","97266","Multnomah","Scattered","Active","0","0","0","Multi-Family Residential Rental","2022",,"Quantum Residential Inc.","Related Northwest","115th  Street Housing Limited Partnership",,"138","14","3","138","7",,"28","41","47","22","0",,,,"138",,,,"29/10/2020","04/25/2022","12/31/2052",,,,"12/31/2083",,,,"12/31/2083",,,"12/31/2083",,"true","POINT (-122.54445 45.50415)"
"Maya Angelou","Maya Angelou","4012 N Borthwick","Portland","97227","Multnomah","Single Site","Active","3","22","43","Multi-Family Residential Rental",,,"Cascade Management, Inc. (Portland)",,"Portland Community Reinvestment Initiatives Inc","Non-Profit","42",,,,,,,"23","16",,"4",,,"0",,"43",,"-",,"02/08/1994",,,,"04/07/2026",,"02/08/2049",,,,,,"02/08/2049",,"true","POINT (-122.67343 45.55225)"
"Watershed at Hillsdale, The (aka Bertha Station)","Watershed at Hillsdale, The (aka Bertha Station)","6388 SW Capitol Hwy","Portland","97239","Multnomah","Single Site","Active","1","14","28","Elderly Apartments","2007",,"Income Property Management (Portland)",,"Bertha Senior Housing Limited Partnership",,"51",,"4",,,"0",,"48","3","0","0",,,"51",,,,"-",,"12/16/2005",,"01/01/2067",,,,"12/16/2065",,,"12/17/2067",,,"12/17/2067",,"true","POINT (-122.69751 45.47798)"
"Rockwood Landing","Rockwood Landing","19045 SE Yamhill St","Portland","97233","Multnomah","Single Site","Active","3","25","50","Multi-Family Residential Rental","1999",,"Key Property Services, Inc.",,"Home Forward","Housing Authority","36",,,,,"0",,"0","12","16","8",,"35","1",,,,"-",,"05/18/1998",,"01/01/2060",,,,"05/18/2058",,,,,,"01/01/2060",,"true","POINT (-122.4671 45.51646)"
"Hazel Heights","Hazel Heights","12621 SE Stark Street","Portland","97233","Multnomah","Single Site","Active","3","24","47","Multi-Family Residential Rental","2018",,"Central City Concern","Central City Concern","Stark Street Apartments LP","Non-Profit","153","0","4","153","0","0",,"92","61","0","0","8","0","30","115","0","0","0","31/07/2017","11/30/2018","12/31/2049",,,,,,,,"03/01/2079",,,"03/01/2079",,"true","POINT (-122.53331 45.51906)"
"Country Squire Apts","Country Squire Apts","6720-6732 SE 72nd Ave","Portland","97205","Multnomah","Single Site","Active","5","23","46","Multi-Family Residential Rental",,,"Quantum Residential Inc.",,"Rose Community Development Corporation","Non-Profit","32",,,,,,,"8","16","8","0",,,,,"32",,"-",,"05/23/2007",,,,"05/23/2027",,,,,,,,"05/23/2027",,"true","POINT (-122.58932 45.4737)"
"Broadway Vantage","Broadway Vantage","8340 NE Broadway","Portland","97220","Multnomah","Single Site","Active","3","22","43","Multi-Family Residential Rental","2008",,,,"82nd Avenue Limited Partnership",,"58",,"58",,,"1","2","11","30","12","4","20",,"38",,,,"-",,"11/30/2006",,"01/01/2068",,"03/19/2029",,"11/30/2066",,,"07/18/2068",,,"07/18/2068",,"true","POINT (-122.57691 45.53467)"
"L Roy Gardens","L Roy Gardens","735 N Fremont Street","Portland","97227-1162","Multnomah","Single Site","Active","3","22","43","Multi-Family Residential Rental","1974",,"Cascade Management, Inc. (Portland)",,"L Roy Gardens",,"92",,,,,,,"7","7","4","0",,,"18",,,,"-",,"03/10/1997",,,,,,"03/10/2047",,,,,,"03/10/2047","Housing Assistance Payment","true","POINT (-122.67417 45.54786)"
"Tistilal Village","Tistilal Village","7651 N Hereford Ave","Portland","97209","Multnomah","Single Site","Active","3","22","44","Multi-Family Residential Rental","1973",,,"Native American Youth and Family Center","Sawash Housing LLC",,"57","24",,,"16","7",,"19","20","11","0","24","0","0","33","0","0","0","31/03/2023","07/22/1998",,,,,,"07/22/2058",,,,,,"07/22/2058",,"true","POINT (-122.72208 45.58248)"
"Candalaria Plaza","Candalaria Plaza","901-963 SE 162nd Avenue","Portland","97233-3220","Multnomah","Single Site","Active","3","24","47","Multi-Family Residential Rental","1970",,"Relay Resources",,"Trillium Candalaria Affordable Hsg LLC","Non-Profit","32","32",,,,"0",,"8","16","8","0",,,,"31",,,"-",,"03/19/1999","01/01/2060",,,,,,,,,"12/31/2025",,"01/01/2060","Housing Assistance Payment","true","POINT (-122.49653 45.51609)"
"Schiller Way fka Schiller Liebe Family Housing","Schiller Way fka Schiller Liebe Family Housing","9348 SE Liebe Street","Portland","97226","Multnomah","Single Site","Active","3","23","46","Multi-Family Residential Rental",,,"Quantum Residential Inc.","Home Forward","Home Forward","Housing Authority","26","0","0","0",,"0",,"0","12","8","4",,,"14",,"10",,"-","01/03/2024","05/06/1994",,,,,,"05/06/2037",,,,,,"05/06/2037",,"true","POINT (-122.56749 45.48674)"
"NAYA Generations","NAYA Generations","8510 SE Steele Street","Portland","97226","Multnomah","Single Site","Active","3","22","43","Multi-Family Residential Rental","2016",,"Guardian Real Estate Services, LLC",,"NAYA Generations Affordable Housing LP","Non-Profit","40",,"2",,"0","0",,"24","8","4","4","2","0","23","15","0","0","0",,"12/21/2015",,,,"10/05/2037",,,,,"03/31/2078",,,"03/31/2078",,"true","POINT (-122.57555 45.48492)"
"Portsmouth Commons",,"4775 N Lombard St","Portland",,"Multnomah",,"Active","3","22","44","Multi-Family Residential Rental",,,,,"Portsmouth Union Church",,"20",,,,,,,,,,,"-","-","-","-","-","-","-",,,"01/01/2035",,,,,,,,,,,"01/01/2035",,"true","POINT (-122.71784 45.58018)"
"Sitka Apartments","Sitka Apartments","1230 NW 12th Avenue","Portland","97212","Multnomah","Single Site","Active","1","17","33","Multi-Family Residential Rental","2005",,"BRIDGE Property Management Company",,"Block 14 Limited Partnership",,"209",,"0",,,,"60","102","47",,"0",,,"144","65",,,"-",,"09/27/2005",,"01/01/2036",,,,,,,"09/27/2035",,,"01/01/2036",,"true","POINT (-122.68349 45.53193)"
"Bronaugh Apartments","Bronaugh Apartments","1434 SW Morrison Street","Portland","97205-1842","Multnomah","Single Site","Active","1","17","33","Elderly-Disabled","1983","2,016","REACH Community Development, Inc.",,"REACH Bronaugh Partners Limited Partnership","Non-Profit","50","50","4",,"0","12","12","38","0","0","0","0","0","0","50","0","0","0",,"06/12/2015",,"01/01/2076",,"04/21/2035","07/01/2076",,,,,"04/30/2035",,"07/01/2076","Housing Assistance Payment","true","POINT (-122.687 45.52132)"
"Rose City Center Apartments","Rose City Center Apartments","6819 NE Sandy Boulevard","Portland","97213","Multnomah","Single Site","Active","3","23","45","Elderly Apartments","1994",,"Accurate Consulting, LLC",,"GFT Rose City, LLC",,"55",,,,,,"5","55",,,"0",,,,,,,"-",,"10/12/1994",,,,,,,,,"10/15/2024",,,"10/15/2024",,"true","POINT (-122.59264 45.54689)"
"Tiller Terrace (fka Goose Hollow)","Tiller Terrace (fka Goose Hollow)","610 SW 17th Ave","Portland",,"Multnomah","Single Site","In Development","1","17","33","Multi-Family Residential Rental",,,"Guardian Management, LLC","Guardian Real Estate Services LLC","Goose Hollow Affordable Limited Partnership",,"214","0",,"214","0","161",,"42","11","0","0","0","0","0","213","0","0","0","20/10/2021",,,,,,,,,,,,,,,"true","POINT (-122.68887 45.52239)"
"Hamilton West Apartments","Hamilton West Apartments","1212 SW Clay Street","Portland","97201","Multnomah","Single Site","Active","1","17","33","Multi-Family Residential Rental","1999",,"Pinehurst Management, LLC",,"Home Forward","Housing Authority","152",,,,,"129","128","23","0","0","0",,,,"152",,,"-",,"12/13/1999","12/31/2059",,,,,,,,,,,"12/31/2059",,"true","POINT (-122.68748 45.51536)"
"Grand Oak Trio Wilshire Apartments","Grand Oak Trio Wilshire Apartments","420 SE Grande Avenue","Portland","97214","Multnomah","Single Site","Active","1","21","42","Multi-Family Residential Rental",,,"REACH Community Development, Inc.",,"REACH Got LLC","Non-Profit","42",,"0",,,,,"42",,,"0","0","0","0","0","144","0","0",,"03/01/2013",,,,"03/01/2025",,,,,,,,"03/01/2025",,"true","POINT (-122.66075 45.51959)"
"Clinton Street Apartments (aka Dual Diagnoisis)","Clinton Street Apartments (aka Dual Diagnoisis)","9268 SE Clinton Street","Portland","97266","Multnomah","Single Site","Active","3","23","46","Disabled Apartments","1994",,"Cascadia Health",,"Cascadia Health","Non-Profit","16",,,,,,"15","1",,,"0",,,"16",,,,"-",,"12/07/1994",,,,,,"12/07/2034",,,"02/15/2027",,,"12/07/2034",,"true","POINT (-122.56753 45.50259)"
"Park Avenue Apartments (Portland)","Park Avenue Apartments (Portland)","2055-2057, 2061 SW Park Ave","Portland","97201","Multnomah","Single Site","In Development","1","14","28","Multi-Family Residential Rental",,,,"Park Avenue PSU LLC",,,"91","0","98","98","0","91",,"0","0","0","0","0","0","0","91","0","0","0","15/03/2023",,,,,,,,,,,,,,,"true","POINT (-122.68668 45.50892)"
"New Columbia Haven 9","New Columbia Haven 9","8920 N Woolsey Avenue","Portland","97203","Multnomah","Single Site","Active","3","22","44","Multi-Family Residential Rental","2005",,"Income Property Management (Portland)",,"Home Forward","Housing Authority","44",,"3",,"0",,,"12","6","15","11","27","0","6","9","0","0","2",,"07/28/2005",,"01/01/2046",,"10/06/2026",,,,,,,,"01/01/2046",,"true","POINT (-122.71344 45.58738)"
"Alpha Apartments","Alpha Apartments","18088 SE Market Street","Gresham","97233","Multnomah","Single Site","Active","3","25","50","Multi-Family Residential Rental","2000",,"Central City Concern",,"CODA Properties LLC",,"22",,,,,"0",,"15","7","0","0",,"8","14",,,,"-",,"09/08/2000",,"10/01/2060",,,,"10/01/2060",,,,,,"10/01/2060",,"true","POINT (-122.47706 45.51233)"
"Dekum Phase 2","Dekum Phase 2","7003 NE 27th Ave (Parcel 2)","Portland","97211","Multnomah","Single Site","In Development","0","0","0","Multi-Family Residential Rental",,,,"Home Forward",,,"93","67","27","51","0",,,,,,"0",,,,,,,,"28/04/2022",,,,,,,,,,,,,,,"true","POINT (-122.63812 45.57335)"
"Wynne Watts Commons (fka Albertina Kerr Workforce and Inclusive Housing)","Wynne Watts Commons (fka Albertina Kerr Workforce and Inclusive Housing)","928 NE 162nd Ave","Portland","97230","Multnomah","Scattered","Active","0","0","0","Multi-Family Residential Rental","2022",,"Quantum Residential Inc.","Albertina Kerr Centers Inc","AKC Limited Partnership",,"150","30","30","147",,,"26","93","23","8","0",,,,"147","3",,,"28/01/2021","09/01/2021","03/30/2053",,,,,,,,"12/31/2052",,,"03/30/2053",,"true","POINT (-122.4956 45.52955)"
"Garden Park Estates","Garden Park Estates","3140 SE 136th","Portland","97227","Multnomah","Single Site","Active","3","24","48","Multi-Family Residential Rental","1978",,"Key Property Services, Inc.","Innovative Housing Inc","Garden Park Limited Partnership","For-Profit","63","50","8","32",,"0",,"0","62","1","0",,,,"62",,,"-","16/06/2023","12/31/2002","01/01/2033",,,,,,,,"01/01/2033",,,"01/01/2033",,"true","POINT (-122.52353 45.49932)"
"MLK-Wygant Housing","MLK-Wygant Housing","4710 NE MLK Boulevard","Portland","97211","Multnomah","Single Site","Active","3","22","43","Multi-Family Residential Rental","1998",,"MLK-Wygant LLC",,"MLK-Wygant LLC","For-Profit","38",,,,,,,"11","14","11","2",,,"8",,,,"-",,"08/13/1998",,,,,,,,,"08/15/2028",,,"08/15/2028",,"true","POINT (-122.66154 45.55687)"
"Grand Oak Trio Rex Arms Apartments","Grand Oak Trio Rex Arms Apartments","1230 SE Moody Avenue","Portland","97214","Multnomah","Single Site","Active","1","21","42","Multi-Family Residential Rental",,,"REACH Community Development, Inc.",,"REACH Got LLC","Non-Profit","62",,"0",,,,"26","36",,,"0","0","0","0","0","144","0","0",,"03/01/2013",,,,"03/01/2025",,,,,,,,"03/01/2025",,"true",
"Bukas Place","Bukas Place","2705 - 2711 N Killingsworth","Portland","97217","Multnomah","Single Site","Active","3","22","44","Multi-Family Residential Rental","2001",,"UBA Building Services",,"UBA Building Services",,"7",,"1",,,"0",,"0","6","1","0",,,"7",,,,"-",,"12/17/2001",,,,"10/01/2023",,"12/17/2061",,,,,,"12/17/2061",,"true","POINT (-122.69492 45.56274)"
"Marwood Plaza","Marwood Plaza","7200 SE Woodstock Blvd","Portland","97206-5803","Multnomah","Single Site","Active","5","23","46","Multi-Family Residential Rental","1970",,"Relay Resources",,"Trillium Marwood Plaza Affordable Hsg LLC","Non-Profit","40","40",,,,"8","8","32","0","0","0",,,,"39",,,"-",,"03/19/1999","01/01/2060",,,,,,,,,"06/30/2025",,"01/01/2060","Housing Assistance Payment","true","POINT (-122.58866 45.47956)"
"Cedar Commons (fka Division Street Apartments)","Cedar Commons","11332 SE Division Street","Portland","97266","Multnomah","Scattered","Active","0","0","0","Multi-Family Residential Rental","2021",,"Central City Concern","Related Northwest","Division Street  Housing Partners Limited Partnership",,"60","40","3","60","40","40","20",,,,"0",,,,"60",,,,"28/05/2020","05/01/2020","12/31/2052",,,,,,,,"12/31/2052",,,"12/31/2052",,"true","POINT (-122.54597 45.50416)"
"Scattered Multiplexes","Scattered Multiplexes","219 NE Shaver Street","Portland","97210","Multnomah","Single Site","Active","3","22","43","Multi-Family Residential Rental","1999",,"Sabin Community Development Corporation",,"Sabin Community Development Corporation","Non-Profit","14",,,,,,,,,"12","2",,,"12",,"2",,"-",,"07/15/1999",,,,,,"07/15/2059",,,,,,"07/15/2059",,"true","POINT (-122.66306 45.55206)"
"Humboldt Gardens","Humboldt Gardens","5033 N Vancouver Ave","Portland","97217","Multnomah","Single Site","Active","3","22","43","Multi-Family Residential Rental","2008",,"Home Forward Property Management",,"Humboldt Gardens Limited Partnership",,"130",,"31",,"0","0",,"62","46","15","7","3","97","4","26","0","0","0",,"05/20/2008","05/20/2068",,,,,,,,,,,"05/20/2068",,"true","POINT (-122.66853 45.55946)"
"Fenwick Avenue Housing","Fenwick Avenue Housing","8428 N Fenwick Avenue","Portland","97217","Multnomah","Single Site","Active","3","22","44","Multi-Family Residential Rental","2005",,"Pinehurst Management, LLC",,"Home Forward","Housing Authority","27",,"4",,,"0",,"8","10","9","0",,,"8",,"19",,"-",,"03/01/2005",,,,"03/01/2025",,"09/01/2064",,,,,,"09/01/2064",,"true","POINT (-122.68474 45.58404)"
"McCoy Village (fka Gladys McCoy Village)","McCoy Village (fka Gladys McCoy Village)","4430 NE MLK Jr Boulevard","Portland","97211","Multnomah","Single Site","Active","3","22","43","Multi-Family Residential Rental","2011",,"Guardian Management, LLC","Catholic Charities of Oregon","GMV Apartments Limited Partnership",,"55","0",,,"0","0",,"11","20","14","10","10","0","45","0","0","0","0",,"01/29/1998",,"01/01/2053",,,,"07/30/2051",,,"07/01/2072",,,"07/01/2072",,"true","POINT (-122.66155 45.55503)"
"West Gresham Apartments","West Gresham Apartments","17257 E Burnside Street","Portland","97207","Multnomah","Single Site","Active","3","25","49","Multi-Family Residential Rental","2005",,"Cascadia Health",,"West Gresham Apartments LP",,"27",,"2",,"0","0",,"24","3","0","0","0","0","0","26","0","0","0",,"01/26/2004",,"01/01/2066",,,,"01/26/2064",,,"02/16/2065",,,"01/01/2066",,"true","POINT (-122.48557 45.52216)"
"New Columbia Woolsey 1","New Columbia Woolsey 1","8913 N Woolsey Ave","Portland","97203","Multnomah","Single Site","Active","3","22","44","Multi-Family Residential Rental","2006",,"Income Property Management (Portland)",,"Woolsey Limited Partnership",,"42",,"4",,"0",,,"11","10","10","11","22","0","0","20","0","0","0",,"03/30/2006",,"01/01/2046",,"04/02/2028",,,,,,,,"01/01/2046",,"true","POINT (-122.71345 45.58736)"
"Station Place Tower","Station Place Tower","1020 NW 9th Avenue","Portland","97208","Multnomah","Single Site","Active","1","17","33","Multi-Family Residential Rental","2004",,"REACH Community Development, Inc.",,"SP Tower Limited Partnership",,"176",,"20",,,"36","36","125","15","0","0",,,,"176",,,"-",,"06/01/2003","01/01/2064",,,,,,,,"12/30/2034",,,"01/01/2064",,"true","POINT (-122.68039 45.53044)"
"Patton Park Apartments","Patton Park Apartments","5204 N Interstate Ave","Portland","97217","Multnomah","Single Site","Active","3","22","44","Multi-Family Residential Rental","2009",,"REACH Community Development, Inc.",,"Patton Square Partners Limited Partnership",,"54",,"3",,"0","2","2","36","4","12","0","0","0","0","54","0","0","0",,"01/26/2009","01/01/2069",,,"09/16/2029",,,,,"02/15/2040",,,"01/01/2069",,"true","POINT (-122.68216 45.56052)"
"Floyd Light Apartments","Floyd Light Apartments","1005 SE 106th Avenue","Portland","97216","Multnomah","Single Site","Active","3","24","47","Multi-Family Residential Rental","1997",,"REACH Community Development, Inc.",,"Floyd Light Apartments L.L.C.","For-Profit","51",,,,,"0",,"27","24","0","0",,,,"23",,,"-",,"06/30/1997","01/01/2027",,,,,,,,,,,"01/01/2027",,"true","POINT (-122.55443 45.51626)"
"Scott Crest Plaza","Scott Crest Plaza","13223 SE Powell Blvd","Portland","97236-3345","Multnomah","Single Site","Active","3","24","48","Multi-Family Residential Rental","1971",,"Relay Resources",,"Trillium Scott Crest Plaza Affordable Hsg LLC","Non-Profit","42","42",,,,"0",,"4","32","6","0",,,,"39",,,"-",,"09/30/1999","01/01/2060",,,,,,,,,"12/31/2028",,"01/01/2060","Housing Assistance Payment","true","POINT (-122.52657 45.49749)"
"Peaceful Villa","Peaceful Villa","2835 SE 47th Ave","Portland","97206","Multnomah","Scattered","In Development","0","0","0","Multi-Family Residential Rental",,,,"Home Forward",,,"166","166","21","134","0",,,,,,"0",,,,,,,,"20/02/2025",,,,,,,,,,,,,,,"true","POINT (-122.61408 45.50271)"
"Irvington Village","Irvington Village","420 NE Mason Street","Portland","97211","Multnomah","Single Site","Active","3","22","43","Assisted Living (ALF)","2002",,"Providence ElderPlace in Irvington Village",,"Providence Health & Services - Oregon",,"104","104","104",,,"73","76","31","0","0","0",,,,"73",,,,,,"01/01/2032",,,,,,,,,,,"01/01/2032",,"true","POINT (-122.66104 45.55331)"
"Villa de Suenos","Villa de Suenos","6444 - 6808 NE Killingsworth","Portland","97218","Multnomah","Single Site","Active","3","22","44","Multi-Family Residential Rental","1999",,"Cascade Management, Inc. (Portland)",,"Villa De Suenos Limited Partnership",,"28",,,,,"0",,"0","0","14","14","9",,"19",,,,"-",,"05/07/1998",,"01/01/2058",,,,"05/07/2058",,,,,,"05/07/2058",,"true","POINT (-122.59615 45.56274)"
"Sequoia Square","Sequoia Square","247 SE 160th Avenue","Portland","97233","Multnomah","Single Site","Active","3","24","47","Multi-Family Residential Rental","2001",,"Pinehurst Management, LLC","Home Forward","Home Forward","Housing Authority","62","0","0","0",,"10",,"0","38","10","4","14",,"30","17",,,"-","01/03/2024","02/23/2001",,"01/01/2061",,"08/22/2021",,,,,,,,"01/01/2061",,"true","POINT (-122.49971 45.52101)"
"St James","St James","1312 SW 10th Avenue","Portland","97201","Multnomah","Single Site","Active","1","17","33","Multi-Family Residential Rental","1994",,"Cambridge Real Estate Services",,"St James Apartments Limited Partnership",,"122",,,,,,"65","49","8",,"0",,,,"121","1",,"-",,"03/11/1993",,"01/01/2044",,,,"03/11/2043",,,,,,"01/01/2044",,"true","POINT (-122.68448 45.51567)"
"Park Terrace","Park Terrace","315 N Alberta Street","Portland","97217","Multnomah","Single Site","Active","3","22","43","Multi-Family Residential Rental","1944",,"Cascade Management, Inc. (Portland)",,"Park Terrace Communities LLC","Non-Profit","88","35","0",,,"0",,"35","0","0","0",,,"88",,,,"-",,"12/05/2001",,"01/01/2062",,,,"10/29/2061",,,,"09/30/2024",,"01/01/2062","Housing Assistance Payment","true","POINT (-122.66984 45.55968)"
"Clara Vista Townhomes","Clara Vista Townhomes","5335 NE Culley","Portland","97218","Multnomah","Single Site","Active","3","22","44","Multi-Family Residential Rental","2005",,"Cascade Management, Inc. (Portland)",,"Clara Vista Townhomes LP",,"44",,"3",,"0","0",,"0","0","34","10","0","12","20","12","0","0","0",,"03/12/2005",,"01/01/2066",,"07/05/2026",,,,,"03/01/2066",,,"03/01/2066",,"true","POINT (-122.59506 45.56184)"
"Interstate Crossing","Interstate Crossing","6847 N Interstate Avenue","Portland","97217","Multnomah","Single Site","Active","3","22","44","Multi-Family Residential Rental","2001",,"Central City Concern",,"Home Forward","Housing Authority","12",,,,,"0",,"0","12","0","0",,,"6",,,,"-",,"05/30/2001",,,,,,,,,"08/15/2038",,,"08/15/2038",,"true","POINT (-122.68221 45.57248)"
"Kateri Park","Kateri Park","CONFIDENTIAL","Portland","97242","Multnomah","Single Site","Active","3","21","42","Multi-Family Residential Rental","2005",,"Guardian Management, LLC","Catholic Charities of Oregon","Kateri Park Limited Partnership",,"50","23","0","0","0","0",,"8","8","24","10","0","0","10","40","0","0","0",,"09/30/2005",,"01/02/2065",,"03/22/2026","07/05/2076",,,,,,,"07/05/2076",,"true",
"Collins Circle","Collins Circle","1701 SW Columbia Street","Portland","97205","Multnomah","Single Site","Active","1","17","33","Multi-Family Residential Rental","2000",,"Avenue5 Residential LLC",,"Fairfield Collins Circle, LLC","For-Profit","124",,,,,,"51","55","18",,"0",,,,"52",,,"-",,"03/15/2000","01/01/2030",,,,,,,,,,,"01/01/2030",,"true","POINT (-122.69186 45.51729)"
"Aldercrest Apartments","Aldercrest Apartments","21900 SE Alder Drive","Gresham","97030-5081","Multnomah","Scattered","Active","0","0","0","Multi-Family Residential Rental","1970",,"Pinehurst Management, LLC","Human Solutions, Inc","Aldercrest Gresham Limited Partnership",,"68","59","4","0",,,,"24","44",,"0",,,,"68",,,,"12/11/2021","11/10/2021",,"12/31/2083",,"11/10/2041","12/31/2083",,,,"12/31/2083",,,"12/31/2083",,"true","POINT (-122.43779 45.51708)"
"Pine Point Apartments","Pine Point Apartments","12031 SE Pine Street","Portland","97216","Multnomah","Single Site","Active","3","24","47","Multi-Family Residential Rental","2001",,"Quantum Residential Inc.",,"Pine Point LLC",,"24",,,,,"10","10","12","2","0","0","16",,"8",,,,"-",,"11/09/1999",,"01/01/2061",,,,"11/09/2059",,,,,,"01/01/2061",,"true","POINT (-122.53901 45.52039)"
"Orchards of 82nd","Orchards of 82nd","8118 SE Division Street","Portland","97206","Multnomah","Single Site","Active","3","23","46","Multi-Family Residential Rental","2019",,"Quantum Residential Inc.","Rose CDC","ROSE-Jade GP LLC","Non-Profit","48","12","2","48","0","2",,"31","12","3","0","3","0","27","17","0","0","0","29/12/2017","02/08/2019",,"12/31/2079",,"12/19/2039","04/01/2080",,,,"04/01/2080",,,"04/01/2080",,"true","POINT (-122.57935 45.5049)"
"Village at the Headwaters, The","Village at the Headwaters, The","3131 SW Marigold","Portland","97219","Multnomah","Single Site","Active","1","14","28","Elderly Apartments","2006",,"Income Property Management (Portland)",,"Village at the Headwaters Limited Partnership",,"56",,"56",,"0","0",,"35","21","0","0","0","0","42","14","0","0","0",,"09/27/2005",,"01/01/2068",,,,"09/27/2065",,,,,,"01/01/2068",,"true","POINT (-122.70907 45.46093)"
"Eastgate Station","Eastgate Station","134 NE 120th Avenue","Portland","97220","Multnomah","Single Site","Active","3","24","47","Multi-Family Residential Rental","2010",,"Quantum Residential Inc.",,"Eastgate Station Limited Partnership",,"61",,"30",,"10","0",,"16","8","29","8","0","16","35","6","3","0","1",,"03/25/2008",,"01/01/2070",,"02/17/2031",,,,,"03/28/2068",,,"01/01/2070",,"true","POINT (-122.53919 45.52357)"
"Station 162","Station 162","304 SE 162nd Ave","Portland","97233","Multnomah","Single Site","Active","3","25","49","Multi-Family Residential Rental","2017",,"Quadriplegics United Against Dependency Inc",,"Station 162 Housing LLC",,"44",,"25",,"0",,,"41","3",,"0","0","0","44","0","0","0","0",,"12/17/2015",,"01/26/2077",,"10/12/2037","12/31/2077",,,,"12/31/2077",,,"12/31/2077",,"true","POINT (-122.49558 45.52076)"
"Midland Commons","Midland Commons","2830 SE 127th Avenue","Portland","97266","Multnomah","Single Site","Active","3","24","48","Disabled Apartments","2004",,"Cascadia Health",,"Mid-Co Apartments Limited Partnership",,"46",,"43",,,"9","7","32","5","0","0","6",,"20","18","2",,"-",,"10/29/2004",,"01/01/2065",,"08/01/2031",,,,,,,,"01/01/2065",,"true","POINT (-122.53249 45.5015)"
"Portsmouth Commons","Portsmouth Commons","4785 N Lombard Street","Portland","97203","Multnomah","Scattered","Active","3","22","44","Multi-Family Residential Rental","2023",,"Good Space Property Management","Portsmouth Union Church","Bell Tower LLC",,"20","0",,,,,,"8","12",,"0","16",,,"4",,,,"29/12/2020","07/23/2023",,,,,"12/31/2083",,,,"12/31/2033",,,"12/31/2083",,"true","POINT (-122.71804 45.58026)"
"Roselyn Villa","Roselyn Villa","4721 NE Killingsworth St","Portland","97218","Multnomah","Single Site","Active","3","22","43","Multi-Family Residential Rental",,,"UBA Building Services",,"UBA Building Services",,"4",,"2",,"0","0",,"0","0","4","0","1","0","3","0","0","0","0",,"06/21/2005",,,,"05/01/2027",,"06/21/2065",,,,,,"06/21/2065",,"true","POINT (-122.61365 45.56278)"
"Saltzman Road Apartments","Saltzman Road Apartments","1035 NW Saltzman Road","Portland","97229","Multnomah","Single Site","In Development","5","9","17","Multi-Family Residential Rental",,,"Quantum Residential Inc.","Home First Development","Saltzman Affordable Apartments LP",,"53","26","54","54",,,,,,,"0",,,,,,,,"23/06/2022",,,,,,,,,,,,,,,"true","POINT (-122.8066 45.52704)"
"Stephens Creek Crossing South (Hillsdale Terrace)","Stephens Creek Crossing South (Hillsdale Terrace)","6775 SW 26th Avenue","Portland","97219","Multnomah","Single Site","Active","1","14","28","Multi-Family Residential Rental","2014",,"Home Forward Property Management",,"Stephens South Limited Partnership",,"50",,"6",,"0",,,"10","6","28","3","0","0","0","47","0","0","0",,"06/01/2012",,"01/01/2074",,,,,,,"07/01/2074",,,"07/01/2074",,"true","POINT (-122.70388 45.47563)"
"Fairview Arms","Fairview Arms","305 7th Street","Fairview","97024-1967","Multnomah","Single Site","Active","3","25","49","Multi-Family Residential Rental","1973","2,018","Pinehurst Management, LLC","Human Solutions","Fairview Arms Limited Partnership","For-Profit","45","44","3","38","0","0",,"11","22","11","0","0","20","20","4","0","0","0","29/11/2017","01/01/2018",,"12/31/2078",,,,,,,"12/31/2078","11/30/2037",,"12/31/2078","Housing Assistance Payment","true","POINT (-122.4408 45.53564)"
"Minerva Plaza","Minerva Plaza","6633 N Oberlin Street","Portland","97203","Multnomah","Single Site","Active","3","22","44","Multi-Family Residential Rental","1969",,"Relay Resources",,"Trillium Minerva Plaza Affordable Hsg LLC","Non-Profit","15","15",,,,"2","2","13","0","0","0",,,,"15",,,"-",,"03/19/1999","01/01/2060",,,,,,,,,"06/30/2025",,"01/01/2060","Housing Assistance Payment","true","POINT (-122.73567 45.58472)"
"Clifford Apartments","Clifford Apartments","527 SE Morrison Street","Portland","97214","Multnomah","Single Site","Active","1","21","42","Multi-Family Residential Rental",,,"Pinehurst Management, LLC","Innovative Housing Inc","Clifford Apartments LLC",,"88","62","14","86","45","33","55",,,,"0","0","23","50","15","0","0","0",,"03/26/2010",,,,"05/09/2021",,"03/26/2070",,,"02/28/2071",,,"02/28/2071",,"true","POINT (-122.66006 45.51723)"
"Cathedral Gardens","Cathedral Gardens","8652 N Swift Way","Portland","97203","Multnomah","Single Site","Active","3","22","44","Multi-Family Residential Rental","1971",,"Aperto Property Management Inc.",,"Cathedral Gardens Partners, Limited Partnership","For-Profit","124","124","6",,"0","0",,"26","52","46","0","0","0","0","0","124","0","0",,"12/17/2013","01/01/2045",,,,,,,,,"12/31/2033",,"01/01/2045","Housing Assistance Payment","true","POINT (-122.74891 45.6016)"
"Los Jardines De La Paz","Los Jardines De La Paz","5530 NE 60th Avenue","Portland","97218","Multnomah","Single Site","Active","3","22","44","Multi-Family Residential Rental","1940",,"Cascade Management, Inc. (Portland)",,"Los Jardines Limited Partnership",,"43",,"0",,"0","0",,"0","0","27","16","2","0","40","0","0","0","0",,"04/30/2002",,"01/01/2062",,"12/16/2022","07/01/2077","07/12/2062",,,,,,"07/01/2077",,"true","POINT (-122.6008 45.56315)"
"St Francis Place","St Francis Place","4943 NE 10th Avenue","Portland","97211","Multnomah","Single Site","Active","3","22","43","Multi-Family Residential Rental","1998",,"Portland Community Reinvestment Initiatives Inc",,"Portland Community Reinvestment Initiatives Inc","Non-Profit","3",,,,,,,,,"2","1",,,"3",,,,"-",,"12/03/1997",,,,"10/14/2018",,"12/03/2057",,,,,,"12/03/2057",,"true","POINT (-122.6556 45.55886)"
"Dekum Court 2021 Redevelopment","Dekum Court 2021 Redevelopment","2513 NE Saratoga","Portland","97211","Multnomah","Scattered","Active","0","0","0","Multi-Family Residential Rental","1971",,"Home Forward Property Management","Home Forward","Dekum 2 Limited Partnership",,"47","47","27","51","0",,"5",,"18","23","1",,,,"47",,,,"28/04/2022","01/01/2024","12/31/2054",,,"12/31/2044",,,,,"12/31/2054",,,"12/31/2054",,"true","POINT (-122.63994 45.57283)"
"Village Garden Apartments","Village Garden Apartments","15230 NE Sandy Boulevard","Portland","97205-2724","Multnomah","Single Site","Active","3","22","43","Multi-Family Residential Rental","1999",,"Village Garden, LLC",,"Village Garden, LLC","For-Profit","35",,,,,,"6","18","27","8","0",,,,"59",,,"-",,"05/03/1999","06/01/2029",,,,,,,,"05/15/2029",,,"06/01/2029",,"true","POINT (-122.50587 45.55163)"
"Nick Fish, The (AKA Halsey 106)","Nick Fish, The (fka Halsey 106)","10520 NE Halsey Street","Portland","97220","Multnomah","Scattered","Active","0","0","0","Multi-Family Residential Rental","2021",,"American Management Services, DBA Pinnacle (Cushman & Wakefield)","Human Solutions","Gateway Halsey Limited Partnership",,"75","0","2","40",,,"11","31","10",,"0",,,,"52",,,,"27/08/2019","03/05/2021","12/31/2051",,,,,,,,"12/31/2051",,,"12/31/2051",,"true","POINT (-122.5542 45.53352)"
"Troutdale Terrace","Troutdale Terrace","639 SW 257th Drive","Troutdale","97060","Multnomah","Single Site","Active","3","25","49","Multi-Family Residential Rental","2002",,"FPI Management, Inc.","Lincoln Avenue Capital LLC","Troutdale Terrace Preservation LP",,"228","0","16",,,"0",,"24","152","52","0",,,,"228",,,"-",,"10/31/2001","01/01/2062",,,,,,,,"10/15/2048",,,"01/01/2062",,"true","POINT (-122.39536 45.53672)"
"Powell Plaza I","Powell Plaza I","13320-1 SE Powell Boulevard","Portland","97236","Multnomah","Single Site","Active","3","24","48","Multi-Family Residential Rental","1968",,"Heartland Realty Investors Inc",,"Heartland Columbia-Powell Plaza I LP","Limited Dividend","47","47","47",,,"16","16","31","0","0","0",,,,"46",,,"-",,"12/29/2005","01/01/2035",,,,,,,,,"03/31/2027",,"01/01/2035","Housing Assistance Payment","true","POINT (-122.52655 45.49687)"
"On Your Own","On Your Own","1025 SE Kane Drive","Gresham","97030","Multnomah","Single Site","Active","3","25","50","Multi-Family Residential Rental",,,"Mainstream Housing, Inc",,"Mainstream Housing, Inc",,"70",,"1",,,"0",,"6","1","0","0",,,"6",,"1",,"-",,"11/27/2000",,,,"01/06/2020",,"11/27/2060",,,,,,"11/27/2060",,"true","POINT (-122.39852 45.48958)"
"Erickson Fritz Apartments","Erickson Fritz Apartments","9 NW Second Avenue","Portland","97209","Multnomah","Single Site","Active","1","17","33","Multi-Family Residential Rental","2014","2,016","Pinehurst Management, LLC",,"Erickson Housing Limited Partnership",,"62",,"5",,"0",,"39","23",,,"0","0","2","30","0","30","0","0",,"08/15/2014","01/01/2076",,,"02/12/2036",,,,,"01/15/2076",,,"01/15/2076",,"true","POINT (-122.67239 45.5235)"
"Gilman Court (aka Glisan Commons Phase II)","Gilman Court (aka Glisan Commons Phase II)","610 NE 99th Avenue","Portland","97220","Multnomah","Single Site","Active","3","24","47","Elderly Apartments","2015",,"REACH Community Development, Inc.",,"REACH Gateway Senior Housing LP","Non-Profit","60",,"17",,"0",,,"60",,,"0","0","0","4","56","0","0","0",,"04/13/2015",,"11/01/2075",,"11/10/2035",,,,,"06/01/2075",,,"11/01/2075",,"true","POINT (-122.56198 45.52706)"
"Holgate Plaza","Holgate Plaza","4333 SE 104th Avenue","Portland","97266-2400","Multnomah","Single Site","Active","3","24","48","Multi-Family Residential Rental","1972",,"Relay Resources",,"Trillium Holgate Plaza Affordable Hsg LLC","Non-Profit","48","48",,,,"8","8","40","0","0","0",,,,"47",,,"-",,"03/19/1999","01/01/2060",,,,,,,,,"05/31/2025",,"01/01/2060","Housing Assistance Payment","true","POINT (-122.55575 45.49104)"
"Betty Campbell Building","Betty Campbell Building","3987 N Mississippi Avenue","Portland","97227","Multnomah","Single Site","Active","3","22","43","Multi-Family Residential Rental",,,"Portland Community Reinvestment Initiatives Inc",,"Portland Community Reinvestment Initiatives Inc","Non-Profit","9",,,,,"0","8","0","6","0","0",,,"7",,,,"-",,"05/16/1996",,,,,,"05/16/2056",,,,,,"05/16/2056",,"true","POINT (-122.67551 45.55195)"
"Kehillah Housing","Kehillah Housing","6125 SW Boundary St","Portland","97221","Multnomah","Single Site","Active","1","14","28","Multi-Family Residential Rental","2013",,"Cedar Sinai Park",,"CSP Kehillah Housing","Non-Profit","15","14","2",,"0","0",,"14","0","0","0","14","0","1","0","0","0","0",,"02/26/2013",,,,,,"11/01/2074",,,,"08/31/2025",,"11/01/2074","Project Rental Assistance Contract","true","POINT (-122.73982 45.48601)"
"Lents Village Apartments","Lents Village Apartments","10325 SE Holgate Boulevard","Portland","97266","Multnomah","Single Site","Active","3","24","48","Multi-Family Residential Rental","1997",,"Quantum Residential Inc.",,"Lents Village Apartments Limited Partnership",,"63",,,,,,,"52","11",,"0",,,"63",,,,"-",,"10/03/1997",,"01/01/2047",,,,"06/04/2046",,,,,,"01/01/2047",,"true","POINT (-122.5564 45.49018)"
"Canopy Apts at Powell (fka USA Powell)","Canopy Apts at Powell (fka USA Powell)","12439-12529 SE Powell Boulevard","Portland","97236","Multnomah","Single Site","In Development","3","22","43","Multi-Family Residential Rental",,,"Cascade Management, Inc. (Portland)","USA Properties","Powell 686, LP",,"166","0","14","167","0",,,,,,"0","0","0","0","165","0","0","0","23/02/2022",,,,,,,,,,,,,,,"true","POINT (-122.5344 45.49719)"
"New Columbia Cecelia","New Columbia Cecelia","4605 N Trenton","Portland","97203","Multnomah","Single Site","Active","3","22","44","Multi-Family Residential Rental","2005",,"Income Property Management (Portland)",,"Cecelia Limited Partnership",,"131",,"3",,,,,"13","48","36","34",,,"71","59",,,"-",,"07/28/2005","07/28/2045",,,,,,,,,,,"07/28/2045",,"true","POINT (-122.71506 45.58865)"
"Martin Luther King Manor","Martin Luther King Manor","6620 NE 6th Avenue","Portland","97211-3065","Multnomah","Single Site","Active","3","22","43","Elderly-Disabled","1989",,"Cascadia Health",,"MLK Manor LLC","Non-Profit","16","15","1",,"0","0",,"15","0","0","0","0","0","15","0","0","0","0",,"06/06/2007","01/01/2047",,,,,"06/01/2037",,,"12/15/2047","06/30/2029",,"12/15/2047","Housing Assistance Payment","true","POINT (-122.65935 45.57159)"
"Firland","Firland","8036 SE Raymond Street","Portland","97206","Multnomah","Single Site","Active","3","23","46","Multi-Family Residential Rental",,,"Quantum Residential Inc.",,"Rose Community Development Corporation","Non-Profit","19",,"2",,"0",,,"2","17",,"0","3","5","11","0","0","0","0",,"12/15/2011",,,,,,"11/30/2072",,,"11/30/2072",,,"11/30/2072",,"true","POINT (-122.58046 45.48639)"
"Westshore, The","Westshore, The","222 Pine Street","Portland","97204","Multnomah","Single Site","Active","1","17","33","Multi-Family Residential Rental","1997",,"REACH Community Development, Inc.",,"Pine Street  Associates Limited Partnership",,"113",,,,,"100","105","13","0","0","0",,,"45","68",,,"-",,"10/30/1996","01/01/2036",,,,,,,,"01/15/2028",,,"01/01/2036",,"true","POINT (-122.67322 45.52144)"
"Pacific Tower","Pacific Tower","333 NW 4th Ave","Portland","97209","Multnomah","Single Site","Active","1","17","33","Multi-Family Residential Rental","2003",,"Meritus Property Group LLC",,"Pacific Tower Associates LP",,"156",,"10",,,"34","34","111","11","0","0","17",,,"139",,,"-",,"05/01/2003","01/01/2065",,,,,,,,,,,"01/01/2065",,"true","POINT (-122.67451 45.52583)"
"Magnolia, The (aka Eliot MLK Project)","Magnolia, The (aka Eliot MLK Project)","3250 NE Martin Luther King Jr Blvd","Portland","97212","Multnomah","Single Site","Active","3","22","43","Multi-Family Residential Rental","2013",,"Income Property Management (Portland)",,"Eliot Housing Limited Partnership",,"50",,"4",,"0",,,"41","9",,"0","3","0","18","28","0","0","0",,"09/26/2013",,"12/01/2073",,,,"12/01/2073",,,"09/07/2022",,,"12/01/2073",,"true","POINT (-122.6616 45.54695)"
"Gateway Park Apartments","Gateway Park Apartments","510 NE 100th Avenue","Portland","97204","Multnomah","Single Site","Active","3","24","47","Multi-Family Residential Rental","1967",,"Income Property Management (Portland)",,"Gateway Park Apartments Limited Partnership","For-Profit","144",,"0",,,,,"59","48","37","0",,,,"144",,,"-",,"11/06/2002","01/01/2033",,,,,,,,"11/15/2033",,,"11/15/2033",,"true","POINT (-122.5607 45.52656)"
"St Francis Park Apts","St Francis Park Apts","1177 SE Stark Street","Portland","97214","Multnomah","Single Site","Active","1","21","42","Multi-Family Residential Rental","2018",,"Guardian Management, LLC",,"St Francis Park Limited Partnership","Non-Profit","106","9","6","106","0","77","77","28","1","0","0","20","0","0","86","0","0","0","06/03/2016","05/26/2017","09/01/2047",,,,,,,,,,,"09/01/2047",,"true","POINT (-122.65386 45.51935)"
"Harvey Rice Heritage","Isaka Shamsud-Din","1420 NE Killingsworth","Portland","97211","Multnomah","Scattered","Active","3","22","43","Multi-Family Residential Rental","2022",,"Sabin Community Development Corporation","Sabin Community Development Corpoaration","Harvey Rice Heritage Limited Partnership",,"29","9","3","33",,,"6","12","13","10","0",,,"2","39",,,,"29/12/2021","11/17/2022","12/31/2084",,,"09/21/2043","12/31/2083",,,,"12/31/2033",,,"12/31/2084",,"true","POINT (-122.65048 45.56272)"
"Douglas Fir Apartments","Douglas Fir Apartments","6485 SE 128th Ave","Portland","97236","Multnomah","Scattered","Active","0","0","0","Multi-Family Residential Rental","2022",,"Horizon Property Management of Oregon, Inc.","Luke-Dorf Inc","New Narrative Douglas Fir Apartments LLC",,"15","0","1","15","15",,"10","5",,,"0",,,,,"15",,,"28/05/2022","04/04/2023",,,,,"04/04/2083",,,,,,,"04/04/2083",,"true","POINT (-122.53212 45.47584)"
"Turning Point","Turning Point","CONFIDENTIAL","Portland","97201","Multnomah","Single Site","Active","1","14","28","Multi-Family Residential Rental",,,"Peace by Lease, LLC",,"Home Forward","Housing Authority","24",,,,,"0",,"24","0","0","0",,,"24",,,,"-",,"02/05/1993",,,,,,"02/05/2033",,,,,,"02/05/2033",,"true",
"L Roy Gardens","L Roy Gardens","735 N Fremont Street","Portland","97227-1162","Multnomah","Single Site","Active","3","22","43","Multi-Family Residential Rental","1974",,"Cascade Management, Inc. (Portland)",,"L Roy Gardens",,"18","18",,,,"0",,"7","7","4","0",,,"18",,,,"-",,"03/10/1997",,,,,,"03/10/2047",,,,"02/28/2026",,"03/10/2047","Housing Assistance Payment","true","POINT (-122.67417 45.54786)"
"Rosemont Court (fka Villa St Rose)","Rosemont Court (fka Villa St Rose)","597 N Dekum Street","Portland","97217","Multnomah","Single Site","Active","3","22","44","Multi-Family Residential Rental","2001",,"Income Property Management (Portland)","Northwest Housing Alternatives","Rosemont Senior Housing Associates LP","Non-Profit","100","25","4","100","0","8",,"88","3","1","0","16","37","46","0","0","0","1",,"08/22/2000",,"01/01/2061",,"06/26/2022",,"08/22/2060",,,,,,"01/01/2061",,"true","POINT (-122.67279 45.57172)"
"Charlotte B Rutherford Place","Charlotte B Rutherford Place","6905 N Interstate Avenue","Portland","97217","Multnomah","Single Site","Active","3","22","44","Multi-Family Residential Rental","2018",,"Central City Concern","Central City Concern","CCC-Interstate Apartments Limited Partnership","Non-Profit","51","0","2","51","0","0",,"34","17","0","0","3","0","28","20","0","0","0","26/07/2017","10/31/2018","12/31/2049",,,,,,,,"12/31/2079",,,"12/31/2079",,"true","POINT (-122.68221 45.57294)"
"Berry Ridge Apartments","Berry Ridge Apartments","2711 W Powell Boulevard","Gresham","97030-5081","Multnomah","Single Site","Active","3","25","50","Multi-Family Residential Rental","1998",,"BRIDGE Property Management Company","BRIDGE Housing Corporation","Berry Ridge Gresham LLC","For-Profit","248","0",,,,"0",,"120","128","0","0",,,,"248",,,"-",,"08/05/1998","01/01/2029",,,,,,,,,,,"01/01/2029",,"true","POINT (-122.46102 45.4961)"
"Andrea Place","Andrea Place","7621 N Portsmouth","Portland","97203","Multnomah","Single Site","Active","3","22","44","Elderly-Disabled",,,"Cascadia Health",,"Cascadia Health",,"15",,"0",,"0","0","15","0","0","15","0","0","15","0","0","0","0","0",,"07/28/1997",,,,,"07/01/2075","07/28/2047",,,"10/15/2047",,,"07/01/2075",,"true","POINT (-122.72353 45.58321)"
"Powell Plaza II","Powell Plaza II","13320-3 SE Powell Boulevard","Portland","97236","Multnomah","Single Site","Active","3","24","48","Multi-Family Residential Rental","1968",,"Heartland Realty Investors Inc",,"Heartland Columbia-Powell Plaza II LP","Non-Profit","20","20","20",,,"8","8","12","0","0","0",,,,"20",,,"-",,"06/30/2005","01/01/2035",,,,,,,,,"03/31/2027",,"01/01/2035","Housing Assistance Payment","true","POINT (-122.52655 45.49687)"
"Springwater Commons","Springwater Commons","6430 SE 128th Avenue","Portland","97236","Multnomah","Single Site","Active","3","24","48","Multi-Family Residential Rental","2004",,"Income Property Management (Portland)",,"Foster Townhomes Limited Partnership",,"36",,"2",,,"0","1","0","0","13","23",,,,"35",,,"-",,"10/11/2004","01/01/2064",,,,,,,,,,,"01/01/2064",,"true","POINT (-122.5317 45.47631)"
"85 Stories Group 7 (4 Scattered-Sites)","Eastwood Court","18270 SE Yamhill Street","Gresham","97233","Multnomah","Scattered","In Development","0","0","0","Multi-Family Residential Rental",,,"Home Forward Property Management","Home Forward","Home Forward","Housing Authority","32","32",,,"0",,,"115","58","36","0",,,,,,,,"28/05/2021",,,,,,,,,,,,,,,"true","POINT (-122.4748 45.51506)"
"Allen Fremont Plaza","Allen Fremont Plaza","221 NE Fremont Street","Portland","97212","Multnomah","Single Site","Active","3","22","43","Elderly Apartments","1997",,"REACH Community Development, Inc.",,"REACH Allen-Fremont LLC","Non-Profit","64",,,,,,,"64",,,"0",,,"12","51","1",,"-",,"07/25/1995",,"05/01/2047",,,,"05/01/2047",,,,,,"05/01/2047",,"true","POINT (-122.66317 45.54826)"
"Vibrant!","Vibrant!","1620 NW 14th Avenue","Portland","97209","Multnomah","Single Site","Active","1","17","33","Multi-Family Residential Rental","2018",,"Income Property Management (Portland)","Innovative Housing Inc","Raleigh Housing Limited Partnership","Non-Profit","93","40","7","93","20","0",,"0","29","32","0","0","5","0","14","73","0","0","22/06/2017","06/01/2017","12/31/2049",,,,,,,,"11/01/2048",,,"12/31/2049",,"true","POINT (-122.68561 45.53447)"
"Hattie Redmond Apartments fka Baldwin Project","Hattie Redmond Apartments","7656-7688 N Interstate Ave","Portland","97217","Multnomah","Scattered","Active","3","22","44","Multi-Family Residential Rental","2022",,"Home Forward Property Management","Home Forward","Baldwin PSH Limited Partnership","Housing Authority","60","60","3","60","60","60","60","0","0","0","0","0","0","0","60","0","0","0","30/09/2021","02/21/2023","02/21/2053",,,,,,,,"02/21/2053",,,"02/21/2053",,"true","POINT (-122.68199 45.57876)"
"Miraflores","Miraflores","8917 N Newell Avenue","Portland","97203","Multnomah","Single Site","Active","3","22","44","Multi-Family Residential Rental","2010",,"Cascade Management, Inc. (Portland)","Hacienda CDC","Miraflores Development Limited Partnership",,"32","8","2","10",,"0",,"0","12","16","4",,,"18","13","1",,"-","16/05/2023","05/29/2009",,"01/01/2069",,"12/15/2029",,,,,,,,"01/01/2069",,"true","POINT (-122.73269 45.5873)"
"Hazelwood Community Apartments","Hazelwood Community Apartments","11939 NE Davis Street","Portland","97220","Multnomah","Single Site","Active","3","24","47","Elderly Apartments","1997",,"Viridian Management, Inc","BFI Properties, LLC","Hazelwood Group LLC",,"120","0",,,,,"28","68","24",,"0",,,"24",,,,"-",,"04/07/1997",,,,,,,,,"07/15/2043",,,"07/15/2043",,"true","POINT (-122.53952 45.52417)"
"Minnesota Places","Minnesota Places","1208 N Jessup St.","Portland","97217","Multnomah","Single Site","In Development","3","22","44","Multi-Family Residential Rental",,,,"PDX Signature Properties",,,"71","0","2","69","0",,,,,,"0","0","0","0","71","0","0","0","07/04/2022",,,,,,,,,,,,,,,"true","POINT (-122.67948 45.56407)"
"Grace Peck Terrace","Grace Peck Terrace","1839 NE 14th Avenue","Portland","97212-4331","Multnomah","Single Site","In Development","3","22","43","0","1979",,,"Home Forward","Home Forward","Housing Authority","95","95","0","0","0",,,"95",,,"0",,,,,,,,"26/04/2023",,,,,,,,,,,,,,,"true","POINT (-122.65149 45.53595)"
"Macdonald West Apts","Macdonald West Apts","127 NW 6th Avenue","Portland","97209","Multnomah","Single Site","Active","1","17","33","Multi-Family Residential Rental","2012",,"Income Property Management (Portland)",,"MacDonald West Limited Partnership",,"42",,"3",,"0",,"42",,,,"0","0","0","42","0","0","0","0",,"11/27/2012",,"11/27/2072",,,,"12/07/2070",,,,,,"11/27/2072",,"true","POINT (-122.67647 45.52419)"
"Douglas Meadows","Douglas Meadows","2645 SE 127th  Avenue","Portland","97236","Multnomah","Single Site","Active","3","24","48","Multi-Family Residential Rental","2003",,"Pinehurst Management, LLC",,"Human Solutions, Inc. dba Our Just Future","Non-Profit","8",,"0",,,"0",,"0","0","6","2",,,"8",,,,"-",,"06/25/2001",,,,"07/25/2023",,"06/25/2061",,,,,,"06/25/2061",,"true","POINT (-122.53302 45.50309)"
"Bellrose Station","Bellrose Station","7901 SE 92nd","Portland","97266","Multnomah","Single Site","Active","5","23","46","Multi-Family Residential Rental",,,"Quantum Residential Inc.",,"Rose Community Development Corporation","Non-Profit","40",,"0",,"10",,,,"30","10","0","7","0","28","5","0","0","0",,"05/09/2011",,,,,,"03/20/2072",,,,,,"03/20/2072",,"true","POINT (-122.56864 45.46585)"
"Francis + Clare","Francis + Clare","1131 SE Oak Street","Portland","97214","Multnomah","Single Site","In Development","0","0","0","Multi-Family Residential Rental",,,,"Catholic Charities",,,"61","61","0","0","61",,,,,,"0",,,,,,,,"22/06/2023",,,,,,,,,,,,,,,"true","POINT (-122.65436 45.52006)"
"Centennial Place Apts","Centennial Place Apartments","3800 SE 164th Avenue","Portland","97236","Multnomah","Scattered","Active","0","0","0","Multi-Family Residential Rental","2022",,"Cascadia Health","Cascadia Housing Inc","Centennial Housing Limited Partnership",,"71","18","4","71",,,"15","32","24",,"0","3",,,"68",,,,"28/05/2021","05/28/2021",,"12/31/2082",,"05/28/2041","12/31/2083",,,,"12/31/2082",,,"12/31/2083",,"true","POINT (-122.49449 45.49504)"
"Meridian Gardens","Meridian Gardens","11312- 11320 & 11250 SE Division St.","Portland","97266","Multnomah","Single Site","In Development","0","0","0","0",,,,"Central City Concern",,,"85","130","5","85","65",,,,,,"0",,,,,,,,"13/07/2023",,,,,,,,,,,,,,,"true","POINT (-122.54685 45.50416)"
"Alder 9","Alder 9","820 SE Alder St","Portland","97214","Multnomah","Single Site","In Development","0","0","0","0",,,,"Related Northwest",,,"20","20","8","159","25",,,,,,"0",,,,,,,,"19/01/2023",,,,,,,,,,,,,,,"true","POINT (-122.65698 45.51793)"
"Tistilal Village","Tistilal Village","7651 N Hereford Ave","Portland","97209","Multnomah","Single Site","Active","3","22","44","Multi-Family Residential Rental","1973",,,"Native American Youth and Family Center","Sawash Housing LLC",,"34","0",,,,,,,"34",,"0",,,"28",,"6",,"-","31/03/2023","07/22/1998",,,,,,"07/22/2058",,,,,,"07/22/2058",,"true","POINT (-122.72208 45.58248)"
"Helen Ann Swindells Bldg","Helen Ann Swindells Bldg","10 NW Broadway","Portland","97209","Multnomah","Single Site","Active","1","17","33","Multi-Family Residential Rental","1994",,"Pinehurst Management, LLC",,"Home Forward","Housing Authority","105",,,,,"105","105","0","0","0","0",,,"105",,,,"-",,"11/02/1993",,"01/01/2053",,,,"11/02/2053",,,,,,"11/02/2053",,"true","POINT (-122.67746 45.52333)"
"Fountain Place","Fountain Place","929 SW Salmon Street","Portland","97205","Multnomah","Single Site","Active","1","17","33","Multi-Family Residential Rental","1914","2,022","Pinehurst Management, LLC","Home Forward","Fountain Place Apartments Limited Partnership","Housing Authority","80","20","0","74","0","62","62","15","3","0","0","0","5","5","64","0","0","0","26/03/2020","12/19/2003","12/31/2051",,,,"12/31/2082",,,,"12/31/2081",,,"12/31/2082",,"true","POINT (-122.68287 45.51792)"
"Magnolia Apartments Phase II","Magnolia Apartments II","415 NE Fargo Street","Portland","97212","Multnomah","Scattered","Active","0","0","0","Multi-Family Residential Rental","2019",,"Income Property Management (Portland)","Innovative Housing Inc.","Magnolia 2 Limited Partnership",,"50","0","3","50",,,,"17","23","10","0",,,,"50",,,,"21/11/2018","11/01/2018","12/31/2050",,,,,,"11/15/2063",,"11/01/2048",,,"11/15/2063",,"true","POINT (-122.66137 45.54638)"
"5020 N Interstate","5020 N Interstate","5020 N Interstate Ave","Portland","97217","Multnomah","Single Site","In Development","0","0","0","0",,,,"Community Development Partners / Self Enhancement, Inc.",,,"63","0","4","63",,,,,,,"0",,,,,,,,"28/07/2022",,,,,,,,,,,,,,,"true","POINT (-122.68218 45.55933)"
"Cedar Commons fka Division St Apts",,"11450 SE Division Street","Portland","97266","Multnomah",,"Active","3","24","48","Multi-Family Residential Rental",,,,,"Related Northwest",,"60",,,,"40",,,,,,,"0","40","0","20","0","0","0",,,,,,,,,,,"12/31/2052",,,"12/31/2052",,"false","POINT (-122.54599 45.50416)"
"The Bria Phase II (146th Apartments II)","The Bria Phase II (146th Apartments II)","51 NE 146th Avenue","Portland","97230","Multnomah","Scattered","In Development","0","0","0","Multi-Family Residential Rental",,,,"Home First Development","146th II Apartments Limited Partnership",,"29","0","2","8","0",,,,,,"0",,,,,,,,"28/02/2024",,,,,,,,,,,,,,,"true","POINT (-122.51324 45.5232)"
"Fremont Manor","Fremont Manor","221 N Fremont Street","Portland","97227-1453","Multnomah","Scattered","Active","3","22","43","Multi-Family Residential Rental","1968","2,022","Arrowhead Housing Inc.","Community Preservation Partners LLC","Fremont Manor Community Partners LP",,"28","28","2","28","0",,,"18","9","1","0",,,,"28",,,,"16/02/2022","08/29/2022","12/31/2054",,,,,,,,"12/31/2053",,,"12/31/2054",,"true","POINT (-122.66845 45.54824)"
"Greenview Terrace","Greenview Terrace","620 SE 148th Avenue","Portland","97233","Multnomah","Single Site","Active","3","24","47","Multi-Family Residential Rental",,,"Quantum Residential Inc.",,"Rose Community Development Corporation","Non-Profit","31",,"2",,"0",,,"20","11",,"0","5","0","26","0","0","0","0",,"02/13/2013",,,,"12/19/2033",,"01/01/2074",,,"01/01/2074",,,"01/01/2074",,"true","POINT (-122.51073 45.51815)"
"Anna Mann","Anna Mann","1021 NE 33rd Ave","Portland","97212","Multnomah","Single Site","In Development","1","21","42","Multi-Family Residential Rental",,,"Income Property Management (Portland)","Innovative Housing Inc","Anna Mann Limited Partnership",,"129","54","10","129","12","0",,"66","49","13","1","42","0","0","86","0","0","0","30/11/2021",,,,,,,,,,,,,,,"true","POINT (-122.63132 45.52982)"
"Cascade Crossing","Cascade Crossing","10535 E Burnside","Portland","97216","Multnomah","Single Site","Active","3","24","47","Multi-Family Residential Rental","1999",,"Pinehurst Management, LLC",,"Cascade Crossing Development LLC",,"74",,,,,"0",,"16","32","26","0",,,,"74",,,"-",,"10/26/1999",,"01/01/2060",,,,,,,,,,"01/01/2060",,"true","POINT (-122.55437 45.52268)"
"Troutdale Apartments","Troutdale Apartments","SW Kendall and SW 2nd","Troutdale","97060","Multnomah","Single Site","In Development","0","0","0","0",,,,"Home Forward",,,"94","25","5","0","0",,,,,,"0",,,,,,,,"26/06/2024",,,,,,,,,,,,,,,"true",
"Hill Park Apartments","Hill Park Apartments","110 SW Arthur Street","Portland","97201","Multnomah","Single Site","Active","1","14","28","Multi-Family Residential Rental","2017",,"Central City Concern",,"1st and Arthur Limited Partnership","Non-Profit","39",,"2",,"0","17","17","22","0","0","0","4","0","0","35","0","0","0",,"05/01/2016","09/07/2047",,,,,,,,"06/01/2078",,,"06/01/2078",,"true","POINT (-122.67911 45.50371)"
"Strong Family Project","Strong Family Project","TBD","Portland",,"Multnomah","Single Site","In Development","0","0","0","Multi-Family Residential Rental",,,,"CDP Oregon LLC",,,"75","0","5","0","0",,,,,,"0",,,,,,,,"22/08/2024",,,,,,,,,,,,,,,"true",
"Louisa Flowers, The (fka NE Grand)","Louisa Flowers, The","515 NE Holladay Street","Portland","97232","Multnomah","Scattered","Active","0","0","0","Multi-Family Residential Rental","2019",,"Pinehurst Management, LLC","Home Forward","Lloyd Housing Limited Partnership",,"240","20","24","240",,,"88","109","43",,"0",,,,"240",,,,"18/12/2017","10/15/2019","12/31/2051",,,,,,,,,,,"12/31/2051",,"true","POINT (-122.66051 45.53001)"
"Fairfield","Fairfield","1103-1121 SW Harvey Milk Street","Portland","97205","Multnomah","Single Site","In Development","3","22","43","0",,,,"Home Forward",,,"75","75","63","21","75","75",,"0","0","0","0","46","0","0","29","0","0","0","06/04/2023",,,,,,,,,,,,,,,"true","POINT (-122.68252 45.5224)"
"Traditions at Hazelwood (fka Polaris at Hazelwood)","Traditions at Hazelwood (fka Polaris at Hazelwood)","10413, 10425, 10439 E Burnside St","Portland","97216","Multnomah","Single Site","In Development","3","24","47","Multi-Family Residential Rental",,,"FPI Management, Inc.","Inland Oregon, LLC","Traditions at Hazelwood LLC",,"211","0","12",,"0","13",,"119","79","0","0","0","0","0","221","0","0","0","16/12/2021",,,,,,,,,,,,,,,"true","POINT (-122.55532 45.5227)"
"Cherry Blossom","Cherry Blossom","10570 Cherry Blossom Drive","Portland","97216","Multnomah","Single Site","Active","3","24","47","Multi-Family Residential Rental","1996",,"BCC Corporation",,"BENY Apartments Limited Partnership","For-Profit","120",,,,,"0",,"24","75","21","0",,,,"120",,,"-",,"06/01/1996","01/01/2026",,,,,,,,,,,"01/01/2026",,"true","POINT (-122.55521 45.51542)"
"Roselyn Apartments","Roselyn Apartments","424 NW 21st Avenue","Portland","97209","Multnomah","Single Site","Active","1","17","33","Elderly-Disabled","2010",,"Income Property Management (Portland)",,"Roselyn Renewal LLC","Non-Profit","31","31",,,"0","30","31","1","0","0","0","0","0","0","30","1","0","0",,"07/10/2009",,"01/01/2070",,"07/08/2030",,"07/10/2069",,,"01/11/2070","05/25/2029",,"01/11/2070","Housing Assistance Payment","true","POINT (-122.69412 45.52581)"
"Hopewell Apartments","Hopewell Apartments","1252 SW Cheltenham Street","Portland","97219","Multnomah","Single Site","Active","1","14","28","Multi-Family Residential Rental",,,"Cascadia Health",,"Ecunet Housing, Inc.","Non-Profit","12","11",,,,"0",,"8","3","0","0",,,"12",,,,"-",,"12/23/1994",,,,,,"12/23/2034",,,,"06/30/2025",,"12/23/2034","Project Rental Assistance Contract","true","POINT (-122.6926 45.48037)"
"Alberta Alive","Alberta Alive","4957 NE 8th","Portland","97211","Multnomah","Single Site","In Development","3","22","43","0",,,"Guardian Real Estate Services, LLC","Community Development Partners/Self Enhancement, Inc.","Alberta Alive Limited Partnership",,"52","25",,,"25",,,,,,"0","36","0","16","0","0","0","0","07/12/2021",,,,,,,,,,,,,,,"true","POINT (-122.65753 45.55895)"
"Gresham Recovery Center","Gresham Recovery Center","CONFIDENTIAL","Portland","97233","Multnomah","Single Site","Active","3","25","50","Elderly-Disabled",,,"CODA Properties LLC",,"CODA Properties LLC","For-Profit","18",,,,,,,"33","1",,"0",,,"7",,,,"-",,"02/17/1994",,,,,,"02/17/2024",,,"02/15/2027",,,"02/15/2027",,"true",
"146th East & West",,"14603 & 14525 E Burnside St","Portland",,"Multnomah",,"Active","3","24","47","Multi-Family Residential Rental",,,,,"AHN-E 146th LLC",,"116","0",,,"0","0",,"91","24","0","0","0","0","0","116","0","0","0",,,"01/01/2077",,,,,,,,"06/01/2077",,,"06/01/2077",,"false","POINT (-122.51347 45.5224)"
"Cedar Meadows","Cedar Meadows","645 SE Kane Drive","Gresham","97080","Multnomah","Single Site","Active","3","25","50","Multi-Family Residential Rental","1995",,"Pinehurst Management, LLC",,"HS Cedars LLC",,"19",,,,,"0",,"0","5","13","1",,,,"19",,,"-",,"02/08/1994",,"10/11/2050",,,,"10/11/2050",,,,,,"10/11/2050",,"true","POINT (-122.39883 45.49293)"
"Buckman Heights","Buckman Heights","430 NE 16th Avenue","Portland","97232","Multnomah","Single Site","Active","1","21","42","Multi-Family Residential Rental","1998",,"Guardian Real Estate Services, LLC",,"GM Buckman Heights, LLC","For-Profit","144",,"0",,,"60","62","64","20","0","0",,,,"118",,,"-",,"07/28/1998","01/01/2028",,,,,,,,"04/15/2034",,,"04/15/2034",,"true","POINT (-122.64903 45.52563)"
"Killingsworth Housing","Killingsworth Housing","4317 NE Killingsworth St","Portland","97218-1403","Multnomah","Single Site","In Development","3","22","43","0",,,,"Home Forward",,,"84","12","11","84","0","18",,"6","45","15","0","26","6","6","46","0","0","0","08/02/2024",,,,,,,,,,,,,,,"true","POINT (-122.61873 45.5628)"
"CSP Park Tower Apartments","CSP Park Tower Apartments","731 SW Salmon Street","Portland","97205-3041","Multnomah","Single Site","Active","1","17","33","Elderly-Disabled","2013",,"Schnitzer Properties",,"CSP-Park Lexington Limited Partnership","Non-Profit","162","162","0",,"0","140","140","22","0","0","0","162","0","0","0","0","0","0",,"12/31/2013","01/01/2074",,,"06/30/2034","01/01/2074",,,,"01/15/2075","12/18/2032",,"01/15/2075","Housing Assistance Payment","true","POINT (-122.6814 45.51753)"
"Belmont Dairy","Belmont Dairy","3340 SE Morrison Street","Portland","97209-4125","Multnomah","Single Site","Active","1","21","42","Multi-Family Residential Rental","1997",,,,"Belmont Dairy Preservation Partners LLC","For-Profit","85",,"0",,,,"20","46","19",,"0",,,,"65",,,"-",,"01/07/1997",,"01/01/2027",,,,,,,,,,"01/01/2027",,"true","POINT (-122.63023 45.51716)"
"Bridge Meadows Senior","Bridge Meadows Senior","4221 N Willis Blvd","Portland","97203","Multnomah","Single Site","Active","3","22","44","Multi-Family Residential Rental","2011",,"Horizon Property Management of Oregon, Inc.",,"Bridge Meadows",,"27",,"2",,"0",,,"23","4",,"0","1","0","26","0","0","0","0",,"05/24/2010",,"01/01/2072",,,,"11/15/2069",,,"12/31/2071",,,"01/01/2072",,"true","POINT (-122.7108 45.58403)"
"James Hawthorne (fka University Place)","James Hawthorne (fka University Place)","CONFIDENTIAL","Portland","97201","Multnomah","Single Site","Active","1","17","33","Multi-Family Residential Rental",,,"Horizon Property Management of Oregon, Inc.",,"Home Forward","Housing Authority","48",,"4",,"48",,"48",,,,"0","38","0","10","0","0","0","0",,"04/10/2009",,,,,,"04/10/2069",,,"04/10/2069",,,"04/10/2069",,"true",
"Park Vista","Park Vista","10918 SE Stark","Portland","97216","Multnomah","Single Site","Active","3","24","47","Multi-Family Residential Rental","2001",,"Cornerstone Residential LLC",,"TRC Park Vista LP",,"59",,,,,"7","7","17","8","17","10","6",,"53",,,,"-",,"06/22/1999",,"01/01/2061",,,,"06/22/2059",,,,,,"01/01/2061",,"true","POINT (-122.55039 45.51899)"
"Admiral Apartments","Admiral Apartments","910 SW Park Avenue","Portland","97205-3039","Multnomah","Single Site","Active","1","17","33","Elderly-Disabled","1980",,"REACH Community Development, Inc.",,"Wheeldon Admiral, LLC","Non-Profit","37","37","3",,"2","14","14","23","0","0","0","0","0","0","14","23","0","0",,"05/21/2010",,"01/01/2071",,"01/27/2031",,,,,,"09/30/2044",,"01/01/2071","Housing Assistance Payment","true","POINT (-122.6814 45.51805)"
"Fifth Avenue Court","Fifth Avenue Court","221 NW Fifth  Avenue","Portland","97209-4125","Multnomah","Single Site","Active","1","17","33","Multi-Family Residential Rental","1999",,"Cambridge Real Estate Services",,"221 NW Fifth Avenue LLC","For-Profit","96",,,,,"21","21","66","9","0","0",,,,"78",,,"-",,"07/04/1999","06/15/2030",,,,,,,,"06/15/2030",,,"06/15/2030",,"true","POINT (-122.67547 45.52485)"
"Shaver Green Apartments","Shaver Green Apartments","375 NE Shaver Street","Portland","97212","Multnomah","Single Site","Active","3","22","43","Multi-Family Residential Rental","2009",,"Cascade Management, Inc. (Portland)",,"Shaver Green Limited Partnership",,"85",,"85",,"8","0",,"59","25","1","0","4","0","60","20","0","0","0",,"05/15/2009","05/15/2069",,,"03/30/2021",,"03/12/2070",,,"11/15/2039",,,"03/12/2070",,"true","POINT (-122.66191 45.55206)"
"The Terrace at Columbia Knoll","The Terrace at Columbia Knoll","8200 NE Sandy Blvd","Portland","97201","Multnomah","Single Site","Active","3","23","45","Multi-Family Residential Rental","2005",,"Princeton Property Management",,"SIR Columbia Knoll Assoc LP",,"118",,"0",,,,,"47","35","36","0","8",,"10","100",,,"-",,"08/03/2005","01/01/2066",,,,,,,,"02/23/2046",,,"01/01/2066",,"true","POINT (-122.57723 45.55203)"
"85 Stories Group 7 (4 Scattered-Sites)","Fir Acres","19401-19463 SE Yamhill Street","Gresham","97233","Multnomah","Scattered","In Development","0","0","0","Multi-Family Residential Rental",,,"Home Forward Property Management","Home Forward","Home Forward","Housing Authority","32","32",,,"0",,,"115","58","36","0",,,,,,,,"28/05/2021",,,,,,,,,,,,,,,"true","POINT (-122.46319 45.51547)"
"Grand Oak Trio Grand Oaks Apartments","Grand Oak Trio Grand Oaks Apartments","418 SE Grand Avenue","Portland","97214","Multnomah","Single Site","Active","1","21","42","Multi-Family Residential Rental",,,"REACH Community Development, Inc.","REACH","REACH Got LLC","Non-Profit","42","0","0",,,,"3","39",,,"0","0","0","0","0","144","0","0",,"03/01/2013",,,,"03/01/2025",,,,,,,,"03/01/2025",,"true","POINT (-122.66074 45.51973)"
"Kafoury Commons","Kafoury Commons","1240 SW Columbia Street","Portland","97201","Multnomah","Single Site","Active","1","17","33","Multi-Family Residential Rental","2000",,"Pinehurst Management, LLC","Home Forward","Home Forward","Housing Authority","129","0","0","0",,"87","87","37","5","0","0",,,,"92",,,"-","29/08/2024","05/24/2000","01/01/2061",,,,,,,,,,,"01/01/2061",,"true","POINT (-122.68738 45.51609)"
"Lents 2000","Lents 2000","7704-16 SE Raymond","Portland","97206","Multnomah","Single Site","Active","5","23","46","Multi-Family Residential Rental","2003",,"Quantum Residential Inc.","ROSE Community Development","Lents 2000 Limited Partnership",,"36","0","0",,"0","0",,"5","20","11","0","3","11","1","21","0","0","0",,"09/19/2003",,"01/01/2064",,"05/21/2024",,"02/24/2063",,,"10/01/2076",,,"10/01/2076",,"true","POINT (-122.58406 45.48658)"
"Leander Court","Leander Court","4600 SE 122nd Avenue","Portland","97236","Multnomah","Single Site","Active","3","24","48","Multi-Family Residential Rental","2007",,"Quantum Residential Inc.",,"Leander Court Limited Partnership",,"37","0","3",,,"0",,"0","3","27","7","8","8","21",,,,"-",,"08/23/2007",,"01/01/2067",,"04/28/2028",,"01/09/2066",,,,,,"01/01/2067",,"true","POINT (-122.53776 45.48878)"
"CSP Lexington Apartments","CSP Lexington Apartments","1125 SW 12th Avenue","Portland","97205-2048","Multnomah","Single Site","Active","1","17","33","Elderly-Disabled","2013",,"Schnitzer Properties",,"CSP-Park Lexington Limited Partnership","For-Profit","54","54","0",,"0","53","53","1","0","0","0","54","0","0","0","0","0","0",,"12/19/2012","01/01/2074",,,"06/30/2034","01/01/2074",,,,"01/15/2075","12/18/2032",,"01/15/2075","Housing Assistance Payment","true","POINT (-122.68579 45.5175)"
"East Fair Terrace","East Fair Terrace","500 NW Division Street","Gresham","97030-5081","Multnomah","Single Site","Active","3","25","50","Elderly Apartments","1982",,"Guardian Real Estate Services, LLC","Guardian Development LLC","East Fair Terrace Limited Partnership",,"100","99","0",,,"0",,"94","5","0","0",,,,"100",,,"-",,"01/01/2005","01/01/2034",,,,,,,,"03/19/2034","03/31/2037",,"03/31/2037","Housing Assistance Payment","true","POINT (-122.4373 45.50448)"
"Glisan - PSH","Glisan - PSH","7450 NE Glisan Street","Portland","97213","Multnomah","Single Site","In Development","0","0","0","Multi-Family Residential Rental",,,,"Related NW and Catholic Charities",,,"41","82","4","41","41",,,,,,"0",,,,,,,,"30/05/2023",,,,,,,,,,,,,,,"true","POINT (-122.58643 45.52644)"
"Albina Corner","Albina Corner","409 NE San Rafael","Portland","97212","Multnomah","Single Site","Active","3","22","43","Multi-Family Residential Rental","1996",,"REACH Community Development, Inc.",,"Albina Corner Limited Partnership",,"48",,,,,,,"29","16","3","0",,,,"48",,,"-",,"04/08/1996",,"01/01/2036",,,,,,,,,,"01/01/2036",,"true","POINT (-122.66129 45.53706)"
"Kafoury Court Apartments","Kafoury Court Apartments","4080 NE Grand","Portland","97212","Multnomah","Single Site","In Development","3","22","43","Multi-Family Residential Rental",,,,"Portland Community Reinvestment Initiatives, Inc.",,,"40","30","6","40","30","5",,"35","0","0","0","30","0","0","10","0","0","0","23/02/2024",,,,,,,,,,,,,,,"true","POINT (-122.66054 45.55311)"
"Rockwood Building, The","Rockwood Building, The","124 NE 181st Avenue","Gresham","97030","Multnomah","Single Site","Active","3","25","49","Multi-Family Residential Rental","2011",,"American Management Services, DBA Pinnacle (Cushman & Wakefield)",,"Rockwood Housing Limited Partnership",,"47",,"4",,"15","4","7","19","20","4","0","0","0","28","14","4","0","1",,"12/18/2009",,"01/01/2073",,"03/23/2032",,"12/18/2069",,,"08/01/2071",,,"01/01/2073",,"true","POINT (-122.47714 45.5229)"
"Yards at Union Station A","Yards at Union Station A","945 NW Naito Parkway","Portland","97209","Multnomah","Single Site","Active","1","17","33","Multi-Family Residential Rental","1998",,"Pinehurst Management, LLC",,"Home Forward","Housing Authority","158",,,,,,"66","55","37",,"0",,,,"158",,,"-",,"03/26/1998","01/01/2028",,,,,,,,,,,"01/01/2028",,"true","POINT (-122.67557 45.53015)"
"M Carter Commons","M Carter Commons","TBD","Portland",,"Multnomah","Single Site","In Development","0","0","0","Multi-Family Residential Rental",,,,"Northwest Housing Alternatives",,,"62","11","38","63","0",,,,,,"0",,,,,,,,"30/01/2025",,,,,,,,,,,,,,,"true",
"Rosemont Town Homes","Rosemont Town Homes","597 N Dekum Street","Portland","97217","Multnomah","Single Site","Active","3","22","44","Multi-Family Residential Rental","2001",,"Income Property Management (Portland)",,"Rosemont Town Homes Associates LP","Non-Profit","18",,"1",,,,,,"4","12","2",,,,"18",,,"-",,"11/15/2001","01/01/2061",,,,,,,,"06/15/2042",,,"01/01/2061",,"true","POINT (-122.67279 45.57172)"
"Morrison, The","Morrison, The","1959 SW Morrison","Portland","97205","Multnomah","Single Site","Active","1","17","33","Multi-Family Residential Rental","2007",,"Income Property Management (Portland)",,"Civic Redevelopment Limited Partnership",,"140",,"0",,,"45","45","74","21","0","0","15",,"30","95",,,"-",,"11/16/2007","01/01/2068",,,,,,,,"02/15/2039",,,"01/01/2068",,"true","POINT (-122.69135 45.52247)"
"PCRI Scattered Site Project","PCRI Scattered Site Project","5319 NE 24th","Portland","97230","Multnomah","Single Site","Active","3","22","43","Multi-Family Residential Rental",,,"Portland Community Reinvestment Initiatives Inc",,"Portland Community Reinvestment Initiatives Inc","Non-Profit","10",,,,,,,,"8","2","0",,,"4","4",,,"-",,"11/11/1999",,,,"02/15/2022",,"11/11/2059",,,,,,"11/11/2059",,"true","POINT (-122.64089 45.56189)"
"Glisan Commons","Glisan Commons","555 NE 100th Avenue","Portland","97220","Multnomah","Single Site","Active","3","24","47","Multi-Family Residential Rental","2014",,"American Management Services, DBA Pinnacle (Cushman & Wakefield)",,"Glisan Commons Phase I Limited Partnesrhip",,"67",,"4",,"0",,"4","63",,,"0","4","0","2","61","0","0","0",,"01/22/2014",,"03/31/2075",,"11/25/2034",,"12/01/2073",,,,,,"03/31/2075",,"true","POINT (-122.56102 45.52696)"
"Hazel Ling Yee Apartments (fka Powell)","Hazel Ling Yee Apartments (fka Powell)","3000 SE Powell Blvd","Portland","97202","Multnomah","Single Site","In Development","0","0","0","0",,,,"Home Forward",,,"80","80","12","206","30",,,,,,"0",,,,,,,,"18/11/2021",,,,,,,,,,,,,,,"true","POINT (-122.63419 45.49705)"
"Esperanza Court","Esperanza Court","3611 SE 28th Avenue","Portland","97202","Multnomah","Single Site","Active","6","11","22","Multi-Family Residential Rental","2008",,"Guardian Management, LLC","Catholic Charities of Oregon","Esperanza Court Limited Partnership",,"70","14","5","0","14","0",,"28","42","0","0","0","0","55","15","0","0","0",,"02/15/2007",,"01/01/2069",,"04/09/2029",,"02/15/2067",,,"10/01/2068",,,"01/01/2069",,"true","POINT (-122.63813 45.4969)"
"New Meadows","New Meadows","4353 N Hunt Street","Portland","97203","Multnomah","Single Site","Active","3","22","44","Multi-Family Residential Rental","2018",,"New Avenues for Youth",,"New Meadows Property, LLC","Non-Profit","15",,,,"0","10","10","4","0","0","0","14","0","0","0","0","0","0",,"08/10/2017",,,,,"05/30/2078",,,,,,,"05/30/2078",,"true","POINT (-122.71208 45.58536)"
"Lafayette Court Apartments","Lafayette Court Apartments","8714 SE Lafayette Street","Portland","97266","Multnomah","Single Site","Active","3","23","46","Elderly Apartments",,,"Cascadia Health",,"Cascadia Health","Non-Profit","32",,,,,,"17","15",,,"0",,,"7",,,,"-",,"04/13/1992",,,,,,"04/13/2022",,,"12/15/2029",,,"12/15/2029",,"true","POINT (-122.57254 45.49645)"
"Amanda Court","Amanda Court","4537 & 4541 SE 122nd Ave","Portland","97236","Multnomah","Scattered","Active","0","0","0","Multi-Family Residential Rental","2023",,"Stewardship Development LLC","Amanda Court Limited Partnership","Amanda Court Limited Partnership",,"38","0",,"38",,,"8","17","11","2","0",,,,"38",,,,"30/06/2021","06/30/2021","12/31/2053",,,,,,,,"12/31/2053",,,"12/31/2053",,"true","POINT (-122.53775 45.48891)"
"72 Foster","72 Foster","5005 SE 72nd Avenue","Portland","97206","Multnomah","Single Site","Active","3","23","46","Multi-Family Residential Rental","2019",,"REACH Community Development, Inc.","REACH CDC","72nd and Foster LP","Non-Profit","101","20","6","101","0","66","66","14","12","9","0","0","20","0","81","0","0","0","26/09/2017","02/12/2019","12/31/2049",,,,,"05/01/2079",,,"05/01/2079",,,"05/01/2079",,"true","POINT (-122.58915 45.4864)"
"85 Stories Group 7 (4 Scattered-Sites)","Stark Manor","600-658 SE 217th Avenue","Gresham","97030","Multnomah","Scattered","In Development","0","0","0","Multi-Family Residential Rental",,,"Home Forward Property Management","Home Forward","Home Forward","Housing Authority","30","30",,,"0",,,"115","58","36","0",,,,,,,,"28/05/2021",,,,,,,,,,,,,,,"true","POINT (-122.43912 45.51784)"
"Gresham Station Apartments","Gresham Station Apartments","1957 NW Florence","Gresham","97030","Multnomah","Single Site","Active","3","25","50","Multi-Family Residential Rental","2005",,"GSL Properties, Inc.",,"Gresham Station Apartments LP",,"253",,"0",,,"3","3","155","95","0","0",,,"5","248",,,"-",,"07/01/2004","01/01/2037",,,,,,,,"08/28/2035",,,"01/01/2037",,"true","POINT (-122.44371 45.50978)"
"Nawikka Court Apartments","Nawikka Court Apartments","5110 SE 76th Avenue","Portland","97206","Multnomah","Single Site","Active","3","23","46","Elderly-Disabled","1988",,"Cascadia Health",,"Nawikka Court LLC","Non-Profit","16","15","1",,"0","0",,"15","0","0","0","0","0","15","0","0","0","0",,"06/01/2007","01/01/2047",,,,,"06/01/2037",,,"12/15/2047","04/30/2033",,"12/15/2047","Housing Assistance Payment","true","POINT (-122.58534 45.48586)"
"Starlight fka CCC Westwind Apartments","Starlight fka CCC Westwind Apartments","323-327 NW 6th Avenue","Portland","97209","Multnomah","Scattered","Active","0","0","0","Multi-Family Residential Rental","2022",,"Central City Concern","Central City Concern","CCC-Westwind Apartments Limited Partnership",,"100","70","4","100","70","72","28",,,,"0",,,,"100",,,,"13/05/2021","01/01/2023","12/31/2053",,,,,,,,"12/31/2053",,,"12/31/2053",,"true","POINT (-122.67652 45.52569)"
"Mamook Tokatee fka Going 42","Mamook Tokatee (aka Going 42)","4610 NE 42nd Avenue","Portland","97218","Multnomah","Scattered","Active","0","0","0","Multi-Family Residential Rental","2021",,"FPI Management, Inc.","Community Development Partners","Going 42 Limited Partnership",,"56","0","3","55",,,"6","33","7","10","0","29",,"22","5",,,,"29/07/2020","02/11/2022",,"02/11/2082",,,"02/11/2082",,,,"02/11/2032",,,"02/11/2082",,"true","POINT (-122.6204 45.55684)"
"Rosewood Plaza","Rosewood Plaza","18173 NE Couch St","Gresham","97030","Multnomah","Single Site","Active","3","25","49","Multi-Family Residential Rental","2016",,"American Management Services, DBA Pinnacle (Cushman & Wakefield)",,"Rosewood Plaza Limited Partnership","Non-Profit","45",,"3",,"0","0",,"11","27","4","3","4","0","17","24","0","0","0",,"10/14/2014",,"01/01/2077",,"12/22/2036","01/01/2076",,,,"05/08/2025",,,"01/01/2077",,"true","POINT (-122.47576 45.5227)"
"Kentonwood Dimensions","Kentonwood Dimensions","1603 N Willis Blvd","Portland","97217","Multnomah","Single Site","In Development","0","0","0","Multi-Family Residential Rental",,,,"Willis Apartments LLC",,,"44","0","6","6","0",,,,,,"0",,,,,,,,"11/02/2022",,,,,,,,,,,,,,,"true","POINT (-122.6835 45.58382)"
"Clinton Ridge Apartments","Clinton Ridge Apartments","2730 SE 92nd Avenue","Portland","97266","Multnomah","Single Site","Active","3","23","46","Disabled Apartments","2003",,"Cascadia Health",,"Cascadia Behavioral Healthcare, Inc.","Non-Profit","29",,"29",,"0","12","14","16","1","0","0","28","0","0","0","0","0","0",,"02/05/2002",,"01/01/2063",,,,"02/05/2062",,,,,,"01/01/2063",,"true","POINT (-122.56808 45.5018)"
"Ainsworth Court","Ainsworth Court","1515 N Ainsworth","Portland","97217","Multnomah","Single Site","Active","3","22","44","Multi-Family Residential Rental",,,"Income Property Management (Portland)",,"Ainsworth Court, LLC","Housing Authority","88",,,,"0","0",,"64","24","0","0","0","0","22","66","0","0","0",,"02/04/2011",,,,,"08/31/2071",,,,,,,"08/31/2071",,"true","POINT (-122.68335 45.56631)"
"Beyer Court","Beyer Court","9305 SE Harold Street","Portland","97266","Multnomah","Single Site","Active","3","23","46","Multi-Family Residential Rental",,,"Quantum Residential Inc.",,"Rose Community Development Corporation","Non-Profit","14",,,,,,,,"14",,"0",,,"10",,"4",,"-",,"08/23/1999",,,,,,"08/23/2059",,,,,,"08/23/2059",,"true","POINT (-122.56769 45.48292)"
"Lawrence, the fka 148th Apartments","148th Apartments","208 SE 148th Ave","Portland",,"Multnomah","Scattered","Active","3","24","47","Multi-Family Residential Rental","2022",,"Guardian Management, LLC","Home First Development / Green Light Development","148th Apartments Limited Partnership",,"96","10","5","0","10","0",,"16","20","60","0","10","0","0","86","0","0","0","19/05/2022","05/19/2022","12/31/2054",,,"12/31/2044",,,"12/31/2054",,"12/31/2054",,,"12/31/2054",,"true","POINT (-122.51024 45.52092)"
"Lincoln Woods","Lincoln Woods","2333 SE 130th Avenue","Portland","97233","Multnomah","Single Site","Active","3","24","47","Multi-Family Residential Rental","2006",,"Pinehurst Management, LLC","Human Solutions, Inc. dba Our Just Future","Lincoln Woods Housing Limited Partnership",,"70","0","4",,,"0",,"18","8","29","15","18","50","2",,,,"-",,"12/27/2006",,"01/01/2067",,"11/19/2027",,"01/07/2065",,,"12/21/2066",,,"01/01/2067",,"true","POINT (-122.53038 45.50486)"
"Twelfth Avenue Terrace","Twelfth Avenue Terrace","1529 SW 12th Avenue","Portland","97201","Multnomah","Single Site","Active","1","17","33","Multi-Family Residential Rental","1994",,"REACH Community Development, Inc.",,"Elderhope Limited Partnership",,"119",,,,,"120","118","0","0","0","0",,,"119",,,,"-",,"06/23/1994",,"01/01/2054",,,,,,,"05/15/2035",,,"01/01/2054",,"true","POINT (-122.68721 45.51488)"
"Hawthorne East","Hawthorne East","1420 SE 16th","Portland","97214","Multnomah","Single Site","Active","1","21","42","Elderly-Disabled","2016",,"Income Property Management (Portland)",,"Hawthorne Renewal Limited Partnership","Non-Profit","71","71","4",,"0","0",,"71","0","0","0","0","0","70","0","0","0","0",,"02/12/2016",,"12/16/2077",,"05/04/2035","10/13/2076",,,,"10/13/2076","01/31/2036",,"12/16/2077","Housing Assistance Payment","true","POINT (-122.6496 45.51236)"
"MUSEUM PLACE SOUTH",,"1030 SW JEFFERSON ST","PORTLAND","97201","MULTNOMAH","Single Site","Active","1","17","33","Multi-Family Residential Rental",,,,,,,"140",,,,,,,,,,,"-","-","-","-","-","-","-",,,,,,,,,,,,,,,,"false","POINT (-122.68519 45.51552)"
"TAGGART MANOR",,"8018 SE TAGGART ST","PORTLAND","97206","MULTNOMAH","Single Site","Active","3","23","46","Multi-Family Residential Rental","2002",,"CENTRAL CITY CONCERN",,,,"24",,,,,,,,,,,"-","-","-","-","-","-","-",,,,,,,,,,,,,,,,"false","POINT (-122.58022 45.50215)"
"NORTH WILLIAMS APTS",,"2124 N WILLIAMS AVE","PORTLAND","97227","MULTNOMAH","Single Site","Active","3","22","43","Multi-Family Residential Rental",,,,,"Bridge Housing","Non-Profit","61",,"4",,,"0",,"9","34","17","0","-","-","-","-","-","-","-",,,,,,,,,,,,,,,,"false","POINT (-122.66671 45.53854)"
"ROSE CITY CONDOS",,"(UNKNOWN)","PORTLAND","97266","MULTNOMAH","Single Site","Active","3","22","43","Multi-Family Residential Rental",,,"COLUMBIACARE SERVICES INC.",,,,"4",,,,,,,,,,,"-","-","-","-","-","-","-",,,,,,,,,,,,,,,,"false",
"915 SE MALL ST",,"915 SE MALL ST","PORTLAND","97202","MULTNOMAH","Single Site","Active","3","21","42","Multi-Family Residential Rental",,,,,,,"4",,,,,,,,,,,"-","-","-","-","-","-","-",,,,,,,,,,,,,,,,"false","POINT (-122.65481 45.49141)"
"9121 N BURR AVE",,"9121 N BURR AVE","PORTLAND","97203","MULTNOMAH","Single Site","Active","3","22","44","Multi-Family Residential Rental",,,,,,,"107",,,,,,,,,,,"-","-","-","-","-","-","-",,,,,,,,,,,,,,,,"false","POINT (-122.74028 45.59121)"
"550 NE FARGO",,"550 NE FARGO ST","PORTLAND","97212","MULTNOMAH","Single Site","Active","3","22","43","Multi-Family Residential Rental",,,,,,,"2",,,,,,,,,,,"-","-","-","-","-","-","-",,,,,,,,,,,,,,,,"false","POINT (-122.65948 45.54637)"
"1712 SE STARK ST",,"1712 SE STARK ST","PORTLAND","97214","MULTNOMAH","Single Site","Active","1","21","42","Multi-Family Residential Rental",,,,,"PH LLC","Non-Profit","2",,,,,,,,,,,"-","-","-","-","-","-","-",,,,,,,,,,,,,,,,"false","POINT (-122.64814 45.51933)"
"JUBILEE REDWOODS I",,"1249 N PRESCOTT ST","PORTLAND","97217","MULTNOMAH","Single Site","Active","3","22","44","Multi-Family Residential Rental","1997",,,,,,"8",,,,,,,,,,,"-","-","-","-","-","-","-",,,,,,,,,,,,,,,,"false","POINT (-122.67979 45.55548)"
"FESSENDEN COURT",,"7936 N FESSENDEN ST","PORTLAND","97203","MULTNOMAH","Single Site","Active","3","22","44","Multi-Family Residential Rental",,,,,,,"9",,,,,,,,,,,"-","-","-","-","-","-","-",,,,,,,,,,,,,,,,"false","POINT (-122.74476 45.59574)"
"2425 SE YAMHILL ST",,"2425 SE YAMHILL ST","PORTLAND","97214","MULTNOMAH","Single Site","Active","1","21","42","Multi-Family Residential Rental","1996",,"REACH COMMUNITY DEVELOPMENT INC",,"HOME FORWARD","Housing Authority","2",,,,,,,,,,,"-","-","-","-","-","-","-",,,,,,,,,,,,,,,,"false","POINT (-122.64085 45.51574)"
"Vera, The","Vera, The","2095 SW RIVER PARKWAY","PORTLAND","97201","MULTNOMAH","Scattered","Active","1","14","28","Multi-Family Residential Rental","2019",,"BRIDGE Property Management Company","BRIDGE Housing","RiverPlace 3 Housing Limited Partnership","Non-Profit","375","80","11","203","20","70","69","81","47","5","0","10","0","0","191","0","0","0",,"12/01/2017","04/01/2050",,,,,,,,"04/01/2080",,,"04/01/2080",,"true","POINT (-122.67387 45.5071)"
"HOLGATE PROJECT",,"12012 SE HOLGATE BLVD","PORTLAND","97266","MULTNOMAH","Single Site","Active","3","24","48","Multi-Family Residential Rental",,,"CASCADE MANAGEMENT CORP.",,,,"10","10",,,,"10",,"0","0","0","0","-","-","-","-","-","-","-",,,,,,,,,,,,"05/31/2026",,"05/31/2026","Housing Assistance Payment","false","POINT (-122.5396 45.48966)"
"1638 SE ANKENY ST",,"1638 SE ANKENY ST","PORTLAND","97214","MULTNOMAH","Single Site","Active","1","21","42","Multi-Family Residential Rental",,,,,"CENTRAL CITY CONCERN","Non-Profit","3",,,,,,,,,,,"-","-","-","-","-","-","-",,,,,,,,,,,,,,,,"false","POINT (-122.64875 45.52219)"
"Powell Boulevard Apartments","Powell Boulevard Apartments","2101 SE POWELL BLVD","PORTLAND","97202","MULTNOMAH","Scattered","Active","1","21","42","Disabled",,,"REACH Community Development, Inc.",,"Powell Boulevard Apartments, Inc.","Non-Profit","20","19",,,,"3","3","14","2","0","0",,,"19",,,,"-",,"07/24/1996",,,,,,"07/24/2026",,,,"06/30/2025",,"07/24/2026","Project Rental Assistance Contract","true","POINT (-122.64442 45.49929)"
"1455 NE GOING ST",,"1455 NE GOING ST","PORTLAND","97211","MULTNOMAH","Single Site","Active","3","22","43","Multi-Family Residential Rental","2001",,,,"RELAY RESOURCES","Non-Profit","8",,,,,,,,,,,"-","-","-","-","-","-","-",,,,,,,,,,,,,,,,"false","POINT (-122.6505 45.55635)"
"Rockwood Village (fka Rockwood 10)","Rockwood Village","783 SE 185TH AVE","GRESHAM","97030","MULTNOMAH","Scattered","Active","3","25","50","Multi-Family Residential Rental","2021",,"Guardian Real Estate Services, LLC","Community Development Partners","Rockwood 10 Limited Partnership","For-Profit","224","0","11","224",,"0",,"80","62","62","20",,,,"90","134",,"-","20/12/2019","08/24/2021","12/31/2052",,,,"12/31/2051",,,,"12/31/2051",,,"12/31/2052",,"true","POINT (-122.47282 45.51719)"
"CENTRAL STATION",,"777 NE 8TH ST","GRESHAM","97030","MULTNOMAH","Single Site","Active","3","25","50","Multi-Family Residential Rental",,,"QUADRIPLEGICS UNITED AGAINST DEPENDENCY, INC.",,,,"23","22",,,,"0",,"17","5","0","0","-","-","-","-","-","-","-",,,,,,,,,,,,"01/31/2025",,"01/31/2025","Project Rental Assistance Contract","false","POINT (-122.42309 45.50298)"
"ROSELAWN COTTAGE & LODGE",,"913 NE ROSELAWN ST","PORTLAND","97211","MULTNOMAH","Single Site","Active","3","22","43","Multi-Family Residential Rental","2002",,"ASHLEY INVESTMENTS LLC",,,,"8",,,,,,,,,,,"-","-","-","-","-","-","-",,,,,,,,,,,,,,,,"false","POINT (-122.65605 45.56123)"
"CARITAS PLAZA",,"2830 N WILLIAMS AVE","PORTLAND","97227","MULTNOMAH","Single Site","Active","3","22","43","Multi-Family Residential Rental",,,"CASCADE MANAGEMENT CORP.",,,,"30","29",,,,"9",,"18","2","0","0","-","-","-","-","-","-","-",,,,,,,,,,,,"03/31/2038",,"03/31/2038","Housing Assistance Payment","false","POINT (-122.66667 45.54315)"
"FREMONT MANOR",,"233 N FREMONT ST","PORTLAND","97227","MULTNOMAH","Single Site","Active","3","22","43","Multi-Family Residential Rental","1999",,"NORRIS & STEVENS",,,,"28","28",,,,"0",,"18","9","1","0","-","-","-","-","-","-","-",,,,,,,,,,,,"02/28/2042",,"02/28/2042",,"true","POINT (-122.6687 45.54824)"
"FIR ACRES",,"19401 SE YAMHILL ST","PORTLAND","97233","MULTNOMAH","Single Site","Active","3","25","50","Multi-Family Residential Rental","2010",,"HOME FORWARD",,,,"32",,,,,,,,,,,"-","-","-","-","-","-","-",,,,,,,,,,,,,,,,"false","POINT (-122.46319 45.51547)"
"GENERATIONS FOSTER ELEMENTRY SCHOOL",,"5205 SE 86TH AVE","PORTLAND","97266","MULTNOMAH","Single Site","Active","3","23","46","Multi-Family Residential Rental",,,,,,,"5",,,,,,,,,,,"-","-","-","-","-","-","-",,,,,,,,,,,,,,,,"false","POINT (-122.57493 45.48491)"
"426 NE TILLAMOOK ST",,"426 NE TILLAMOOK ST","PORTLAND","97212","MULTNOMAH","Single Site","Active","3","22","43","Multi-Family Residential Rental",,,,,"ROSE COMMUNITY DEVELOPMENT","Non-Profit","2",,,,,,,,,,,"-","-","-","-","-","-","-",,,,,,,,,,,,,,,,"false","POINT (-122.66102 45.53789)"
"RAMONA APTS",,"1350 NW RALEIGH ST","PORTLAND","97209","MULTNOMAH","Single Site","Active","1","17","33","Multi-Family Residential Rental","2018",,"NURTURE 247 DEVELOPMENT LLC",,"Bridge Northwest Development",,"138",,"0",,"0","4",,"4","60","70","0","0","0","0","138","0","0","0",,,"01/01/2042",,,,,,,,"02/01/2042",,,"02/01/2042",,"false","POINT (-122.68507 45.53433)"
"CHATEAU APTS",,"1910 SE STARK ST","PORTLAND","97214","MULTNOMAH","Single Site","Active","1","21","42","Multi-Family Residential Rental",,,,,,,"10",,,,,"0",,"0","10","0","0","-","-","-","-","-","-","-",,,,,,,,,,,,,,,,"false","POINT (-122.64621 45.51931)"
"NEW COLUMBIA WOOLSEY II",,"9340 N NEWMAN ST","PORTLAND","97203","MULTNOMAH","Single Site","Active","3","22","44","Multi-Family Residential Rental","2006",,"HOUSING AUTHORITY OF PORTLAND",,"Home Forward","Housing Authority","47",,"5",,"0",,,,,,,"27","0","0","20","0","0","0",,,,"01/01/2046",,"04/02/2028",,,,,,,,"01/01/2046",,"false","POINT (-122.716 45.59034)"
"8 NW 8th Building (aka Richard L Harris Building)","8 NW 8th Building","8 NW 8TH AVE","PORTLAND","97209","MULTNOMAH","Scattered","Active","1","17","33","Multi-Family Residential Rental","2004",,"Central City Concern",,"8 NW 8th Limited Partnership",,"180",,"6",,"0","180","60","0","0","0","0","0","5","55","0","120","0","0",,"10/11/2004",,"01/01/2064",,,,,,,,,,"01/01/2064",,"true","POINT (-122.67847 45.52329)"
"ST. FRANCIS APTS",,"1024 SW MAIN ST","PORTLAND","97205","MULTNOMAH","Single Site","Active","1","17","33","Multi-Family Residential Rental","2003",,"HOUSING AUTHORITY OF PORTLAND",,"Home Forward","Housing Authority","132",,"132",,,"106",,"16","10","0","0","-","-","-","-","-","-","-",,,,"01/01/2063",,,,,,,,,,"01/01/2063",,"false","POINT (-122.68423 45.51753)"
"DAHLKE MANOR",,"915 NE SCHUYLER ST","PORTLAND","97212","MULTNOMAH","Single Site","Active","3","22","43","Multi-Family Residential Rental",,,,,,,"113",,,,,,,,,,,"-","-","-","-","-","-","-",,,,,,,,,,,,,,,,"false","POINT (-122.65599 45.53611)"
"302 NE SHAVER ST",,"302 NE SHAVER ST","PORTLAND","97212","MULTNOMAH","Single Site","Active","3","22","43","Multi-Family Residential Rental","1981",,"PORTLAND COMMUNITY REINVESTMENT INITIATIVES INC",,"WINKLER DEVELOPMENT CORP","Non-Profit","2",,,,,,,,,,,"-","-","-","-","-","-","-",,,,,,,,,,,,,,,,"false","POINT (-122.66233 45.55206)"
"Columbia Knoll Heights (Elderly)","Columbia Knoll Heights (Elderly)","8212 NE SANDY BLVD","PORTLAND","97220","MULTNOMAH","Scattered","Active","3","23","45","Elderly Apartments","2006",,"Independent Living Ventures",,"SIR Columbia Knoll Assoc LP",,"208",,"0",,,,,"136","72",,"0",,,"35","173",,,"-",,"03/26/2006","01/01/2066",,,,,,,,"03/01/2044",,,"01/01/2066",,"true","POINT (-122.57723 45.55203)"
"ELDERPLACE IN CULLY",,"5119 NE 57TH AVE","PORTLAND","97218","MULTNOMAH","Single Site","Active","3","22","44","Assisted Living (ALF)",,,"PROVIDENCE HEALTH AND SERVICES",,"Providence Health & Services - Oregon",,"42","6",,,,,,,,,,"-","-","-","-",,,,,,,,,,,"06/19/2025",,,"12/15/2026",,,"12/15/2026",,"true","POINT (-122.60473 45.55992)"
"WOODSTOCK HOUSE",,"7001 SE WOODSTOCK BLVD","PORTLAND","97206","MULTNOMAH","Single Site","Active","3","23","46","Multi-Family Residential Rental",,,,,"COMMUNITY SERVICES, INC.","Non-Profit","2",,,,,,,,,,,"-","-","-","-","-","-","-",,,,,,,,,,,,,,,,"false","POINT (-122.59104 45.47951)"
"MAGNOLIA APTS PHASE II",,"3250 NE MARTIN LUTHER KING JR BLVD","PORTLAND","97212","MULTNOMAH","Single Site","Active","3","22","43","Multi-Family Residential Rental",,,"INCOME PROPERTY MANAGEMENT CO",,"Innovative Housing, Inc.","Non-Profit","50",,"3",,,"0",,"17","23","10","0","-","-","-","-","-","-","-",,,,,,,,,,,,,,,,"false","POINT (-122.6616 45.54695)"
"Hotel Alder","Hotel Alder","415 SW ALDER ST","PORTLAND","97204","MULTNOMAH","Scattered","Active","1","17","33","Multi-Family Residential Rental","2005",,"Central City Concern",,"Hotel Alder Limited Partnership",,"99",,"99",,"0","99","100","0","0","0","0","68","31","0","0","0","0","0",,"07/20/2005",,"01/01/2065",,,,,,,,,,"01/01/2065",,"true","POINT (-122.67653 45.51927)"
"Relay Huckleberry and Juniper Apartments","Huckleberry Apartments","14708 NE GLISAN ST","PORTLAND","97233","MULTNOMAH","Scattered","Active","3","24","47","Multi-Family Residential Rental","2020",,"Relay Resources",,"Relay LIFT I, LLC","Non-Profit","60","0","2",,,"12","12","39","54","0","0","0","0","0","104","0","0","0",,"07/08/2020",,,,,,,"12/31/2041",,,,,"12/31/2041",,"true","POINT (-122.51167 45.52646)"
"JOHNSON CREEK COMMONS II",,"7940 SE 72ND AVE","PORTLAND","97206","MULTNOMAH","Single Site","Active","5","23","46","Multi-Family Residential Rental","1999",,"CASCADE MANAGEMENT CORP.",,,,"15",,,,,,,,,,,"-","-","-","-","-","-","-",,,,,,,,,,,,,,,,"false","POINT (-122.58889 45.46583)"
"MARION STREET",,"2020 SE MARION ST","PORTLAND","97202","MULTNOMAH","Single Site","Active","5","21","41","Multi-Family Residential Rental",,,"REACH COMMUNITY DEVELOPMENT INC",,,,"24","20",,,,"0",,"14","6","0","0","-","-","-","-","-","-","-",,,,,,,,,,,,"11/30/2037",,"11/30/2037","Housing Assistance Payment","false","POINT (-122.64356 45.46003)"
"HOLGATE HOUSE",,"4601 SE CESAR E CHAVEZ BLVD","PORTLAND","97202","MULTNOMAH","Single Site","Active","3","21","41","Multi-Family Residential Rental",,,"HOME FORWARD",,,,"80",,,,,"0",,"80","0","0","0","-","-","-","-","-","-","-",,,,,,,,,,,,,,,,"false","POINT (-122.62284 45.48957)"
"1223 SE YAMHILL ST",,"1225 SE YAMHILL ST","PORTLAND","97214","MULTNOMAH","Single Site","Active","1","21","42","Multi-Family Residential Rental",,,,,"HOME FORWARD","Housing Authority","8",,,,,,,,,,,"-","-","-","-","-","-","-",,,,,,,,,,,,,,,,"false","POINT (-122.65306 45.51578)"
"Abigail, The","Abigail, The","1650 NW 13TH AVE","PORTLAND","97209","MULTNOMAH","Scattered","Active","3","22","43","Multi-Family Residential Rental","2016",,"BRIDGE Property Management Company",,"Abigail Housing Associates LP",,"155",,"4",,"0",,"29","28","42","29","0","8","0","27","92","0","27","0",,"05/27/2016","05/27/2076",,,"12/01/2037",,,,,"10/01/2076",,,"10/01/2076",,"true","POINT (-122.68462 45.53481)"
"Tryon Mews Apartments","Tryon Mews Apartments","8455 SW 30TH AVE","PORTLAND","97219","MULTNOMAH","Scattered","Active","1","14","28","Disabled Apartments","2007",,"Cascadia Health",,"Tryon Mews Apartments LLC","Limited Dividend","20","19","2",,"0","0",,"19","0","0","0","0","0","0","19","0","0","0",,"06/01/2007","01/01/2047",,,,,"06/01/2037",,,"12/15/2047","12/31/2025",,"12/15/2047","Project Assistance Contract","true","POINT (-122.70778 45.46353)"
"KRAMER APTS",,"303 N BEECH ST","PORTLAND","97227","MULTNOMAH","Single Site","Active","3","22","43","Multi-Family Residential Rental","1929",,"HOME FORWARD",,,,"4",,,,,,,,,,,"-","-","-","-","-","-","-",,,,,,,,,,,,,,,,"false","POINT (-122.66938 45.54952)"
"SACRED HEART VILLA",,"3911 SE MILWAUKIE AVE","PORTLAND","97202","MULTNOMAH","Single Site","Active","3","21","42","Multi-Family Residential Rental","2009",,"CASCADE MANAGEMENT CORP.",,,,"68",,,,,,,,,,,"-","-","-","-","-","-","-",,,,,,,,,,,,,,,,"false","POINT (-122.65293 45.49438)"
"ALBINA PLAZA",,"3965 N ALBINA AVE","PORTLAND","97227","MULTNOMAH","Single Site","Active","3","22","43","Multi-Family Residential Rental","1999",,"CASCADE MANAGEMENT CORP.",,,,"8","8",,,,"4",,"4","0","0","0","-","-","-","-","-","-","-",,,,,,,,,,,,"05/31/2029",,"05/31/2029","Housing Assistance Payment","false","POINT (-122.67446 45.55184)"
"Jeffrey Apartments, The","Jeffrey Apartments, The","1201 SW 11TH AVE","PORTLAND","97205","MULTNOMAH","Scattered","Active","1","17","33","Multi-Family Residential Rental","2008",,"Income Property Management (Portland)",,"Home Forward","Housing Authority","80",,"80",,"0","50","50","30","0","0","0","50","0","30","0","0","0","0",,"04/16/2007",,"01/01/2068",,,,"04/16/2067",,,"06/17/2068",,,"06/17/2068",,"true","POINT (-122.68495 45.51694)"
"LINCOLN PARK",,"2409 SE 139TH AVE","PORTLAND","97233","MULTNOMAH","Single Site","Active","3","24","47","Multi-Family Residential Rental",,,"COLUMBIACARE SERVICES INC.",,,,"4",,,,,,,,,,,"-","-","-","-","-","-","-",,,,,,,,,,,,,,,,"false","POINT (-122.52097 45.50483)"
"927 SE MALL ST",,"927 SE MALL ST","PORTLAND","97202","MULTNOMAH","Single Site","Active","3","21","42","Multi-Family Residential Rental",,,,,,,"2",,,,,,,,,,,"-","-","-","-","-","-","-",,,,,,,,,,,,,,,,"false","POINT (-122.65494 45.49141)"
"KIRKLAND UNION MANOR I",,"3530 SE 84TH AVE","PORTLAND","97266","MULTNOMAH","Single Site","Active","3","23","46","Multi-Family Residential Rental",,,"MANOR MANAGEMENT SERVICES INC",,,,"151","150",,,,"99",,"51","0","0","0","-","-","-","-","-","-","-",,,,,,,,,,,,"02/28/2035",,"02/28/2035","Housing Assistance Payment","false","POINT (-122.57617 45.49669)"
"EASTWOOD COURT",,"18208 SE YAMHILL ST","PORTLAND","97233","MULTNOMAH","Single Site","Active","3","25","50","Multi-Family Residential Rental","1992",,"HOME FORWARD",,,,"31",,,,,"0",,"0","19","12","0","-","-","-","-","-","-","-",,,,,,,,,,,,,,,,"false","POINT (-122.47538 45.51554)"
"FANNO CREEK",,"4105 SW BEAVERTON HILLSDALE HWY","PORTLAND","97221","MULTNOMAH","Single Site","Active","1","14","28","Multi-Family Residential Rental",,,"CASCADIA BEHAVIORAL HEALTHCARE INC",,,,"24","23",,,,"0",,"23","0","0","0","-","-","-","-","-","-","-",,,,,,,,,,,,"12/31/2025",,"12/31/2025","Project Rental Assistance Contract","false","POINT (-122.71965 45.48544)"
"LOU BURGES PLACE",,"12715 NE GLISAN ST","PORTLAND","97230","MULTNOMAH","Single Site","Active",,,,"Multi-Family Residential Rental",,,,,"Up and Out Incorporated",,"16",,,,,,,,,,,"-","-","-","-","-","-","-",,,,,,,,,,,"12/15/2038",,,"12/15/2038",,"false","POINT (-122.53222 45.52634)"
"85 Stories Group 6 (9 Scattered Sites)","Harold Lee Village","17225 SE ALDER ST","PORTLAND","97233","MULTNOMAH","Scattered","Active","3","24","47","Multi-Family Residential Rental","2020","2,020","Home Forward Property Management","Home Forward","East Group Limited Partnership","Housing Authority","20","20","15","15",,"0","67","0","13","7","0","0","0","86","162","67","0","0","19/06/2019","06/18/2019","12/31/2050",,,"06/18/2039",,,,,"12/31/2050",,,"12/31/2050",,"true","POINT (-122.48551 45.51762)"
"PUB",,"4938 NE 15TH AVE","PORTLAND","97211","MULTNOMAH","Single Site","Active","3","22","43","Multi-Family Residential Rental","2004",,"PUB GROUP LLC",,,,"11",,,,,,,,,,,"-","-","-","-","-","-","-",,,,,,,,,,,,,,,,"false","POINT (-122.64972 45.55887)"
"Henry Building","Henry Building","309 SW 4TH AVE","PORTLAND","97204","MULTNOMAH","Scattered","Active","1","17","33","Multi-Family Residential Rental","2020","2,020","Central City Concern","Central City Concern","C.K. Henry Building, Limited Partnership","Non-Profit","173","119","8","173","0","173",,"0","0","0","0","9","163","0","1","0","0","0","30/06/2021","12/01/2018","12/31/2051",,,,"12/31/2051",,,,"12/31/2051",,,"12/31/2051",,"true","POINT (-122.67525 45.52097)"
"MAYFIELD COURT",,"17675 SE PINE ST","GRESHAM","97233","MULTNOMAH","Single Site","Active","3","25","49","Multi-Family Residential Rental",,,"NORTHWEST HOUSING ALTERNATIVES INC",,"Northwest Housing Alternatives, Inc.","Non-Profit","30",,,,,"0",,"26","4","0","0","-","-","-","-","-","-","-",,,"12/31/2048","01/01/2042",,"07/03/2039",,"09/01/2043",,,"04/01/2049",,,"04/01/2049",,"false","POINT (-122.48109 45.52109)"
"LENTS COMMONS",,"5859 SE 92ND AVE","PORTLAND","97266","MULTNOMAH","Single Site","Active","3","23","46","Multi-Family Residential Rental",,,,,,,"54",,,,,"3",,"36","6","9",,"-","-","-","-","-","-","-",,,,,,,,,,,,,,,,"false","POINT (-122.56914 45.48061)"
"SKY3",,"1101 SW JEFFERSON ST","PORTLAND","97201","MULTNOMAH","Single Site","Active","1","17","33","Multi-Family Residential Rental","2015",,"RIVERSTONE RESIDENTIAL",,,,"196",,,,,,,,,,,"-","-","-","-","-","-","-",,,,,,,,,,,,,,,,"false","POINT (-122.68559 45.51636)"
"Beatrice Morrow, The","Beatrice Morrow,The","3368 NE MARTIN LUTHER KING JR BLVD","PORTLAND","97212","MULTNOMAH","Scattered","Active","3","22","43","Multi-Family Residential Rental","2017",,"Portland Community Reinvestment Initiatives Inc","PCRI","MLK & Cook Apartments LP","Non-Profit","80","20","4","80","0","4","4","32","32","12","0","4","3","28","44","0","0","0","22/05/2017","05/01/2017","12/31/2048",,,,,,,,"08/01/2079",,,"08/01/2079",,"true","POINT (-122.66159 45.54753)"
"KIRKLAND UNION MANOR II",,"3535 SE 86TH AVE","PORTLAND","97266","MULTNOMAH","Single Site","Active","3","23","46","Multi-Family Residential Rental",,,"MANOR MANAGEMENT SERVICES INC",,,,"75","75",,,,"0",,"75","0","0","0","-","-","-","-","-","-","-",,,,,,,,,,,,"03/31/2042",,"03/31/2042","Housing Assistance Payment","false","POINT (-122.57452 45.49649)"
"ALDER ROYAL",,"16124 SE ALDER ST","PORTLAND","97233","MULTNOMAH","Single Site","Active","3","24","47","Multi-Family Residential Rental","1971","2,006","STARK FIRS MANAGEMENT",,,,"75",,,,,,,,,,,"-","-","-","-","-","-","-",,,,,,,,,,,,,,,,"false","POINT (-122.49738 45.51735)"
"HAMILTON PARK",,"1973 SE 122ND AVE","PORTLAND","97233","MULTNOMAH","Single Site","Active","3","24","47","Multi-Family Residential Rental","1998",,,,,,"76",,,,,,,,,,,"-","-","-","-","-","-","-",,,,,,,,,,,,,,,,"false","POINT (-122.53885 45.50853)"
"KINGS GARDEN APTS",,"2700 NE 205TH AVE","FAIRVIEW","97024","MULTNOMAH","Single Site","Active",,,,"Multi-Family Residential Rental","1992",,"KINGS GARDEN LP",,"Ables, Paul W.",,"152",,,,,"0",,"0","76","76","0","-","-","-","-","-","-","-",,,,"12/31/2099",,,,,,,,,,"12/31/2099",,"false","POINT (-122.45149 45.54377)"
"PROGRESS HOUSE",,"3510 SE 118TH AVE","PORTLAND","97266","MULTNOMAH","Single Site","Active","3","24","48","Multi-Family Residential Rental","1980",,,,,,"5",,,,,,,,,,,"-","-","-","-","-","-","-",,,,,,,,,,,,,,,,"false","POINT (-122.54198 45.4967)"
"BEACON MANOR",,"3123 SE 8TH AVE","PORTLAND","97202","MULTNOMAH","Single Site","Active","3","21","42","Multi-Family Residential Rental",,,"REACH COMMUNITY DEVELOPMENT INC",,,,"20","20",,,,"12",,"8","0","0","0","-","-","-","-","-","-","-",,,,,,,,,,,,"08/31/2032",,"08/31/2032","Housing Assistance Payment","false","POINT (-122.6578 45.50013)"
"BRIDGEVIEW",,"6816 N TRUMBULL AVE","PORTLAND","97203","MULTNOMAH","Single Site","Active","3","17","33","Multi-Family Residential Rental","2006",,"CASCADE MANAGEMENT CORP.",,,,"14",,,,,,,,,,,"-","-","-","-","-","-","-",,,,,,,,,,,,,,,,"false","POINT (-122.7623 45.59214)"
"3612 NE 8TH AVE",,"3612 NE 8TH AVE","PORTLAND","97212","MULTNOMAH","Single Site","Active","3","22","43","Multi-Family Residential Rental","1890",,,,"VILLAGE GARDEN LLC","Non-Profit","2",,,,,,,,,,,"-","-","-","-","-","-","-",,,,,,,,,,,,,,,,"false","POINT (-122.65766 45.54904)"
"WILMORE",,"4327 N WILLIAMS AVE","PORTLAND","97217","MULTNOMAH","Single Site","Active","3","22","43","Multi-Family Residential Rental","2015",,"MARATHON MANAGEMENT INC",,,,"75",,,,,,,,,,,"-","-","-","-","-","-","-",,,,,,,,,,,,,,,,"false","POINT (-122.66675 45.5548)"
"SCATTERED - 2 SITES",,"37 NE 127TH AVE","PORTLAND","97230","MULTNOMAH","Scattered","Active","3","24","47","Multi-Family Residential Rental","2001",,,,,,"10",,,,,,,,,,,"-","-","-","-","-","-","-",,,,,,,,,,,,,,,,"false","POINT (-122.53255 45.52308)"
"HALSEY TERRACE",,"12428 NE HALSEY ST","PORTLAND","97230","MULTNOMAH","Single Site","Active","3","24","47","Multi-Family Residential Rental","2004",,"PORTLAND HABILITATION CENTER",,,,"16","15",,,,"0",,"12","3","0","0","-","-","-","-","-","-","-",,,,,,,,,,,,"06/30/2025",,"06/30/2025","Project Rental Assistance Contract","false","POINT (-122.53468 45.53323)"
"Villas de Mariposas","Villas de Mariposas","5000 NE KILLINGSWORTH ST","PORTLAND","97218","MULTNOMAH","Scattered","Active","3","22","43","Multi-Family Residential Rental","2004",,"Cascade Management, Inc. (Portland)",,"Villas de Mariposas Limited Partnership",,"71",,"28",,"0",,,,"9","34","28","8","6","57","0","0","0","0",,"06/30/2004",,"01/01/2066",,"05/27/2025",,,,,,,,"01/01/2066",,"true","POINT (-122.61069 45.56276)"
"5310 NE CULLY BLVD",,"5320 NE CULLY BLVD","PORTLAND","97218","MULTNOMAH","Single Site","Active","3","22","44","Multi-Family Residential Rental",,,,,,,"20",,,,,,,,,,,"-","-","-","-","-","-","-",,,,,,,,,,,,,,,,"false","POINT (-122.59527 45.56163)"
"Alder House","Alder House","523 SW 13TH AVE","PORTLAND","97205","MULTNOMAH","Scattered","Active","1","17","33","Multi-Family Residential Rental","1992",,"Guardian Real Estate Services, LLC","Community Development Partners","Alder House Portland Limited Partnership",,"132","30","0",,"30","131","30","1","0","0","0","0","0","43","87","0","0","0","28/05/2021","10/06/1992",,"12/31/2052",,"05/30/2043",,"12/31/2082",,,"12/31/2082",,,"12/31/2082",,"true","POINT (-122.68464 45.52179)"
"MADRONA PLACE",,"17810 E BURNSIDE ST","PORTLAND","97233","MULTNOMAH","Single Site","Active","3","25","49","Multi-Family Residential Rental","2010",,"HOME FORWARD",,,,"45",,,,,"0",,"3","19","23","0","-","-","-","-","-","-","-",,,,,,,,,,,,,,,,"false","POINT (-122.47998 45.52194)"
"Dresden Apartments","Dresden Apartments","2545 E BURNSIDE ST","PORTLAND","97214","MULTNOMAH","Scattered","Active","1","21","42","Multi-Family Residential Rental","1993",,"REACH Community Development, Inc.",,"REACH Dresden LLC","Non-Profit","30",,,,,,"10","17","3",,"0",,,"30",,,,"-",,"03/24/1993",,,,,,"03/24/2033",,,,,,"03/24/2033",,"true","POINT (-122.63949 45.52286)"
"2334 SE MORRISON ST",,"2334 SE MORRISON ST","PORTLAND","97214","MULTNOMAH","Single Site","Active","1","21","42","Multi-Family Residential Rental",,,,,"REACH COMMUNITY DEVELOPMENT","Non-Profit","2",,,,,,,,,,,"-","-","-","-","-","-","-",,,,,,,,,,,,,,,,"false","POINT (-122.64172 45.51698)"
"WESTMORELANDS UNION MANOR II",,"6404 SE 23RD AVE","PORTLAND","97202","MULTNOMAH","Single Site","Active",,,,"Multi-Family Residential Rental",,,"MANOR MANAGEMENT SERVICES INC",,,,"50","67",,,,"29",,"38","0","0","0","-","-","-","-","-","-","-",,,,,,,,,,,,"05/31/2035",,"05/31/2035",,,"POINT (-122.64226 45.47688)"
"Mt Hood Community Apartments","Mt Hood Community Apartments","208 NE CLEVELAND AVE","GRESHAM","97030","MULTNOMAH","Scattered","Active","3","25","50","Disabled","1987",,"Cascadia Health",,"Mt Hood Special Housing Inc","Non-Profit","15","14","0",,"0","0",,"14","0","0","0","0","0","0","14","0","0","0",,"05/25/2007",,,,,,"05/25/2037",,,"03/15/2048","09/30/2027",,"03/15/2048","Housing Assistance Payment","true","POINT (-122.41983 45.49973)"
"SANDY",,"11401 NE SANDY BLVD","PORTLAND","97220","MULTNOMAH","Single Site","Active","3","23","45","Multi-Family Residential Rental","2009",,"LUKE-DORF INC.",,,,"15",,,,,,,,,,,"-","-","-","-","-","-","-",,,,,,,,,,,,,,,,"false","POINT (-122.54487 45.55809)"
"Commons, The","Commons, The","5800 NE CENTER COMMONS WAY","PORTLAND","97213","MULTNOMAH","Scattered","Active","3","23","45","Multi-Family Residential Rental","2000",,"Security Properties Residential","SP Affordable Housing Group III LLC","Center Commons Preservation LP",,"172","0","34","172","0","0",,"148","24","0","0","0","0","0","172","0","0","0","28/02/2018","06/30/2000","07/01/2060",,,,,,,,"08/01/2049",,,"07/01/2060",,"true","POINT (-122.60318 45.52766)"
"14655 E BURNSIDE ST",,"14655 E BURNSIDE ST","PORTLAND","97233","MULTNOMAH","Single Site","Active","3","24","47","Multi-Family Residential Rental",,,,,,,"16",,,,,,,,,,,"-","-","-","-","-","-","-",,,,,,,,,,,,,,,,"false","POINT (-122.51196 45.52239)"
"9929 NE GLISAN ST",,"9929 NE GLISAN ST","PORTLAND","97220","MULTNOMAH","Single Site","Active","3","24","47","Multi-Family Residential Rental",,,,,,,"120",,,,,,,,,,,"-","-","-","-","-","-","-",,,,,,,,,,,,,,,,"false","POINT (-122.56141 45.5263)"
"WALNUT PARK",,"5272 NE 6TH AVE","PORTLAND","97211","MULTNOMAH","Single Site","Active","3","22","43","Multi-Family Residential Rental","2010",,"REACH COMMUNITY DEVELOPMENT INC",,,,"38","38","2",,,"0",,"38","0","0","0","-","-","-","-","-","-","-",,,,"01/01/2071",,"02/09/2031",,,,,"12/31/2071","09/30/2044",,"12/31/2071","Housing Assistance Payment","false","POINT (-122.65962 45.56148)"
"BUD CLARK COMMONS",,"655 NW HOYT ST","PORTLAND","97209","MULTNOMAH","Single Site","Active","1","17","33","Multi-Family Residential Rental",,,"HOUSING AUTHORITY OF PORTLAND",,"Home Forward","Housing Authority","130",,"9",,"70","130",,"0","0","0","0","30","0","0","100","0","0","0",,,"01/01/2072",,,,,,,,,,,"01/01/2072",,"false","POINT (-122.67724 45.52734)"
"ALBERTA STREET APTS",,"5010 NE 19TH AVE","PORTLAND","97211","MULTNOMAH","Single Site","Active","3","22","43","Multi-Family Residential Rental",,,"CASCADE MANAGEMENT CORP",,,,"10","10",,,,"6",,"4","0","0","0","-","-","-","-","-","-","-",,,,,,,,,,,,"08/31/2027",,"08/31/2027","Housing Assistance Payment","false","POINT (-122.64581 45.55925)"
"2225 NE COUCH ST",,"2225 NE COUCH ST","PORTLAND","97232","MULTNOMAH","Single Site","Active","1","21","42","Multi-Family Residential Rental",,,,,"CENTRAL CITY CONCERN","Non-Profit","2",,,,,,,,,,,"-","-","-","-","-","-","-",,,,,,,,,,,,,,,,"false","POINT (-122.64292 45.52355)"
"IRISH MOSS",,"14050 E BURNSIDE ST","PORTLAND","97233","MULTNOMAH","Single Site","Active","3","24","47","Multi-Family Residential Rental","2014",,"RELAY RESOURCES",,,,"27",,,,,,,,,,,"-","-","-","-","-","-","-",,,,,,,,,,,,,,,,"false","POINT (-122.5189 45.52227)"
"93RD AVENUE COMMONS",,"6119 SE 93RD AVE","PORTLAND","97266","MULTNOMAH","Single Site","Active","5","23","46","Multi-Family Residential Rental",,,"CASCADE MANAGEMENT CORP.",,,,"3",,,,,,,,,,,"-","-","-","-","-","-","-",,,,,,,,,,,,,,,,"false","POINT (-122.56761 45.47829)"
"Tenino Terrace","Tenino Terrace","2405 SE UMATILLA ST","PORTLAND","97202","MULTNOMAH","Scattered","Active","5","21","41","Multi-Family Residential Rental","1976",,"Heartland Realty Investors Inc",,"Heartland Columbia-Tenino Terrace LP","For-Profit","94","86","0",,"0","0",,"22","64","0","0","0","0","0","94","0","0","0",,"12/29/2005","01/01/2035",,,,,,,,,"04/30/2034",,"01/01/2035","Housing Assistance Payment","true","POINT (-122.64026 45.46318)"
"LAURELHURST",,"804 SE CESAR E CHAVEZ BLVD","PORTLAND","97214","MULTNOMAH","Single Site","Active","3","21","42","Multi-Family Residential Rental","1999",,,,,,"23",,,,,,,,,,,"-","-","-","-","-","-","-",,,,,,,,,,,,,,,,"false","POINT (-122.62264 45.51686)"
"Spruce Park Apartments (fka Springtree Apartments)","Spruce Park Apartments (fka Springtree Apartments)","650 SE 162ND AVE","PORTLAND","97233","MULTNOMAH","Scattered","Active","3","24","47","Multi-Family Residential Rental","2000","2,021","Guardian Real Estate Services, LLC","Wishcamper Development Partners","Springtree Associates Limited Partnership",,"72","0","0",,"0","0",,"20","52","0","0","0","0","0","72","0","0","0","30/10/2020","03/14/2018","12/31/2052",,,,,"12/31/2082",,,"12/31/2052",,,"12/31/2082",,"true","POINT (-122.49652 45.51791)"
"Family Scattered Site","Family Scattered Site","4716 N MISSISSIPPI AVE","PORTLAND","97217","MULTNOMAH","Scattered","Active","3","22","43","Multi-Family Residential Rental","1998",,"Portland Community Reinvestment Initiatives Inc",,"Portland Community Reinvestment Initiatives Inc","Non-Profit","13",,,,,,,"13",,,"0",,,"13",,,,"-",,"03/24/1998",,,,,,"03/24/2058",,,,,,"03/24/2058",,"true","POINT (-122.67594 45.55727)"
"5323 NE CULLY BLVD",,"5323 NE CULLY BLVD","PORTLAND","97218","MULTNOMAH","Single Site","Active","3","22","44","Multi-Family Residential Rental","2006",,,,,,"18",,,,,,,,,,,"-","-","-","-","-","-","-",,,,,,,,,,,,,,,,"false","POINT (-122.59536 45.56153)"
"ROSE",,"9750 NE EVERETT CT","PORTLAND","97220","MULTNOMAH","Single Site","Active","1","21","42","Multi-Family Residential Rental",,,,,,,"90",,,,,,,,,,,"-","-","-","-","-","-","-",,,,,,,,,,,,,,,"Housing Assistance Payment","false","POINT (-122.56247 45.52526)"
"MEDFORD HOTEL",,"506 NW 5TH AVE","PORTLAND","97209","MULTNOMAH","Single Site","Active","2","3","6","Multi-Family Residential Rental","1907","1,987","CENTRAL CITY CONCERN",,,,"60",,,,,,,,,,,"-","-","-","-","-","-","-",,,,,,,,,,,,,,,,"false","POINT (-122.67556 45.52687)"
"EAST BURNSIDE APTS",,"10506 E BURNSIDE ST","PORTLAND","97216","MULTNOMAH","Single Site","Active","3","24","47","Multi-Family Residential Rental","2018",,,,,,"51",,,,,"7",,"20","24","0","0","-","-","-","-","-","-","-",,,,,,,,,,,,,,,,"false","POINT (-122.55482 45.52256)"
"TOWNHOUSE TERRACE",,"3001 SE 136TH AVE","PORTLAND","97236","MULTNOMAH","Single Site","Active","3","24","48","Multi-Family Residential Rental",,,,,,,"32",,,,,,,,,,,"-","-","-","-","-","-","-",,,,,,,,,,,,,,,,"false","POINT (-122.52354 45.49975)"
"1304 SE PINE ST",,"1310 SE PINE ST","PORTLAND","97214","MULTNOMAH","Single Site","Active","1","21","42","Multi-Family Residential Rental",,,,,,,"6",,,,,,,,,,,"-","-","-","-","-","-","-",,,,,,,,,,,,,,,,"false","POINT (-122.6523 45.52076)"
"Prescott Terrace","Prescott Terrace","5725 NE PRESCOTT ST","PORTLAND","97218","MULTNOMAH","Scattered","Active","3","22","44","Multi-Family Residential Rental","1971","1,995","Cascadia Health",,"Cascadia Health","Non-Profit","50",,"48",,,"48",,"2",,,"0","8",,"42",,,,"-",,"12/02/2004",,,,,,"12/02/2064",,,"02/25/2065",,,"02/25/2065",,"true","POINT (-122.60357 45.55548)"
"VILLA DE CLARA VISTA",,"6706 NE KILLINGSWORTH ST","PORTLAND","97218","MULTNOMAH","Single Site","Active","3","22","44","Multi-Family Residential Rental",,,"HACIENDA CDC",,"Hacienda Community Development Corp","Non-Profit","133",,"0",,,,,,,,,"-","-","-","-","-","-","-",,,,"01/01/2045",,,,"12/29/2044",,,,,,"01/01/2045",,"false","POINT (-122.59398 45.56272)"
"Plaza de Cedro","Plaza de Cedro","10809 NE FREMONT ST","PORTLAND","97220","MULTNOMAH","Scattered","Active","3","23","45","Multi-Family Residential Rental",,,"Cascade Management, Inc. (Portland)",,"Hacienda Community Development Corp","Non-Profit","6",,"2",,,"0",,"0","0","4","2",,,"4",,"2",,"-",,"02/13/2002",,,,"08/23/2024",,"02/13/2062",,,,,,"02/13/2062",,"true","POINT (-122.55145 45.54832)"
"UNTHANK PLAZA",,"2500 N WILLIAMS AVE","PORTLAND","97227","MULTNOMAH","Single Site","Active","3","22","43","Multi-Family Residential Rental",,,"QUANTUM RESIDENTIAL SERVICES INC",,,,"80","80",,,,"0",,"80","0","0","0","-","-","-","-","-","-","-",,,,,,,,,,,,"02/28/2034",,"02/28/2034","Housing Assistance Payment","false","POINT (-122.66669 45.54045)"
"INSTAR PLACE",,"5417 NE 25TH AVE","PORTLAND","97211","MULTNOMAH","Single Site","Active","3","22","43","Multi-Family Residential Rental","1997",,"CASCADIA BEHAVIORAL HEALTHCARE INC",,,,"5",,,,,,,,,,,"-","-","-","-","-","-","-",,,,,,,,,,,,,,,,"false","POINT (-122.63987 45.56224)"
"NATHANIELS WAY",,"11106 E BURNSIDE ST","PORTLAND","97216","MULTNOMAH","Single Site","Active",,,,"Multi-Family Residential Rental",,,,,,,"4",,,,,,,,,,,"-","-","-","-","-","-","-",,,,,,,,,,,,,,,,"false","POINT (-122.54887 45.52251)"
"PCRI - SCATTERED 1-4 UNITS",,"9632 N CLARENDON AVE","PORTLAND","97203","MULTNOMAH","Scattered","Active","3","22","44","Multi-Family Residential Rental",,,,,,,"230",,,,,,,,,,,"-","-","-","-","-","-","-",,,,,,,,,,,,,,,,"false","POINT (-122.72412 45.59244)"
"Columbia View","Columbia View","4629 NE 118TH AVE","PORTLAND","97220","MULTNOMAH","Scattered","Active","3","23","45","Multi-Family Residential Rental","1998",,"Pinehurst Management, LLC",,"Human Solutions, Inc. dba Our Just Future","Non-Profit","7",,"0",,,,,,,"3","4",,,"7",,,,"-",,"05/11/1998",,,,,,"05/11/2058",,,,,,"05/11/2058",,"false","POINT (-122.54137 45.55675)"
"URBAN LEAGUE",,"10 N RUSSELL ST","PORTLAND","97227","MULTNOMAH","Single Site","Active","3","22","43","Multi-Family Residential Rental",,,,,,,"24",,,,,,,,,,,"-","-","-","-","-","-","-",,,,,,,,,,,,,,,,"false","POINT (-122.66738 45.54104)"
"4931-4937 NE 20TH AVE",,"4933 NE 20TH AVE","PORTLAND","97211","MULTNOMAH","Single Site","Active","3","22","43","Multi-Family Residential Rental","1915","1,995",,,,,"4",,,,,,,,,,,"-","-","-","-","-","-","-",,,,,,,,,,,,,,,,"false","POINT (-122.64484 45.55878)"
"OUTSIDE IN",,"1132 SW 13TH AVE","PORTLAND","97205","MULTNOMAH","Single Site","Active","1","17","33","Multi-Family Residential Rental",,,"OUTSIDE IN",,,,"30",,,,,,,,,,,"-","-","-","-","-","-","-",,,,,,,,,,,,,,,,"false","POINT (-122.68685 45.5177)"
"SCATTERED EAST A UNITS",,"2503 SE 76TH AVE","PORTLAND","97206","MULTNOMAH","Scattered","Active","3","23","46","Multi-Family Residential Rental",,,,,,,"7",,,,,,,,,,,"-","-","-","-","-","-","-",,,,,,,,,,,,,,,,"false","POINT (-122.5847 45.50417)"
"EASTPORT",,"3709 SE 91ST AVE","PORTLAND","97266","MULTNOMAH","Single Site","Active","3","23","46","Multi-Family Residential Rental",,,"COLUMBIACARE SERVICES INC.",,,,"7",,,,,,,,,,,"-","-","-","-","-","-","-",,,,,,,,,,,,,,,,"false","POINT (-122.56995 45.49515)"
"DAWSON PARK PLAZA",,"101 N MORRIS ST","PORTLAND","97227","MULTNOMAH","Single Site","Active","3","22","43","Multi-Family Residential Rental","1995",,,,"Home Forward","Housing Authority","67",,,,,"0",,"59","8","0","0","-","-","-","-","-","-","-",,,"01/01/2024",,,,,,,,,,,"01/01/2024",,"false","POINT (-122.66738 45.54503)"
"ALBERT",,"3532 N WILLIAMS AVE","PORTLAND","97227","MULTNOMAH","Single Site","Active","3","22","43","Multi-Family Residential Rental","1909","2,012",,,,,"72",,,,,,,,,,,"-","-","-","-","-","-","-",,,,,,,,,,,,,,,,"false","POINT (-122.66671 45.54911)"
"Johnson Creek Duplex","Johnson Creek Duplex","7940 SE 72ND AVE","PORTLAND","97206","MULTNOMAH","Scattered","Active","5","23","46","Multi-Family Residential Rental","2000",,"Quantum Residential Inc.",,"Johnson Creek Commons, LLC",,"2",,"1",,,,,"2",,,"0",,,"2",,,,"-",,"03/29/2000",,,,,,"03/29/2060",,,"08/03/2061",,,"08/03/2061",,"true","POINT (-122.58889 45.46583)"
"EMERSON - SABIN",,"1309 NE EMERSON ST","PORTLAND","97211","MULTNOMAH","Single Site","Active","3","22","43","Multi-Family Residential Rental","1965","1,997",,,,,"2",,,,,,,,,,,"-","-","-","-","-","-","-",,,,,,,,,,,,,,,,"false","POINT (-122.65178 45.5618)"
"Ritzdorf Court","Ritzdorf Court","1225 SE BELMONT ST","PORTLAND","97214","MULTNOMAH","Scattered","Active","1","21","42","Multi-Family Residential Rental",,,"REACH Community Development, Inc.",,"REACH Ritzdorf LLC","Non-Profit","90",,,,,,"86","4",,,"0",,,"90",,,,"-",,"01/07/2000",,,,,,"01/01/2060",,,,,,"01/01/2060",,"true","POINT (-122.65314 45.5165)"
"FRIENDSHIP HOUSE",,"2382 NE FLEMING TER","GRESHAM","97030","MULTNOMAH","Single Site","Active","3","25","49","Multi-Family Residential Rental","1995",,,,,,"5",,,,,,,,,,,"-","-","-","-","-","-","-",,,,,,,,,,,,,,,,"false","POINT (-122.4077 45.51405)"
"BARBARA ROBERTS",,"5009 NE KILLINGSWORTH ST","PORTLAND","97218","MULTNOMAH","Single Site","Active","3","22","43","Multi-Family Residential Rental",,,"CASCADIA BEHAVIORAL HEALTHCARE INC",,"Cascadia Behavioral Healthcare, Inc","Non-Profit","10",,,,,,,,,,,"-","-","-","-","-","-","-",,,,,,,,,,,"07/15/2031",,,"07/15/2031",,"false","POINT (-122.61119 45.56277)"
"85 Stories Group 1","NW Tower Apts","335 NW 19TH AVE","PORTLAND","97209","MULTNOMAH","Scattered","Active","1","17","33","Multi-Family Residential Rental","2016",,"Home Forward Property Management",,"Wests Limited Partnership","Housing Authority","174",,"14",,,,"63","166","27","3","0","0","0","259","0","0","0","0",,"04/07/2015","01/01/2046",,,,,,,,,,,"01/01/2046",,"true","POINT (-122.69086 45.52519)"
"181ST AND NE COUCH",,"(UNKNOWN)","PORTLAND","97230","MULTNOMAH","Single Site","Active","3","22","43","Multi-Family Residential Rental",,,,,"PORTLAND COMMUNITY REINVESTMENT INITIATIVES INC","Non-Profit","90",,,,,,,,,,,"-","-","-","-","-","-","-",,,,,,,,,,,,,,,,"false",
"Linc245 (fka Village at Lovejoy Fountain)","Linc245","245 SW LINCOLN ST","PORTLAND","97201","MULTNOMAH","Scattered","Active","1","14","28","Multi-Family Residential Rental","1999",,"Oregon Pacific Capital Management Corp",,"VLF LLC","For-Profit","198",,,,,"45","45","109","44","0","0",,,"40",,,,"-",,"06/10/1999","01/01/2029",,,,,,,,,,,"01/01/2029",,"true","POINT (-122.68007 45.508)"
"ELLINGTON APARTMENTS",,"1610 NE 66TH AVE","PORTLAND","97213","MULTNOMAH","Single Site","Active","3","23","45","Multi-Family Residential Rental","1940","2,017","GUARDIAN REAL ESTATE SERVICES LLC",,"Home Forward","Housing Authority","263",,,,,"2",,"10","210","41","0","-","-","-","-","-","-","-",,,,,,,,,,,,,,,,"false","POINT (-122.5938 45.53457)"
"Joyce, The","Joyce, The","322 SW 11TH AVE","PORTLAND","97205","MULTNOMAH","Scattered","In Development","1","17","33","Multi-Family Residential Rental",,,"Pinehurst Management, LLC","Community Partners for Affordable Hsg","CPAH Joyce Limited Partnership","Non-Profit","66","66","4","66","66","66",,"0","0","0","0","0","0","0","66","0","0","0","20/12/2021",,,,,,,,,,,,,,,"true","POINT (-122.6821 45.52247)"
"GOOD SHEPHERD I",,"2843 NE LIBERTY ST","PORTLAND","97211","MULTNOMAH","Single Site","Active","3","22","43","Multi-Family Residential Rental",,,"BETHESDA LUTHERAN COMMUNITIES",,,,"5","5",,,,"5",,"0","0","0","0","-","-","-","-","-","-","-",,,,,,,,,,,,"01/31/2029",,"01/31/2029","Housing Assistance Payment","false","POINT (-122.63621 45.57051)"
"525 NE MORRIS ST",,"525 NE MORRIS ST","PORTLAND","97212","MULTNOMAH","Single Site","Active","3","22","43","Multi-Family Residential Rental","2005",,"PORTLAND COMMUNITY REINVESTMENT INITIATIVES INC",,,,"3",,,,,,,,,,,"-","-","-","-","-","-","-",,,,,,,,,,,,,,,,"false","POINT (-122.65999 45.54466)"
"KAH SAN CHAKO HAWS",,"9707 SE HOLGATE BLVD","PORTLAND","97266","MULTNOMAH","Single Site","Active","3","24","48","Multi-Family Residential Rental","2013",,"GUARDIAN REAL ESTATE SERVICES LLC",,,,"10",,,,,,,,,,,"-","-","-","-","-","-","-",,,,,,,,,,,,,,,,"false","POINT (-122.56404 45.48994)"
"MAYBELLE CLARK MACDONALD CENTER",,"605 NW COUCH ST","PORTLAND","97209","MULTNOMAH","Single Site","Active","1","17","33","Multi-Family Residential Rental","1976",,"MACDONALD RESIDENCE LP",,"MacDonald Center",,"54",,"54",,,"54",,"0","0","0","0","-","-","-","-","-","-","-",,,,"01/01/2067",,,,"06/21/2066",,,,,,"01/01/2067",,"false","POINT (-122.67664 45.52377)"
"ST STEPHENS CHURCH",,"1432 SW 13TH AVE","PORTLAND","97201","MULTNOMAH","Single Site","Active","1","17","33","Multi-Family Residential Rental","1930",,,,,,"195",,,,,,,,,,,"-","-","-","-","-","-","-",,,,,,,,,,,,,,,,"false","POINT (-122.68793 45.5157)"
"FAIRVIEW OAKS & WOODS",,"22701 NE HALSEY ST","FAIRVIEW","97024","MULTNOMAH","Single Site","Active","3","25","49","Multi-Family Residential Rental",,,"QUANTUM RESIDENTIAL SERVICES INC",,,,"328",,,,,"0",,"44","186","88","10","-","-","-","-","-","-","-",,,,,,,,,,,,,,,,"false","POINT (-122.42793 45.53587)"
"Susan Emmons, The","Susan Emmons, The","NW 18TH AVE AND NW HOYT ST","PORTLAND","97209","MULTNOMAH","Scattered","Active","3","22","43","Multi-Family Residential Rental","1918",,"Income Property Management (Portland)","Northwest Housing Alternatives","Susan Emmons Limited Partnership","Non-Profit","146","48","15","146","48","144",,"2","0","0","0","78","0","0","66","0","0","0","29/06/2021","02/17/2023","12/31/2053",,,,,,,,"12/31/2053",,,"12/31/2053",,"true","POINT (-122.68939 45.52713)"
"Crescent Court fka 115th at Division",,"11514 & 11518 SE Division St","Portland","97266","MULTNOMAH","Single Site","Active","3","24","48","Multi-Family Residential Rental",,,,,"Related Northwest",,"138",,,,,"28",,"40","47","23","0","-","-","-","-","-","-","-",,,,,,,,,,,,,,,,"false","POINT (-122.54453 45.50415)"
"CRANE BUILDING",,"710 NW 14TH AVE","PORTLAND","97209","MULTNOMAH","Single Site","Active","1","17","33","Multi-Family Residential Rental","1909","2,007","GUARDIAN REAL ESTATE SERVICES LLC",,,,"30",,,,,,,,,,,"-","-","-","-","-","-","-",,,,,,,,,,,,,,,,"false","POINT (-122.68534 45.52806)"
"2203 SE MADISON ST",,"2203 SE MADISON ST","PORTLAND","97214","MULTNOMAH","Single Site","Active","1","21","42","Multi-Family Residential Rental",,,,,"HOME FORWARD","Housing Authority","2",,,,,,,,,,,"-","-","-","-","-","-","-",,,,,,,,,,,,,,,,"false","POINT (-122.64335 45.51288)"
"CENTER VILLAGE II",,"5815 NE GLISAN ST","PORTLAND","97213","MULTNOMAH","Single Site","Active","3","23","45","Multi-Family Residential Rental",,,"STEADFAST MANAGEMENT",,,,"60",,,,,,,,,,,"-","-","-","-","-","-","-",,,,,,,,,,,,,,,,"false","POINT (-122.6037 45.52626)"
"2016 NE M L KING BLVD",,"2016 NE MARTIN LUTHER KING JR BLVD","PORTLAND","97212","MULTNOMAH","Single Site","Active","3","22","43","Multi-Family Residential Rental",,,,,"STARK STREET VILLA LLC",,"43",,,,,,,,,,,"-","-","-","-","-","-","-",,,,,,,,,,,,,,,,"false","POINT (-122.66162 45.53752)"
"3832 SE CENTER ST",,"3832 SE CENTER ST","PORTLAND","97202","MULTNOMAH","Single Site","Active","3","21","42","Multi-Family Residential Rental","1997",,"REACH COMMUNITY DEVELOPMENT INC",,"COMMUNITY PARTNERS FOR AFFORDABLE HOUSING","Non-Profit","5",,,,,,,,,,,"-","-","-","-","-","-","-",,,,,,,,,,,,,,,,"false","POINT (-122.62305 45.49405)"
"2532 SE 17TH AVE",,"2532 SE 17TH AVE","PORTLAND","97202","MULTNOMAH","Single Site","Active","1","21","42","Multi-Family Residential Rental",,,,,"HOME FORWARD","Housing Authority","2",,,,,,,,,,,"-","-","-","-","-","-","-",,,,,,,,,,,,,,,,"false","POINT (-122.64866 45.50429)"
"217 SE 15TH AVE",,"217 SE 15TH AVE","PORTLAND","97214","MULTNOMAH","Single Site","Active","1","21","42","Multi-Family Residential Rental",,,,,"REACH COMMUNITY DEVELOPMENT","Non-Profit","6",,,,,,,,,,,"-","-","-","-","-","-","-",,,,,,,,,,,,,,,,"false","POINT (-122.65059 45.52116)"
"SILVERCREST RESIDENCE",,"1865 NE DAVIS ST","PORTLAND","97232","MULTNOMAH","Single Site","Active","1","21","42","Multi-Family Residential Rental",,,"THE SALVATION ARMY, A CALIFORNIA CORPORATION",,,,"76","75",,,,"0",,"75","0","0","0","-","-","-","-","-","-","-",,,,,,,,,,,,"09/30/2029",,"09/30/2029","Project Rental Assistance Contract","false","POINT (-122.64711 45.52428)"
"85 Stories - Group 2 (2 scattered sites)","Hollywood East Apartments","4400 NE BROADWAY ST","PORTLAND","97213","MULTNOMAH","Scattered","Active","3","22","43","Multi-Family Residential Rental","2016",,"Home Forward Property Management",,"Woods East Limited Partnership","Housing Authority","286",,"21",,,"269","374","13","4","0","0","0","0","290","106","0","0","0",,"04/07/2015","04/14/2046",,,,,,,,,,,"04/14/2046",,"true","POINT (-122.61789 45.53485)"
"3546 NE 6TH AVE",,"3546 NE 6TH AVE","PORTLAND","97212","MULTNOMAH","Single Site","Active","3","22","43","Multi-Family Residential Rental","1922",,,,"NORTHWEST HOUSING ALTERNATIVES","Non-Profit","2",,,,,,,,,,,"-","-","-","-","-","-","-",,,,,,,,,,,,,,,,"false","POINT (-122.65962 45.54862)"
"CEEL-OCKS MANOR",,"9021 N CENTRAL ST","PORTLAND","97203","MULTNOMAH","Single Site","Active","3","22","44","Multi-Family Residential Rental",,,,,"Native American Youth and Family Center","Non-Profit","10",,,,,,,,,,,"-","-","-","-","-","-","-",,,,,,,,"09/28/2044",,,,,,"09/28/2044",,"false","POINT (-122.75527 45.59385)"
"KENILWORTH PARK PLAZA",,"3214 SE HOLGATE BLVD","PORTLAND","97202","MULTNOMAH","Single Site","Active","3","21","41","Multi-Family Residential Rental",,,"ODDFELLOWS HOLGATE CENTER",,,,"77","77",,,,"20",,"57","0","0","0","-","-","-","-","-","-","-",,,,,,,,,,,,"10/31/2035",,"10/31/2035","Housing Assistance Payment","false","POINT (-122.63266 45.49012)"
"TILLAMOOK",,"4110 NE TILLAMOOK ST","PORTLAND","97212","MULTNOMAH","Single Site","Active","3","23","45","Multi-Family Residential Rental","2012",,"ANCHOR NW PROPERTY GROUP",,,,"47",,,,,,,,,,,"-","-","-","-","-","-","-",,,,,,,,,,,,,,,,"false","POINT (-122.62061 45.53778)"
"PRESCOTT BLOCK",,"4312 N INTERSTATE AVE","PORTLAND","97217","MULTNOMAH","Single Site","Active","3","22","44","Multi-Family Residential Rental","2014",,"COAST PROPERTY MANAGEMENT",,,,"155",,,,,,,,,,,"-","-","-","-","-","-","-",,,,,,,,,,,,,,,,"false","POINT (-122.68218 45.55498)"
"CORNETTA SMITH COURTYARDS",,"5416 NE 27TH AVE","PORTLAND","97211","MULTNOMAH","Single Site","Active","3","22","43","Multi-Family Residential Rental","2005",,,,,,"5",,,,,,,,,,,"-","-","-","-","-","-","-",,,,,,,,,,,,,,,,"false","POINT (-122.63787 45.56225)"
"HOLLYWOOD",,"4111 NE BROADWAY ST","PORTLAND","97232","MULTNOMAH","Single Site","Active","3","22","43","Multi-Family Residential Rental","2013",,"ANCHOR NW",,,,"47",,,,,,,,,,,"-","-","-","-","-","-","-",,,,,,,,,,,,,,,,"false","POINT (-122.62095 45.53513)"
"MATTIE YOUNKIN MANOR",,"2400 NE 27TH DR","GRESHAM","97030","MULTNOMAH","Single Site","Active","3","25","49","Multi-Family Residential Rental",,,"CASCADE MANAGEMENT CORP.",,,,"35","35",,,,"9",,"26","0","0","0","-","-","-","-","-","-","-",,,,,,,,,,,,"05/31/2040",,"05/31/2040","Housing Assistance Payment","false","POINT (-122.40792 45.5156)"
"Rose Schnitzer Tower","Rose Schnitzer Tower","1430 SW 12TH AVE","PORTLAND","97201","MULTNOMAH","Scattered","Active","1","17","33","Elderly-Disabled","1979",,"Schnitzer Properties",,"Cedar Sinai Park -Clay Tower Apartments LP","Non-Profit","235","233","34","0","0","0",,"233","0","0","0","0","0","0","233","0","0","0",,"11/01/2007","01/01/2039",,,"05/15/2029",,,,,"10/15/2039","12/10/2027",,"10/15/2039","Housing Assistance Payment","true","POINT (-122.68689 45.51547)"
"Chaucer Court Apartments","Chaucer Court Apts","1019 SW 10TH AVE","PORTLAND","97205","MULTNOMAH","Scattered","Active","1","17","33","Multi-Family Residential Rental","1981",,"Manor Management Services Inc",,"Chaucer Court Union Manor LP","For-Profit","83","83","5",,"83","29","29","54","0","0","0","0","0","0","83","0","0","0",,"12/23/2010",,"01/01/2073",,"12/23/2025",,"01/01/2073",,,"01/01/2073","10/20/2031",,"01/01/2073","Housing Assistance Payment","true","POINT (-122.68331 45.51781)"
"GARDEN PROJECT - A PHILLIPS SQUARE",,"606 NE SACRAMENTO ST","PORTLAND","97212","MULTNOMAH","Single Site","Active","3","22","43","Multi-Family Residential Rental",,,"CASCADE MANAGEMENT CORP.",,,,"18","18",,,,"8",,"10","0","0","0","-","-","-","-","-","-","-",,,,,,,,"03/10/2047",,,,"02/28/2026",,"03/10/2047","Housing Assistance Payment","false","POINT (-122.65944 45.53954)"
"STADIUM STATION",,"737 SW 17TH AVE","PORTLAND","97205","MULTNOMAH","Single Site","Active","1","17","33","Multi-Family Residential Rental","1998",,"EPMI",,"Hearthstone Housing Foundation & Bayside Communities","Non-Profit","115",,,,,"54",,"56","4","0","0","-","-","-","-","-","-","-",,,"01/01/2028",,,,,,,,,,,"01/01/2028",,"false","POINT (-122.68937 45.52147)"
"MARSHALL UNION MANOR I",,"2020 NW NORTHRUP ST","PORTLAND","97209","MULTNOMAH","Single Site","Active","1","17","33","Multi-Family Residential Rental",,,"MANOR MANAGEMENT SERVICES INC",,,,"200","200",,,,"117",,"83","0","0","0","-","-","-","-","-","-","-",,,,,,,,,,,,"07/31/2042",,"07/31/2042","Housing Assistance Payment","false","POINT (-122.69306 45.53133)"
"Gateway Hermiston Buri Building and Juniper Apartments (fka Gateway Workforce and Hermiston Housing)","Buri Building","9745 NE GLISAN","PORTLAND","97220","MULTNOMAH","Scattered","Active","3","24","47","Multi-Family Residential Rental","2020","2,020","Cascade Management, Inc. (Portland)","Northwest Housing Alternatives","Gateway Hermiston Affordable Housing LP","Non-Profit","159","0","16","199",,"102","102","51","5","0","0","0","0","0","207","0","0","0","26/03/2019","03/01/2019","12/31/2050",,,"03/26/2039",,,"12/31/2060",,"12/31/2060",,,"12/31/2060",,"true","POINT (-122.56313 45.52631)"
"KING DISHMAN COURT",,"101 NE KNOTT ST","PORTLAND","97212","MULTNOMAH","Single Site","Active","3","22","43","Multi-Family Residential Rental",,,"CASCADE MANAGEMENT CORP.",,,,"14","14",,,,"0",,"4","6","4","0","-","-","-","-","-","-","-",,,,,,,,,,,,"02/28/2026",,"02/28/2026","Housing Assistance Payment","false","POINT (-122.66386 45.54191)"
"CHASE HOUSE",,"9126 N CHASE AVE","PORTLAND","97217","MULTNOMAH","Single Site","Active","3","22","44","Multi-Family Residential Rental","1999",,"HOME FORWARD",,,,"5",,,,,,,,,,,"-","-","-","-","-","-","-",,,,,,,,,,,,,,,,"false","POINT (-122.7043 45.58909)"
"JIM & SALLES PLACE",,"7531 SE STEELE ST","PORTLAND","97206","MULTNOMAH","Single Site","Active",,,,"Multi-Family Residential Rental","2009",,"CASCADE MANAGEMENT, INC.",,,,"17",,,,,,,,,,,"-","-","-","-","-","-","-",,,,,,,,,,,,,,,,"false","POINT (-122.58483 45.48441)"
"3429 SE 69TH AVE",,"3429 SE 69TH AVE","PORTLAND","97206","MULTNOMAH","Single Site","Active","3","23","46","Multi-Family Residential Rental",,,,,,,"3",,,,,,,,,,,"-","-","-","-","-","-","-",,,,,,,,,,,,,,,,"false","POINT (-122.5923 45.49771)"
"SUMMER RUN",,"7810 SE FOSTER RD","PORTLAND","97206","MULTNOMAH","Single Site","Active","3","23","46","Multi-Family Residential Rental",,,"MANOR MANAGEMENT SERVICES INC",,,,"50","50",,,,"14",,"36","0","0","0","-","-","-","-","-","-","-",,,,,,,,,,,,"03/31/2042",,"03/31/2042","Housing Assistance Payment","false","POINT (-122.58361 45.48405)"
"ROSENBAUM PLAZA",,"1218 SW WASHINGTON ST","PORTLAND","97205","MULTNOMAH","Single Site","Active","1","17","33","Multi-Family Residential Rental",,,"QUANTUM RESIDENTIAL SERVICES INC",,,,"76","76",,,,"76",,"0","0","0","0","-","-","-","-","-","-","-",,,,,,,,,,,,"01/31/2034",,"01/31/2034","Housing Assistance Payment","false","POINT (-122.68363 45.52193)"
"EVERETT STATION LOFTS",,"625 NW EVERETT ST","PORTLAND","97209","MULTNOMAH","Single Site","Active","1","17","33","Multi-Family Residential Rental","1999",,,,,,"47",,,,,,,,,,,"-","-","-","-","-","-","-",,,,,,,,,,,,,,,,"false","POINT (-122.67713 45.5252)"
"LONE PINE",,"111 NE 162ND AVE","PORTLAND","97230","MULTNOMAH","Single Site","Active","3","25","49","Multi-Family Residential Rental",,,"CASCADIA BEHAVIORAL HEALTHCARE INC",,,,"18","17",,,,"0",,"17","0","0","0","-","-","-","-","-","-","-",,,,,,,,,,,,"06/30/2025",,"06/30/2025","Project Rental Assistance Contract","false","POINT (-122.49647 45.52332)"
"IRVINGTON GARDENS",,"1516 NE HANCOCK ST","PORTLAND","97212","MULTNOMAH","Single Site","Active","3","22","43","Multi-Family Residential Rental","2011",,"ANCHOR NW",,,,"50",,,,,,,,,,,"-","-","-","-","-","-","-",,,,,,,,,,,,,,,,"false","POINT (-122.65025 45.53646)"
"85 Stories Group 5 (7 Scattered Sites)","Bel Park","1001 N BLANDENA ST","PORTLAND","97217","MULTNOMAH","Scattered","Active","3","22","43","Multi-Family Residential Rental","2019",,"Home Forward Property Management","Home Forward","North Group Limited Partnership","Housing Authority","10","10","119","216",,,"2","222","97","25","4","0","0","0","350","0","0","0","30/11/2018","11/30/2018","12/31/2050",,,,,,,,,,,"12/31/2050",,"true","POINT (-122.6773 45.55687)"
"KEARNEY HOUSE",,"824 NW 20TH AVE","PORTLAND","97209","MULTNOMAH","Single Site","Active","1","17","33","Multi-Family Residential Rental",,,"GALBREATH & ASSOCIATES",,"Cascade Housing Association (Member)",,"32",,,,,,,,,,,"-","-","-","-","-","-","-",,,,"01/01/2036",,,,,,,,,,"01/01/2036",,"false","POINT (-122.69253 45.52899)"
"317 SE 16TH AVE",,"317 SE 16TH AVE","PORTLAND","97214","MULTNOMAH","Single Site","Active","1","21","42","Multi-Family Residential Rental",,,,,"GUARDIAN MANAGEMENT SERVICES","Non-Profit","7",,,,,,,,,,,"-","-","-","-","-","-","-",,,,,,,,,,,,,,,,"false","POINT (-122.64956 45.52046)"
"EAST COUNTY PROJECT",,"17527 SE PINE ST","PORTLAND","97233","MULTNOMAH","Single Site","Active","3","25","49","Multi-Family Residential Rental",,,"CASCADE MANAGEMENT CORP.",,,,"7","6",,,,"0",,"2","4","0","0","-","-","-","-","-","-","-",,,,,,,,,,,,"02/28/2026",,"02/28/2026","Housing Assistance Payment","false","POINT (-122.48266 45.52061)"
"3208 SE 136TH AVE",,"3208 SE 136TH AVE","PORTLAND","97236","MULTNOMAH","Single Site","Active","3","24","48","Multi-Family Residential Rental","1977",,,,"PORTLAND COMMUNITY REINVESTMENT INITIATIVES INC","Non-Profit","63",,,,,,,,,,,"-","-","-","-","-","-","-",,,,,,,,,,,,,,,,"false","POINT (-122.52406 45.49928)"
"DEKUM COURT",,"CONFIDENTIAL","PORTLAND","97211","MULTNOMAH","Single Site","Active","3","22","43","Multi-Family Residential Rental","2002",,,,"HomeForward","Housing Authority","187","40",,,"0","56",,"13","70","41","7","0","0","0","187","0","0","0",,,,,,,,,,,,,,,,"false",
"939 N ALBERTA ST",,"939 N ALBERTA ST","PORTLAND","97217","MULTNOMAH","Single Site","Active","3","22","43","Multi-Family Residential Rental","1994",,"PORTLAND COMMUNITY REINVESTMENT INITIATIVES INC",,,,"8",,,,,,,,,,,"-","-","-","-","-","-","-",,,,,,,,,,,,,,,,"false","POINT (-122.67672 45.55902)"
"RAVEN",,"332 SE 148TH AVE","PORTLAND","97233","MULTNOMAH","Single Site","Active","3","24","47","Multi-Family Residential Rental","2004",,"PRINCETON PROPERTY MANAGEMENT",,,,"36",,,,,,,,,,,"-","-","-","-","-","-","-",,,,,,,,,,,,,,,,"false","POINT (-122.51072 45.52027)"
"BURLWOOD",,"14992 SE DIVISION ST","PORTLAND","97236","MULTNOMAH","Single Site","Active","3","24","48","Multi-Family Residential Rental",,,"INCOME PROPERTY MANAGEMENT INC",,"CLACKAMAS COUNTY","For-Profit","35","32",,,,"0",,"7","17","8","0","-","-","-","-","-","-","-",,,,,,,,,,,,"09/30/2044",,"09/30/2044","Housing Assistance Payment","false","POINT (-122.50938 45.50423)"
"BARBARA MAHER BUILDING",,"2322 N WILLIAMS AVE","PORTLAND","97227","MULTNOMAH","Single Site","Active","3","22","43","Multi-Family Residential Rental",,,,,,,"32",,,,,,,,,,,"-","-","-","-","-","-","-",,,,,,,,,,,,,,,,"false","POINT (-122.6667 45.5398)"
"432 NE TILLAMOOK ST",,"432 NE TILLAMOOK ST","PORTLAND","97212","MULTNOMAH","Single Site","Active","3","22","43","Multi-Family Residential Rental",,,,,"HOME FORWARD","Housing Authority","2",,,,,,,,,,,"-","-","-","-","-","-","-",,,,,,,,,,,,,,,,"false","POINT (-122.66087 45.53789)"
"ASHCREEK COMMONS",,"11230 SW 62ND AVE","PORTLAND","97219","MULTNOMAH","Single Site","Active","1","19","38","Multi-Family Residential Rental","2004",,"CASCADE MANAGEMENT INC",,,,"21",,,,,,,,,,,"-","-","-","-","-","-","-",,,,,,,,,,,,,,,,"false","POINT (-122.7405 45.44424)"
"Miracles Club","Miracles Club","4206 NE MARTIN LUTHER KING JR BLVD","PORTLAND","97211","MULTNOMAH","Scattered","Active","3","22","43","Multi-Family Residential Rental","2011",,"Northwest Real Estate Capital Corp",,"Miracles Club MLK Limited Partnership",,"40",,"2",,"0","12","12","20","8","0","0","6","0","33","0","0","0","0",,"07/27/2011",,"01/01/2073",,"06/01/2027",,,,,"12/31/2071",,,"01/01/2073",,"true","POINT (-122.66155 45.55395)"
"Weidler Commons","Weidler Commons","1529 NE 21ST AVE","PORTLAND","97232","MULTNOMAH","Scattered","Active","3","22","43","Multi-Family Residential Rental","1991",,"Income Property Management (Portland)",,"Weidler Renewal Limited Partnership",,"51",,"7",,"0","3",,"47","1","0","0","5","0","46","0","0","0","0",,"01/04/2006",,"01/01/2066",,"05/29/2027",,"01/04/2066",,,,,,"01/04/2066",,"true","POINT (-122.64484 45.53411)"
"GOING 42",,"4636 NE 42ND AVE","PORTLAND","97218","MULTNOMAH","Single Site","Active","3","22","43","Multi-Family Residential Rental",,,"VIRIDIAN MANAGEMNET",,"Community Development Partners","Non-Profit","55",,"3",,"0","10",,"28","7","10","0","0","0","0","35","0","0","1",,,,"01/01/2058","09/08/2058",,,"04/27/2056",,,"12/31/2057",,,"09/08/2058",,"false","POINT (-122.62039 45.55715)"
"8510 N SAINT LOUIS AVE",,"8510 N SAINT LOUIS AVE","PORTLAND","97203","MULTNOMAH","Single Site","Active","3","22","44","Multi-Family Residential Rental",,,,,,,"3",,,,,,,,,,,"-","-","-","-","-","-","-",,,,,,,,,,,,,,,,"false","POINT (-122.75522 45.59411)"
"2714 SE 15TH AVE",,"2714 SE 15TH AVE","PORTLAND","97202","MULTNOMAH","Single Site","Active","1","21","42","Multi-Family Residential Rental",,,,,,,"2",,,,,,,,,,,"-","-","-","-","-","-","-",,,,,,,,,,,,,,,,"false","POINT (-122.65069 45.5032)"
"PRESCOTT PLACE",,"5802 NE PRESCOTT ST","PORTLAND","97218","MULTNOMAH","Single Site","Active","3","23","45","Multi-Family Residential Rental",,,"REACH COMMUNITY DEVELOPMENT INC",,,,"20","19",,,,"0",,"19","0","0","0","-","-","-","-","-","-","-",,,,,,,,,,,,"03/31/2042",,"03/31/2042","Housing Assistance Payment","false","POINT (-122.60287 45.55499)"
"Breitung Building (aka Garfield Veterans Apartments)","Garfield Veterans Apartments","6710 GARFIELD AVE","PORTLAND","97211","MULTNOMAH","Scattered","Active","3","22","44","Veteran Housing","2020",,,"Northwest Ventures Group Inc","Garfield Housing LLC","For-Profit","28","28","6",,"28","10","12","18","0","0","0","0","0","28","0","0","0","0",,"06/16/2019",,,,,,,,,"04/30/2080",,,"04/30/2080",,"true","POINT (-122.66237 45.57134)"
"BOOKMARK",,"2034 NE 40TH AVE","PORTLAND","97212","MULTNOMAH","Single Site","Active","3","23","45","Multi-Family Residential Rental",,,"SOCKEYE DEVELOPMENT LLC",,"Brenneke, Tom (GM Bookmark LLC)",,"47",,"0",,,,,,,,,"-","-","-","-","-","-","-",,,"01/01/2063",,,,,,,,,,,"01/01/2063",,"false","POINT (-122.62145 45.53735)"
"YARDS AT UNION STATION S",,"701 NW NAITO PKWY","PORTLAND","97209","MULTNOMAH","Single Site","Active","1","17","33","Multi-Family Residential Rental","2002",,"GSL PROPERTIES, INC.",,"SPRUCE PLACE INC.","For-Profit","56",,,,,"66",,"53","39","0","0","-","-","-","-","-","-","-",,,,,,,,,,,,,,,,"false","POINT (-122.67503 45.52961)"
"SNOWBERRY",,"5312 SE 148TH","PORTLAND","97215","MULTNOMAH","Single Site","Active","3","22","43","Multi-Family Residential Rental",,,"RELAY RESOURCES",,,,"27",,,,,,,,,,,"-","-","-","-","-","-","-",,,,,,,,,,,,,,,,"false","POINT (-122.50997 45.56133)"
"41 NE 127TH AVE",,"41 NE 127TH AVE","PORTLAND","97230","MULTNOMAH","Single Site","Active","3","24","47","Multi-Family Residential Rental","2001",,"PORTLAND COMMUNITY REINVESTMENT INITIATIVES INC",,"ROSE COMMUNITY DEVELOPMENT","Non-Profit","8",,,,,,,,,,,"-","-","-","-","-","-","-",,,,,,,,,,,,,,,,"false","POINT (-122.53255 45.52308)"
"BURNSIDE STATION",,"248 SE 160TH AVE","PORTLAND","97233","MULTNOMAH","Single Site","Active","3","25","49","Multi-Family Residential Rental","2004",,"QUADRIPLEGICS UNITED AGAINST DEPENDENCY, INC.",,"HOUSING AUTHORITY OF CLACKAMAS COUNTY","Housing Authority","21","20",,,,"0",,"15","5","0","0","-","-","-","-","-","-","-",,,,,,,,,,,,"06/30/2025",,"06/30/2025","Project Rental Assistance Contract","false","POINT (-122.49902 45.52053)"
"3328 SE WASHINGTON ST",,"3328 SE WASHINGTON ST","PORTLAND","97214","MULTNOMAH","Single Site","Active","1","21","42","Multi-Family Residential Rental",,,,,"CASCADIA BEHAVIORAL HEALTHCARE INC","Non-Profit","2",,,,,,,,,,,"-","-","-","-","-","-","-",,,,,,,,,,,,,,,,"false","POINT (-122.63023 45.51859)"
"TILLICUM COURT",,"5135 SE 73RD AVE","PORTLAND","97206","MULTNOMAH","Single Site","Active","3","23","46","Multi-Family Residential Rental","1985",,"CASCADIA BEHAVIORAL HEALTHCARE INC",,,,"16","15","1",,"0","3",,"12","0","0","0","0","0","15","0","0","0","0",,,"01/01/2047",,,,,,,,"12/15/2047","01/31/2035",,"12/15/2047","Housing Assistance Payment","false","POINT (-122.58814 45.48582)"
"75TH AVE ADULT FOSTER CARE",,"4729 SE 75TH AVE","PORTLAND","97206","MULTNOMAH","Single Site","Active","3","23","46","Multi-Family Residential Rental","1996",,,,,,"5",,,,,,,,,,,"-","-","-","-","-","-","-",,,,,,,,,,,,,,,,"false","POINT (-122.58608 45.48828)"
"YARDS AT UNION STATION B",,"945 NW NAITO PKWY","PORTLAND","97209","MULTNOMAH","Single Site","Active","1","17","33","Multi-Family Residential Rental",,,"GSL PROPERTIES, INC.",,"Bell, David","For-Profit","321",,,,,,,,,,,"-","-","-","-","-","-","-",,,"01/01/2029",,,,,,,,,,,"01/01/2029",,"false","POINT (-122.67557 45.53015)"
"1531 SE TAGGART ST",,"1531 SE TAGGART ST","PORTLAND","97202","MULTNOMAH","Single Site","Active","1","21","42","Multi-Family Residential Rental",,,,,"SHAVER GREEN LIMITED PARTNERSP","Non-Profit","3",,,,,,,,,,,"-","-","-","-","-","-","-",,,,,,,,,,,,,,,,"false","POINT (-122.65001 45.50276)"
"Patton Home","Patton Home","4619 N MICHIGAN AVE","PORTLAND","97217","MULTNOMAH","Scattered","Active","3","22","43","Single Room Occupancy","2000","2,021","Guardian Real Estate Services, LLC","Community Development Partners","CDP Patton Home Limited Partnership",,"63","16","5","63","16","63",,"0","0","0","0","16","52","0","0","0","0","0","15/07/2020","11/13/2000",,"01/01/2061",,,"12/31/2051","07/15/2059",,"12/31/2051","11/13/2060",,,"01/01/2061",,"true","POINT (-122.67704 45.5565)"
"336 NW 20TH AVE",,"336 NW 20TH AVE","PORTLAND","97209","MULTNOMAH","Single Site","Active","1","17","33","Multi-Family Residential Rental",,,,,,,"10",,,,,,,,,,,"-","-","-","-","-","-","-",,,,,,,,,,,,,,,,"false","POINT (-122.69234 45.52534)"
"814 N WEBSTER ST",,"814 N WEBSTER ST","PORTLAND","97217","MULTNOMAH","Single Site","Active","3","22","43","Multi-Family Residential Rental",,,,,,,"3",,,,,,,,,,,"-","-","-","-","-","-","-",,,,,,,,,,,,,,,,"false","POINT (-122.6754 45.55973)"
"PURCELL PLACE",,"4071 N MISSISSIPPI AVE","PORTLAND","97227","MULTNOMAH","Single Site","Active","3","22","43","Multi-Family Residential Rental","2005",,"PORTLAND COMMUNITY REINVESTMENT INITIATIVES INC",,,,"5",,,,,,,,,,,"-","-","-","-","-","-","-",,,,,,,,,,,,,,,,"false","POINT (-122.6755 45.55321)"
"MYERS COURT",,"2600 N WILLIAMS AVE","PORTLAND","97227","MULTNOMAH","Single Site","Active","3","22","43","Multi-Family Residential Rental","2002",,"QUADRIPLEGICS UNITED AGAINST DEPENDENCY, INC.",,"HOUSING AUTHORITY OF CLACKAMAS COUNTY","Housing Authority","20","18",,,,"18",,"0","0","0","0","-","-","-","-","-","-","-",,,,,,,,,,,,"09/30/2030",,"09/30/2030","Housing Assistance Payment","false","POINT (-122.66631 45.5416)"
"RUTH HAEFNER PLAZA",,"6005 SW BEAVERTON HILLSDALE HWY","PORTLAND","97221","MULTNOMAH","Single Site","Active","1","14","28","Multi-Family Residential Rental",,,"HOME FORWARD",,,,"73",,,,,"0",,"73","0","0","0","-","-","-","-","-","-","-",,,,,,,,,,,,,,,,"false","POINT (-122.73865 45.48739)"
"CARLTON COURT",,"5241 NE KILLINGSWORTH AVE","PORTLAND","97218","MULTNOMAH","Single Site","Active","3","22","43","Multi-Family Residential Rental",,,"HOME FORWARD",,,,"24",,,,,"0",,"0","14","10","0","-","-","-","-","-","-","-",,,,,,,,,,,,,,,,"false","POINT (-122.60858 45.56276)"
"SLAVIN COURT",,"4702 SW SLAVIN RD","PORTLAND","97239","MULTNOMAH","Single Site","Active","1","14","28","Multi-Family Residential Rental","2008",,"HOME FORWARD",,,,"24",,,,,"0",,"0","18","6","0","-","-","-","-","-","-","-",,,,,,,,,,,,,,,,"false","POINT (-122.68063 45.48859)"
"NEW COLUMBIA WOOLSEY III",,"9209 N DWIGHT ST","PORTLAND","97203","MULTNOMAH","Single Site","Active","3","22","44","Multi-Family Residential Rental","2006",,"HOUSING AUTHORITY OF PORTLAND",,"Home Forward","Housing Authority","42",,,,,"0",,"10","14","13","5","-","-","-","-","-","-","-",,,,"01/01/2048",,,,,,,,,,"01/01/2048",,"false","POINT (-122.71469 45.58969)"
"SCATTERED SITES",,"5317 NE 24TH AVE","PORTLAND","97211","MULTNOMAH","Scattered","Active","3","22","43","Multi-Family Residential Rental",,,,,,,"10",,,,,,,,,,,"-","-","-","-","-","-","-",,,,,,,,,,,,,,,,"false","POINT (-122.6409 45.56182)"
"REEDWAY PLACE",,"8940 SE REEDWAY ST","PORTLAND","97266","MULTNOMAH","Single Site","Active","3","23","46","Multi-Family Residential Rental",,,"CASCADE MANAGEMENT CORP.",,,,"24",,,,,,,,,,,"-","-","-","-","-","-","-",,,,,,,,,,,,,,,,"false","POINT (-122.57024 45.48135)"
"ASH STREET COURTYARD",,"12012 SE ASH ST","PORTLAND","97216","MULTNOMAH","Single Site","Active","3","24","47","Multi-Family Residential Rental","2010",,"CASCADE MANAGEMENT INC",,,,"47",,,,,,,,,,,"-","-","-","-","-","-","-",,,,,,,,,,,,,,,,"false","POINT (-122.53912 45.52109)"
"JUBILEE REDWOODS II",,"1249 N PRESCOTT ST","PORTLAND","97217","MULTNOMAH","Single Site","Active","3","22","44","Multi-Family Residential Rental","1999",,,,,,"8",,,,,,,,,,,"-","-","-","-","-","-","-",,,,,,,,,,,,,,,,"false","POINT (-122.67979 45.55548)"
"CHESTNUT LANE",,"604 NE CLEVELAND AVE","GRESHAM","97030","MULTNOMAH","Single Site","Active","3","25","50","Multi-Family Residential Rental","2003",,,,"REACH COMMUNITY DEVELOPMENT","Non-Profit","8",,,,,,,,,,,"-","-","-","-","-","-","-",,,,,,,,,,,,,,,,"false","POINT (-122.42112 45.50182)"
"BRIARWOOD HOME",,"3302 SE 122ND AVE","PORTLAND","97236","MULTNOMAH","Single Site","Active","3","24","48","Multi-Family Residential Rental","2011",,"AFFINITY PROPERTY MANAGEMENT",,,,"22",,,,,,,,,,,"-","-","-","-","-","-","-",,,,,,,,,,,,,,,,"false","POINT (-122.53664 45.49792)"
"CELILO COURT",,"4605 NE 95TH AVE","PORTLAND","97220","MULTNOMAH","Single Site","Active","3","23","45","Multi-Family Residential Rental",,,,,,,"27",,,,,,,,,,,"-","-","-","-","-","-","-",,,,,,,,,,,,,,,,"false","POINT (-122.56496 45.55662)"
"4066 NE GRAND AVE",,"4066 NE GRAND AVE","PORTLAND","97212","MULTNOMAH","Single Site","Active","3","22","43","Multi-Family Residential Rental","1950",,"PORTLAND COMMUNITY REINVESTMENT INITIATIVES INC",,"PACIFIC RETIREMENT SERVICES","Non-Profit","5",,,,,,,,,,,"-","-","-","-","-","-","-",,,,,,,,,,,,,,,,"false","POINT (-122.66054 45.5531)"
"YARDS AT UNION STATION C",,"615 NW NAITO PKWY","PORTLAND","97209","MULTNOMAH","Single Site","Active","1","17","33","Multi-Family Residential Rental","2013",,"GSL PROPERTIES",,"Bell, David (GSL Investors Master LLC)",,"80",,"0",,"0",,,,,,,"0","0","0","79","0","0","0",,,"01/01/2044",,,,,,,,"02/15/2044",,,"02/15/2044",,"false","POINT (-122.6731 45.52799)"
"NELSON COURT",,"9815 N TAFT AVE","PORTLAND","97203","MULTNOMAH","Single Site","Active","3","22","44","Multi-Family Residential Rental",,,"INCOME PROPERTY MANAGEMENT",,,,"7",,,,,,,,,,,"-","-","-","-","-","-","-",,,,,,,,,,,,,,,,"false","POINT (-122.72838 45.59364)"
"LYNDON MUSOLF MANOR",,"216 NW 3RD AVE","PORTLAND","97209","MULTNOMAH","Single Site","Active","1","17","33","Multi-Family Residential Rental","2009",,"INNOVATIVE HOUSING",,"Innovative Housing, Inc","Non-Profit","95",,"5",,"0","96",,"0","0","0","0","12","0","83","0","0","0","0",,,,"01/01/2068",,,,"07/28/2066",,,,,,"01/01/2068",,"false","POINT (-122.67345 45.5246)"
"4960 NE 6TH AVE",,"4960 NE 6TH AVE","PORTLAND","97211","MULTNOMAH","Single Site","Active","3","22","43","Multi-Family Residential Rental",,,,,,,"8",,,,,,,,,,,"-","-","-","-","-","-","-",,,,,,,,,,,,,,,,"false","POINT (-122.65948 45.55893)"
"HALSEY 106",,"10520 NE HALSEY ST","PORTLAND","97220","MULTNOMAH","Single Site","Active","3","24","47","Multi-Family Residential Rental",,,,,"Human Solutions, Inc","Non-Profit","52",,"2",,,"11",,"31","10","0","0","-","-","-","-","-","-","-",,,,,,,,,,,,,,,,"false","POINT (-122.5542 45.53352)"
"AURORA, THE (FKA STARK STREET HOUSING)",,"16015 SE STARK ST","PORTLAND","97233","MULTNOMAH","Single Site","Active","3","25","49","Multi-Family Residential Rental",,,,,"Human Solutions, Inc.","Non-Profit","93","16",,,"16","0",,"47","33","13","0","31","0","0","62","0","0","0",,,,,,,,,,,,,,,,"false","POINT (-122.49864 45.51915)"
"MIRACLES-CENTRAL",,"1306 NE 2ND AVE","PORTLAND","97232","MULTNOMAH","Single Site","Active","3","22","43","Multi-Family Residential Rental",,,,,"Central City Concern","Non-Profit","47",,"2",,"0",,,,,,,"1","0","28","18","0","0","0",,,"07/01/2077",,,,,,,,"07/01/2077",,,"07/01/2077",,"false","POINT (-122.66369 45.53237)"
"TAYLOR STREET",,"1330 SE TAYLOR ST","PORTLAND","97214","MULTNOMAH","Single Site","Active","1","21","42","Multi-Family Residential Rental",,,"REACH CDC",,,,"10",,,,,,,,,,,"-","-","-","-","-","-","-",,,,,,,,,,,,,,,,"false","POINT (-122.65193 45.51506)"
"Westmorelands Union Manor","Westmorelands Union Manor","6404 SE 23RD AVE","PORTLAND","97202","MULTNOMAH","Scattered","Active",,,,"Elderly Apartments","1966","2,017","Manor Management Services Inc",,"Westmoreland Union Manor One LP","For-Profit","301","217","15",,"0","29","198","38","0","0","0","0","0","0","116","0","0","0",,"06/01/2015","01/01/2077",,,,,,,,"06/01/2077","05/31/2035",,"06/01/2077","Housing Assistance Payment","true","POINT (-122.64226 45.47688)"
"MARK O HATFIELD BUILDING",,"726 W BURNSIDE ST","PORTLAND","97209","MULTNOMAH","Single Site","Active","1","17","33","Multi-Family Residential Rental","2010",,"CENTRAL CITY CONCERN",,"Central City Concern","Non-Profit","106",,,,,,,,,,,"-","-","-","-","-","-","-",,,,"01/01/2054",,,,"11/10/2054",,,,,,"11/10/2054",,"false","POINT (-122.67801 45.52302)"
"1200 BUILDING",,"1220 SW 12TH AVE","PORTLAND","97205","MULTNOMAH","Single Site","Active","1","17","33","Multi-Family Residential Rental","1983",,"HARSCH INVESTMENT CORP",,,,"89","89",,,"0","0",,"89","0","0","0","0","0","0","89","0","0","0",,,"01/01/2075",,,"02/01/2029","01/01/2044",,,,"09/15/2044","08/31/2032",,"01/01/2075","Housing Assistance Payment","false","POINT (-122.68602 45.51702)"
"4030 SE MAIN ST",,"4030 SE MAIN ST","PORTLAND","97214","MULTNOMAH","Single Site","Active","3","21","42","Multi-Family Residential Rental",,,,,"N WILLLIAMS AVE APTS LLC","Non-Profit","2",,,,,,,,,,,"-","-","-","-","-","-","-",,,,,,,,,,,,,,,,"false","POINT (-122.62087 45.51358)"
"Lovejoy Station","Lovejoy Station","1040 NW 10TH AVE","PORTLAND","97209","MULTNOMAH","Scattered","Active","1","17","33","Multi-Family Residential Rental","2001",,"Pinehurst Management, LLC",,"Home Forward","Housing Authority","181",,"0",,,"76","76","66","39","0","0",,"27","45","37","72",,"-",,"09/19/2001","01/01/2062",,,,,,,,,,,"01/01/2062",,"true","POINT (-122.68138 45.5307)"
"GARFIELD GARDENS",,"4525 NE GRAND AVE","PORTLAND","97211","MULTNOMAH","Single Site","Active","3","22","43","Multi-Family Residential Rental","2005",,"PORTLAND COMMUNITY REINVESTMENT INITIATIVES INC",,,,"11",,,,,,,,,,,"-","-","-","-","-","-","-",,,,,,,,,,,,,,,,"false","POINT (-122.66054 45.5559)"
"EMILIE HOUSE",,"5520 NE GLISAN ST","PORTLAND","97213","MULTNOMAH","Single Site","Active","3","23","45","Multi-Family Residential Rental",,,"PROVIDENCE HEALTH & SERVICES WASHINGTON",,,,"41","40",,,,"11",,"29","0","0","0","-","-","-","-","-","-","-",,,,,,,,,,,,"07/31/2031",,"07/31/2031","Housing Assistance Payment","false","POINT (-122.60703 45.5265)"
"ESTATES PLAZA",,"5421 NE 14TH PL","PORTLAND","97211","MULTNOMAH","Single Site","Active","3","22","43","Multi-Family Residential Rental",,,"CASCADE MANAGEMENT CORP.",,,,"9","9",,,,"2",,"5","2","0","0","-","-","-","-","-","-","-",,,,,,,,,,,,"12/31/2041",,"12/31/2041","Housing Assistance Payment","false","POINT (-122.65066 45.56239)"
"HOLMAN HOUSE",,"2615 N HOLMAN ST","PORTLAND","97217","MULTNOMAH","Single Site","Active","3","22","44","Multi-Family Residential Rental",,,,,,,"5",,,,,,,,,,,"-","-","-","-","-","-","-",,,,,,,,,,,,,,,,"false","POINT (-122.69385 45.56818)"
"645 N SARATOGA ST",,"645 N SARATOGA ST","PORTLAND","97217","MULTNOMAH","Single Site","Active","3","22","44","Multi-Family Residential Rental",,,"NW HOUSING ALTERNATIVES",,,,"18",,,,,,,,,,,"-","-","-","-","-","-","-",,,,,,,,,,,,,,,,"false","POINT (-122.67344 45.5726)"
"Cathedral Village","Cathedral Village","8614 N CRAWFORD","PORTLAND","97203","MULTNOMAH","Scattered","Active","3","17","33","Multi-Family Residential Rental","2022",,"Quantum Residential Inc.","Related Northwest","Cathedral Village Partners Limited Partnership","Non-Profit","110","0","6","110","8","17","17","37","45","11","0","37","0","0","73","0","0","0","21/01/2021","10/12/2022","12/31/2052",,,,,,,,"12/31/2052",,,"12/31/2052",,"true","POINT (-122.75822 45.586)"
"CAMBRIDGE COURT",,"5224 N VANCOUVER AVE","PORTLAND","97217","MULTNOMAH","Single Site","Active","3","22","43","Multi-Family Residential Rental","2008",,"CENTRAL CITY CONCERN",,,,"20",,,,,,,,,,,"-","-","-","-","-","-","-",,,,,,,,,,,,,,,,"false","POINT (-122.66841 45.56061)"
"FIFTH AVENUE PLACE APTS",,"314 NW 5TH AVE","PORTLAND","97209","MULTNOMAH","Single Site","Active","1","17","33","Multi-Family Residential Rental","1998",,"EMPIRE PLACE APARTMENTS LP",,"Menashe, Michael","For-Profit","70",,,,,"50",,"15","5","0","0","-","-","-","-","-","-","-",,,"01/01/2029",,,,,,,,,,,"01/01/2029",,"false","POINT (-122.6755 45.52544)"
"Oliver Station","Oliver Station","5931 SE 92ND AVE","PORTLAND","97266","MULTNOMAH","Scattered","Active","3","23","46","Multi-Family Residential Rental","2018",,"Pacificap Management, Inc.","Palindrome Communities, LLC","Palindrome Lents Limited Partnership","For-Profit","145","0","3","126","0","0",,"48","78","0","0","6","0","0","119","0","0","0","23/11/2016","07/25/2018","09/12/2048",,,,,,,,,,,"09/12/2048",,"true","POINT (-122.56861 45.47954)"
"ME RE CENTER",,"12309 SE BUSH ST","PORTLAND","97236","MULTNOMAH","Single Site","Active","3","24","48","Multi-Family Residential Rental",,,"EASTCO DIVERSIFIED SERVICES INC",,,,"10","5",,,,"0",,"5","0","0","0","-","-","-","-","-","-","-",,,,,,,,,,,,"07/31/2031",,"07/31/2031","Housing Assistance Payment","false","POINT (-122.53674 45.49483)"
"Milepost 5","Milepost 5","850 NE 81ST AVE","PORTLAND","97213","MULTNOMAH","Scattered","Active","3","23","45","Multi-Family Residential Rental","2019",,"FPI Management, Inc.","Community Development Partners","MP5 Limited Partnership","For-Profit","95","0","1","95","0","80",,"13","2","0","0","1","45","13","36","0","0","0","01/09/2023","08/01/2019","12/31/2050",,,,,,,,"12/31/2051",,,"12/31/2051",,"true","POINT (-122.57982 45.5292)"
"HOWARD HOUSE",,"2644 SE POWELL BLVD","PORTLAND","97202","MULTNOMAH","Single Site","Active","3","21","42","Multi-Family Residential Rental","2007",,"CASCADE MANAGEMENT INC",,,,"8",,,,,,,,,,,"-","-","-","-","-","-","-",,,,,,,,,,,,,,,,"false","POINT (-122.63859 45.49786)"
"HAVEN HOUSE",,"3423 SE 69TH AVE","PORTLAND","97206","MULTNOMAH","Single Site","Active","6","11","21","Multi-Family Residential Rental","2005",,,,,,"3",,,,,,,,,,,"-","-","-","-","-","-","-",,,,,,,,,,,,,,,,"false","POINT (-122.5923 45.49771)"
"GLENDOVEER WOODS",,"333 NE 146TH AVE","PORTLAND","97230","MULTNOMAH","Single Site","Active","3","24","47","Multi-Family Residential Rental","2015",,,,,,"112",,,,,,,,,,,"-","-","-","-","-","-","-",,,,,,,,,,,,,,,,"false","POINT (-122.51322 45.5243)"
"HELENS VIEW",,"360 SW 6TH ST","GRESHAM","97080","MULTNOMAH","Single Site","Active",,,,"Multi-Family Residential Rental","1974",,,,"New Narrative (fna Luke-Dorf, Inc.)",,"30",,"6",,,,,,,,,"-","-","-","-","-","-","-",,,,,,,,"07/31/2033",,,,,,"07/31/2033",,"false","POINT (-122.43573 45.49313)"
"7920 SE 72ND AVE",,"7920 SE 72ND AVE","PORTLAND","97206","MULTNOMAH","Single Site","Active","5","23","46","Multi-Family Residential Rental","1970",,,,,,"33",,,,,,,,,,,"-","-","-","-","-","-","-",,,,,,,,,,,,,,,,"false","POINT (-122.58758 45.46603)"
"HARRIET COURT",,"7505 SE HENRY","PORTLAND","97206","MULTNOMAH","Single Site","Active","5","23","46","Multi-Family Residential Rental",,,"CASCADIA BEHAVIORAL HEALTHCARE",,,,"16",,,,,,,,,,,"-","-","-","-","-","-","-",,,,,,,,,,,,,,,,"false","POINT (-122.58542 45.47688)"
"MCCARTHY PLACE",,"959 NE 165TH AVE","PORTLAND","97230","MULTNOMAH","Single Site","Active","3","25","49","Multi-Family Residential Rental","2003",,"CASCADIA BEHAVIORAL HEALTHCARE INC",,,,"10","10",,,,"7",,"3","0","0","0","-","-","-","-","-","-","-",,,,,,,,,,,,"08/31/2031",,"08/31/2031","Housing Assistance Payment","false","POINT (-122.49356 45.52986)"
"2522 SE 18TH AVE",,"2528 SE 18TH AVE","PORTLAND","97202","MULTNOMAH","Single Site","Active","1","21","42","Multi-Family Residential Rental",,,,,"SABIN COMMUNITY DEVELOPMENT CORPORATION","Non-Profit","3",,,,,,,,,,,"-","-","-","-","-","-","-",,,,,,,,,,,,,,,,"false","POINT (-122.64764 45.50467)"
"1925 SE ALDER ST",,"1925 SE ALDER ST","PORTLAND","97214","MULTNOMAH","Single Site","Active","1","21","42","Multi-Family Residential Rental",,,,,"GSL PROPERTIES","Non-Profit","5",,,,,,,,,,,"-","-","-","-","-","-","-",,,,,,,,,,,,,,,,"false","POINT (-122.64593 45.5179)"
"1803 SE WOODWARD ST",,"1809 SE WOODWARD ST","PORTLAND","97202","MULTNOMAH","Single Site","Active","1","21","42","Multi-Family Residential Rental",,,,,"CATHOLIC CHARITIES","Non-Profit","3",,,,,,,,,,,"-","-","-","-","-","-","-",,,,,,,,,,,,,,,,"false","POINT (-122.64737 45.50205)"
"BUTTE HOTEL",,"610 NW DAVIS ST","PORTLAND","97209","MULTNOMAH","Single Site","Active","1","17","33","Multi-Family Residential Rental","2013",,"CENTRAL CITY CONCERN",,"Central City Concern","Non-Profit","38",,"4",,"0",,,,,,,"0","37","1","0","0","0","0",,,,,,,,"03/31/2073",,,,,,"03/31/2073",,"false","POINT (-122.67678 45.52449)"
"LAURELHURST ASSISTED LIVING FACILITY",,"15 SE 55TH AVE","PORTLAND","97215","MULTNOMAH","Single Site","Active","3","21","42","Assisted Living (ALF)","1954",,,,"LHH Property, LLC",,"37","37",,,,,,,,,,"-","-","-","-",,,,,,,,,,,,,,"05/15/2036",,,"05/15/2036",,"true","POINT (-122.60751 45.52276)"
"2643 SE 48TH AVE",,"2643 SE 48TH AVE","PORTLAND","97206","MULTNOMAH","Single Site","Active","3","21","42","Multi-Family Residential Rental",,,,,,,"5",,,,,,,,,,,"-","-","-","-","-","-","-",,,,,,,,,,,,,,,,"false","POINT (-122.61301 45.50364)"
"RUSSET & MORRIS GREEN PLEXES",,"76 NE RUSSET ST","PORTLAND","97211","MULTNOMAH","Single Site","Active","3","22","44","Multi-Family Residential Rental",,,"PORTLAND COMMUNITY REINVESTMENT INITIATIVES INC",,"Portland Community Reinvestment Initiatives Inc","Non-Profit","5",,"1",,,"0",,"1","2","2","0","-","-","-","-","-","-","-",,,,,,"04/01/2025",,"03/11/2064",,,,,,"03/11/2064",,"false","POINT (-122.66523 45.57795)"
"MARSHALL UNION MANOR II",,"2020 NW NORTHRUP ST","PORTLAND","97209","MULTNOMAH","Single Site","Active","1","17","33","Multi-Family Residential Rental",,,"MANOR MANAGEMENT SERVICE",,"Marshall LLC","Non-Profit","42","200",,,,"117",,"83","0","0","0","-","-","-","-","-","-","-",,,,,,,,,,,,"07/31/2042",,"07/31/2042","Housing Assistance Payment","false","POINT (-122.69306 45.53133)"
"STARK STREET VILLA",,"12727 SE STARK ST","PORTLAND","97233","MULTNOMAH","Single Site","Active","3","24","47","Multi-Family Residential Rental","2013",,"CASCADE MANAGEMENT INC",,,,"60",,,,,,,,,,,"-","-","-","-","-","-","-",,,,,,,,,,,,,,,,"false","POINT (-122.5319 45.51944)"
"FAULKNER PLACE",,"13319 SE POWELL BLVD","PORTLAND","97236","MULTNOMAH","Single Site","Active","3","22","43","Multi-Family Residential Rental","1994",,"GREATER OREGON BEHAVIORAL HEALTH, INC",,"Cascadia Behavioral Healthcare, Inc","Non-Profit","16",,"0",,,,,,,,,"-","-","-","-","-","-","-",,,,,,,,"05/13/2024",,,"11/15/2030",,,"11/15/2030",,"false","POINT (-122.52547 45.49757)"
"4 SCATTERED SITES - SABIN",,"3958 NE GARFIELD AVE","PORTLAND","97212","MULTNOMAH","Scattered","Active","3","22","43","Multi-Family Residential Rental",,,"SABIN COMMUNITY DEVELOPMENT CORPORATION",,"UNION LABOR RETIREMENT ASSOCIATION","Non-Profit","4",,,,,,,,,,,"-","-","-","-","-","-","-",,,,,,,,,,,,,,,,"false","POINT (-122.66263 45.55164)"
"1724 NE ALBERTA ST",,"1724 NE ALBERTA ST","PORTLAND","97211","MULTNOMAH","Single Site","Active","3","22","43","Multi-Family Residential Rental",,,,,,,"4",,,,,,,,,,,"-","-","-","-","-","-","-",,,,,,,,,,,,,,,,"false","POINT (-122.64718 45.55908)"
"Housing Authority Units: Portland",,"Scattered Sites","PORTLAND","97266","MULTNOMAH","Scattered","Active","3","23","46","Multi-Family Residential Rental","1996",,"ROSE COMMUNITY DEVELOPMENT",,"ASHLEY INVESTMENTS LLC","Non-Profit","83","0","0",,"0",,,,,,,"-","-","-","-","-","-","-",,,,,,,,,,,,,,,,"false",
"EMERSON PLAZA",,"5314 NE 13TH AVE","PORTLAND","97211","MULTNOMAH","Single Site","Active","3","22","43","Multi-Family Residential Rental",,,"CASCADE MANAGEMENT CORP.",,,,"16","16",,,,"8",,"8","0","0","0","-","-","-","-","-","-","-",,,,,,,,,,,,"05/31/2033",,"05/31/2033","Housing Assistance Payment","false","POINT (-122.65207 45.56204)"
"Gladstone Square - Multnomah Manor","Multnomah Manor Apartments","9110 NE HASSALO ST","PORTLAND","97220","MULTNOMAH","Scattered","Active","3","23","45","Multi-Family Residential Rental","1964","2,017","Key Property Services, Inc.",,"Square Manor Limited Partnership","Housing Authority","54","30","0",,,"0",,"12","12","6","0","20",,,"82",,,"-",,"04/29/1998","12/31/2048",,,,,,,,"01/01/2058","09/30/2032",,"01/01/2058","Housing Assistance Payment","true","POINT (-122.56919 45.53095)"
"Nesika Illahee (fka Holman 42)","Nesika Illahee","6300 NE 42ND AVE","PORTLAND","97218","MULTNOMAH","Scattered","Active","3","22","43","Multi-Family Residential Rental","2019",,"FPI Management, Inc.","Community Development Partners","Holman 42 Limited Partnership","For-Profit","59","0","3",,,"13","13","30","9","7","0",,,,"59",,,"-",,"10/01/2018","12/31/2050",,,,,"12/31/2050","12/31/2080",,"12/31/2080",,,"12/31/2080",,"true","POINT (-122.62026 45.56908)"
"WOODY GUTHRIE PLACE",,"5800 SE 91ST AVE","PORTLAND","97266","MULTNOMAH","Single Site","Active","3","23","46","Multi-Family Residential Rental","2018",,"ROSE COMMUNITY DEVELOPMENT",,,,"65",,,,,"0",,"4","7","5","0","-","-","-","-","-","-","-",,,,,,,,,,,,,,,,"false","POINT (-122.56977 45.48062)"
"ALBERTA SIMMONS PLAZA",,"6611 NE MARTIN LUTHER KING JR BLVD","PORTLAND","97211","MULTNOMAH","Single Site","Active","3","22","44","Multi-Family Residential Rental",,,"MANOR MANAGEMENT SERVICES INC",,,,"74","73",,,,"0",,"73","0","0","0","-","-","-","-","-","-","-",,,,,,,,,,,,"07/31/2028",,"07/31/2028","Project Rental Assistance Contract","false","POINT (-122.66137 45.57127)"
"FAB 4 SCATTERED SITE",,"4006 NE 8TH AVE","PORTLAND","97212","MULTNOMAH","Scattered","Active","3","22","43","Multi-Family Residential Rental","2004",,,,,,"5",,,,,,,,,,,"-","-","-","-","-","-","-",,,,,,,,,,,,,,,,"false","POINT (-122.65764 45.55219)"
"MARLA MANOR",,"644 SE 148TH AVE","PORTLAND","97233","MULTNOMAH","Single Site","Active","3","24","47","Multi-Family Residential Rental",,,"CASCADE MANAGEMENT CORP.",,,,"25","25",,,,"0",,"19","6","0","0","-","-","-","-","-","-","-",,,,,,,,,,,,"03/31/2040",,"03/31/2040","Housing Assistance Payment","false","POINT (-122.51074 45.51778)"
"COLUMBIA TERRACE RETIREMENT COMMUNITY",,"16932 SE DIVISION ST","PORTLAND","97236","MULTNOMAH","Single Site","Active","3","24","48","Multi-Family Residential Rental",,,"PACIFIC RETIREMENT SERVICE",,,,"61","61",,,,"0",,"61","0","0","0","-","-","-","-","-","-","-",,,,,,,,,,,,"06/30/2025",,"06/30/2025","Project Rental Assistance Contract","false","POINT (-122.48864 45.50396)"
"STARK MANOR",,"600 SE 217TH AVE","GRESHAM","97030","MULTNOMAH","Single Site","Active","3","25","49","Multi-Family Residential Rental","2010",,"HOME FORWARD",,"CEDAR SINAI PARK","Housing Authority","29",,,,,"0",,"0","17","12","0","-","-","-","-","-","-","-",,,,,,,,,,,,,,,,"false","POINT (-122.43912 45.51784)"
"1725 SE MORRISON ST",,"1725 SE MORRISON ST","PORTLAND","97214","MULTNOMAH","Single Site","Active","1","21","42","Multi-Family Residential Rental",,,,,"HOME FORWARD","Housing Authority","7",,,,,,,,,,,"-","-","-","-","-","-","-",,,,,,,,,,,,,,,,"false","POINT (-122.64796 45.5172)"
"LETTY OWINGS CENTER",,"2545 NE FLANDERS ST","PORTLAND","97232","MULTNOMAH","Single Site","Active","1","21","42","Multi-Family Residential Rental","1915","1,999","CENTRAL CITY CONCERN",,,,"56",,,,,,,,,,,"-","-","-","-","-","-","-",,,,,,,,,,,,,,,,"false","POINT (-122.63948 45.52568)"
"Argyle Gardens (fka LISAH)","Argyle Gardens (fka LISAH)","2310 N HUNT ST & 2250-2344 N COLUMBIA BLVD","PORTLAND","97217","MULTNOMAH","Scattered","Active","3","22","44","Multi-Family Residential Rental","2020",,"Cascade Management, Inc. (Portland)","Transition Projects Inc","LISAH Limited Partnership","Non-Profit","72","18","4","72","0","72","35","0","0","0","0","30","13","6","22","0","0","0","21/06/2019","03/27/2020",,"12/31/2080",,"03/10/2041",,"12/31/2080",,,"12/31/2031",,,"12/31/2080",,"true","POINT (-122.68943 45.58635)"
"124TH & ASH",,"12373 SE ASH ST","PORTLAND","97233","MULTNOMAH","Single Site","Active","3","24","47","Multi-Family Residential Rental",,,"REACH COMMUNITY DEVELOPMENT",,"REACH Community Development, Inc.","Non-Profit","175",,"4",,,"79",,"81","15","0","0","-","-","-","-","-","-","-",,,,,,,,,,,,,,,,"false","POINT (-122.53562 45.52125)"
"CENTRAL CHALET",,"9020 N CENTRAL ST","PORTLAND","97203","MULTNOMAH","Single Site","Active","3","22","44","Multi-Family Residential Rental","1973",,"RELAY RESOURCES",,,,"20",,,,,,,,,,,"-","-","-","-","-","-","-",,,,,,,,,,,,,,,,"false","POINT (-122.75562 45.59347)"
"PROVIDENCE HOUSE",,"5921 E BURNSIDE ST","PORTLAND","97215","MULTNOMAH","Single Site","Active","3","23","45","Multi-Family Residential Rental","2014",,"PROVIDENCE HEALTH & SERVICES WASHINGTON",,,,"40","39",,,,"0",,"39","0","0","0","-","-","-","-","-","-","-",,,,,,,,,,,,"02/28/2029",,"02/28/2029","Project Rental Assistance Contract","false","POINT (-122.60281 45.52287)"
"3909 NE 10TH AVE / FAILING ST",,"935 NE FAILING ST","PORTLAND","97212","MULTNOMAH","Single Site","Active","3","22","43","Multi-Family Residential Rental","1906","1,996",,,"NORTHWEST HOUSING ALTERNATIVES","Non-Profit","2",,,,,,,,,,,"-","-","-","-","-","-","-",,,,,,,,,,,,,,,,"false","POINT (-122.65588 45.55083)"
"11TH/SHAVER DUPLEX",,"3971 NE 11TH AVE","PORTLAND","97212","MULTNOMAH","Single Site","Active","3","22","43","Multi-Family Residential Rental","1995",,"SABIN COMMUNITY DEVELOPMENT CORPORATION",,"HOME FORWARD","Housing Authority","2",,,,,,,,,,,"-","-","-","-","-","-","-",,,,,,,,,,,,,,,,"false","POINT (-122.65471 45.5519)"
"KELLY PLACE",,"1215 NE KELLY AVE","GRESHAM","97030","MULTNOMAH","Single Site","Active","3","25","50","Multi-Family Residential Rental",,,"HOUSING AUTHORITY OF PORTLAND",,"Home Forward","Housing Authority","20",,,,,"0",,"2","5","8","5","-","-","-","-","-","-","-",,,,"01/01/2057",,,,,,,,,,"01/01/2057",,"false","POINT (-122.426 45.50577)"
"Wygant Street","Wygant Street","4808 NE 8TH AVE","PORTLAND","97211","MULTNOMAH","Scattered","Active","3","22","43","Multi-Family Residential Rental","1994",,"Portland Community Reinvestment Initiatives Inc",,"Portland Community Reinvestment Initiatives Inc","Non-Profit","5",,,,,,,,"1","3","1",,,"5",,,,"-",,"04/08/1994",,,,,,"04/08/2049",,,,,,"04/08/2049",,"true","POINT (-122.65759 45.55743)"
"CARRIAGE HILL",,"8010 SW 45TH AVE","PORTLAND","97219","MULTNOMAH","Single Site","Active","1","14","28","Multi-Family Residential Rental",,,,,"Home Forward","Housing Authority","3",,"2",,,,,,,,,"-","-","-","-","-","-","-",,,,,,,,"11/29/2061",,,,,,"11/29/2061",,"false","POINT (-122.72319 45.46639)"
"WOODMERE COMMONS",,"8002 SE DUKE ST","PORTLAND","97206","MULTNOMAH","Single Site","Active","5","23","46","Multi-Family Residential Rental",,,"ROSE COMMUNITY DEVELOPMENT",,,,"4",,,,,,,,,,,"-","-","-","-","-","-","-",,,,,,,,,,,,,,,,"false","POINT (-122.58138 45.47588)"
"1705 SE MORRISON ST",,"1705 SE MORRISON ST","PORTLAND","97214","MULTNOMAH","Single Site","Active","1","21","42","Multi-Family Residential Rental",,,,,"PRAXIS PARTNERS, LLC","Non-Profit","4",,,,,,,,,,,"-","-","-","-","-","-","-",,,,,,,,,,,,,,,,"false","POINT (-122.64834 45.5172)"
"PINES II",,"110 SE 188TH AVE","PORTLAND","97233","MULTNOMAH","Single Site","Active","3","25","49","Multi-Family Residential Rental","1996",,"AFFINITY PROPERTY MANAGEMENT, LLC",,,,"13","13",,,,"0",,"0","37","10","0","-","-","-","-","-","-","-",,,,,,,,,,,,"07/31/2031",,"07/31/2031","Housing Assistance Payment","false","POINT (-122.4701 45.52143)"
"5020 NE 25TH AVE",,"5020 NE 25TH AVE","PORTLAND","97211","MULTNOMAH","Single Site","Active","3","22","43","Multi-Family Residential Rental","1997","1,997",,,,,"2",,,,,,,,,,,"-","-","-","-","-","-","-",,,,,,,,,,,,,,,,"false","POINT (-122.63989 45.5594)"
"604 SE 20TH AVE",,"604 SE 20TH AVE","PORTLAND","97214","MULTNOMAH","Single Site","Active","1","21","42","Multi-Family Residential Rental",,,,,,,"2",,,,,,,,,,,"-","-","-","-","-","-","-",,,,,,,,,,,,,,,,"false","POINT (-122.64554 45.51842)"
"5604 SE DUKE ST",,"5604 SE DUKE ST","PORTLAND","97206","MULTNOMAH","Single Site","Active","5","23","46","Multi-Family Residential Rental","1928",,,,,,"2",,,,,,,,,,,"-","-","-","-","-","-","-",,,,,,,,,,,,,,,,"false","POINT (-122.60568 45.47583)"
"KIRKLAND UNION MANOR III",,"8447 SE LAFAYETTE ST","PORTLAND","97266","MULTNOMAH","Single Site","Active","3","23","46","Multi-Family Residential Rental",,,"MANOR MANAGEMENT SERVICES INC",,,,"56","56",,,,"0",,"56","0","0","0","-","-","-","-","-","-","-",,,,,,,,,,,,"06/30/2028",,"06/30/2028","Project Rental Assistance Contract","false","POINT (-122.57477 45.49618)"
"MORRISON PARK",,"623 SW PARK AVE","PORTLAND","97205","MULTNOMAH","Single Site","Active","1","17","33","Multi-Family Residential Rental","1994",,"INNOVATIVE HOUSING",,"Innovative Housing, Inc","Non-Profit","60",,,,,"48",,"6","6","0","0","-","-","-","-","-","-","-",,,,"01/01/2049",,,,"01/01/2048",,,,,,"01/01/2049",,"false","POINT (-122.68032 45.52006)"
"Beech Street","Beech Street","3650 NE MALLORY AVE","PORTLAND","97212","MULTNOMAH","Scattered","Active","3","22","43","Multi-Family Residential Rental","2014",,"Income Property Management (Portland)",,"Beech Limited Partnership",,"32",,"3",,"0","0",,"1","25","6","0","0","0","0","31","0","0","0",,"07/17/2014",,"01/01/2075",,,,,,,,,,"01/01/2075",,"true","POINT (-122.66322 45.54891)"
"King + Parks Apts","King + Parks Apts","6431-6445 NE MLK JR BLVD","PORTLAND","97211","MULTNOMAH","Scattered","Active","3","22","43","Multi-Family Residential Rental","2020",,"Portland Community Reinvestment Initiatives Inc","PCRI","King Parks Apartments LP","Non-Profit","70","20","4","70",,"0",,"20","38","12","0","4",,,"66",,,"-","20/12/2018","12/19/2018",,"12/31/2081",,,"12/31/2081",,,,"12/31/2081",,,"12/31/2081",,"true","POINT (-122.66137 45.56924)"
"CARITAS VILLA",,"16050 E BURNSIDE ST","PORTLAND","97233","MULTNOMAH","Single Site","Active","3","25","49","Multi-Family Residential Rental","1991",,"CASCADE MANAGEMENT CORP.",,,,"30","30",,,,"3",,"24","3","0","0","-","-","-","-","-","-","-",,,,,,,,,,,,"03/31/2038",,"03/31/2038","Housing Assistance Payment","false","POINT (-122.49832 45.5221)"
"IVON COURT",,"2627 SE 125TH AVE","PORTLAND","97236","MULTNOMAH","Single Site","Active","3","24","48","Multi-Family Residential Rental",,,"AFFINITY PROPERTY MANGEMENT",,,,"8",,,,,,,,,,,"-","-","-","-","-","-","-",,,,,,,,,,,,,,,,"false","POINT (-122.53474 45.50278)"
"2235 SE UMATILLA ST",,"2235 SE UMATILLA ST","PORTLAND","97202","MULTNOMAH","Single Site","Active","5","21","41","Multi-Family Residential Rental","1969",,,,,,"94",,,,,,,,,,,"-","-","-","-","-","-","-",,,,,,,,,,,,,,,,"false","POINT (-122.64179 45.46288)"
"Coburn Woods Apartments","Coburn Woods Apartments","17308 NE COUCH ST","PORTLAND","97230","MULTNOMAH","Scattered","Active","3","25","49","Multi-Family Residential Rental","1997",,"Cascadia Health",,"Coburn Woods, Inc.","Non-Profit","10","10",,,,"0",,"9","1","0","0",,,"10",,,,"-",,"09/29/1997",,,,,,"09/29/2037",,,,"06/30/2025",,"09/29/2037","Project Rental Assistance Contract","true","POINT (-122.48461 45.52263)"
"GRESHAM HOUSE",,"20015 NE SANDY RD","GRESHAM","97030","MULTNOMAH","Single Site","Active","3","25","50","Multi-Family Residential Rental","1993","1,993",,,"SOUTHEAST CO","Housing Authority","1",,,,,,,,,,,"-","-","-","-","-","-","-",,,,,,,,,,,,,,,,"false","POINT (-122.45893 45.54618)"
"Cascadian Terrace","Cascadian Terrace","5700 N KERBY AVE","PORTLAND","97217","MULTNOMAH","Scattered","Active","3","22","44","Multi-Family Residential Rental","1968","2,019","Guardian Real Estate Services, LLC","Community Development Partners","Cascadian Affordable II Limited Partnership","Non-Profit","103","102","0","0","0","86","86","15","1","0","0","0","0","0","103","0","0","0","28/09/2018","08/21/2003","06/01/2050",,,,,,,,"06/01/2050","09/30/2038",,"06/01/2050","Housing Assistance Payment","true","POINT (-122.6729 45.56447)"
"CARRIAGE HILL",,"8008 SW 45TH AVE","PORTLAND","97219","MULTNOMAH","Single Site","Active","1","14","28","Multi-Family Residential Rental",,,,,,,"3",,,,,,,,,,,"-","-","-","-","-","-","-",,,,,,,,,,,,,,,,"false","POINT (-122.72319 45.46641)"
"4548 SE 122ND AVE",,"4548 SE 122ND AVE","PORTLAND","97236","MULTNOMAH","Single Site","Active","3","24","48","Multi-Family Residential Rental",,,,,"GSL PROPERTIES",,"37",,,,,,,,,,,"-","-","-","-","-","-","-",,,,,,,,,,,,,,,,"false","POINT (-122.53775 45.48884)"
"GOOD SHEPHERD II",,"5717 NE SIMPSON ST","PORTLAND","97218","MULTNOMAH","Single Site","Active","3","22","44","Multi-Family Residential Rental",,,"GOOD SHEPHERD LUTHERAN HOME OF THE WEST",,,,"5","5",,,,"5",,"0","0","0","0","-","-","-","-","-","-","-",,,,,,,,,,,,"01/31/2029",,"01/31/2029","Housing Assistance Payment","false","POINT (-122.60407 45.56509)"
"HALSEY STREET PROJECT",,"18940 NE HALSEY ST","PORTLAND","97230","MULTNOMAH","Single Site","Active","3","25","49","Multi-Family Residential Rental",,,"EASTCO DIVERSIFIED SERVICES INC",,,,"6","5",,,,"5",,"0","0","0","0","-","-","-","-","-","-","-",,,,,,,,,,,,"12/26/2025",,"12/26/2025","Project Assistance Contract","false","POINT (-122.46803 45.53368)"
"PINES I",,"110 SE 188TH AVE","PORTLAND","97233","MULTNOMAH","Single Site","Active","3","25","49","Multi-Family Residential Rental","1996",,"AFFINITY PROPERTY MANAGEMENT, LLC",,,,"47","47",,,,"0",,"0","37","10","0","-","-","-","-","-","-","-",,,,,,,,,,,,"07/31/2031",,"07/31/2031","Housing Assistance Payment","false","POINT (-122.4701 45.52143)"
"FIR GROVE",,"4820 SE 122ND AVE","PORTLAND","97236","MULTNOMAH","Single Site","Active","3","24","48","Multi-Family Residential Rental",,,"REACH COMMUNITY DEVELOPMENT INC",,,,"31","30",,,,"0",,"30","0","0","0","-","-","-","-","-","-","-",,,,,,,,,,,,"02/28/2029",,"02/28/2029","Project Rental Assistance Contract","false","POINT (-122.53784 45.48705)"
"DEMAR DOWNS",,"2700 SE 148TH AVE","PORTLAND","97236","MULTNOMAH","Single Site","Active","3","24","48","Multi-Family Residential Rental",,,"HOME FORWARD",,,,"18",,,,,,,,,,,"-","-","-","-","-","-","-",,,,,,,,,,,,,,,,"false","POINT (-122.51046 45.50226)"
"S & P",,"6923 N FESSENDEN ST","PORTLAND","97203","MULTNOMAH","Single Site","Active","3","22","44","Multi-Family Residential Rental","1995",,"HTC PROPERTIES LLC",,,,"5",,,,,,,,,,,"-","-","-","-","-","-","-",,,,,,,,,,,,,,,,"false","POINT (-122.73466 45.59333)"
"4616 NE GARFIELD AVE",,"4616 NE GARFIELD AVE","PORTLAND","97211","MULTNOMAH","Single Site","Active","3","22","43","Multi-Family Residential Rental",,,,,,,"3",,,,,,,,,,,"-","-","-","-","-","-","-",,,,,,,,,,,,,,,,"false","POINT (-122.66259 45.55669)"
"Las Adelitas","Las Adelitas","6723 NE Killingsworth Street","PORTLAND","97218","MULTNOMAH","Scattered","Active","3","22","44","Multi-Family Residential Rental","2022",,"Cascade Management, Inc. (Portland)","Hacienda Community Development Corporation","Las Adelitas Limited Partnership","Non-Profit","142","8","8","142","15","15","15","29","72","26","0","48","0","0","93","0","0","0","11/03/2021","12/19/2022","12/31/2053",,,,"12/31/2053",,"12/31/2053",,"12/31/2053",,,"12/31/2053",,"true","POINT (-122.593 45.5627)"
"622 SE 19TH AVE",,"622 SE 19TH AVE","PORTLAND","97214","MULTNOMAH","Single Site","Active","1","21","42","Multi-Family Residential Rental",,,,,,,"2",,,,,,,,,,,"-","-","-","-","-","-","-",,,,,,,,,,,,,,,,"false","POINT (-122.64654 45.51818)"
"ST. MARYS ETHIOPIAN ORTHODOX",,"7715 SE 92ND AVE","PORTLAND","97266","MULTNOMAH","Single Site","Active",,,,"Multi-Family Residential Rental","1971",,,,,,"5",,,,,,,,,,,"-","-","-","-","-","-","-",,,,,,,,,,,,,,,,"false","POINT (-122.5691 45.46707)"
"Rose, The","Rose, The","631 SE TAYLOR ST","PORTLAND","97214","MULTNOMAH","Scattered","Active","1","21","42","Single Room Occupancy","2020","2,020","REACH Community Development, Inc.","REACH CDI","REACH Rose Apartments Limited Partnership","Non-Profit","58","57","3","10","0","57",,"1","0","0","0","58","0","0","0","0","0","0","03/09/2019","07/14/2020",,"12/31/2081",,"05/20/2041","12/31/2081",,,"12/31/2050",,,,"12/31/2081",,"true","POINT (-122.65908 45.51508)"
"2735 SE CLINTON ST",,"2735 SE CLINTON ST","PORTLAND","97202","MULTNOMAH","Single Site","Active","1","21","42","Multi-Family Residential Rental",,,,,"NATIVE AMERICAN YOUTH AND FAMILY CENTER","Non-Profit","3",,,,,,,,,,,"-","-","-","-","-","-","-",,,,,,,,,,,,,,,,"false","POINT (-122.63795 45.50353)"
"1110 N FAILING ST",,"1110 N FAILING ST","PORTLAND","97227","MULTNOMAH","Single Site","Active","3","22","43","Multi-Family Residential Rental","1913",,,,"HOME FORWARD","Housing Authority","3",,,,,,,,,,,"-","-","-","-","-","-","-",,,,,,,,,,,,,,,,"false","POINT (-122.67801 45.55085)"
"Ava II","Ava II","81 NW AVA AVE","GRESHAM","97030","MULTNOMAH","Scattered","Active","3","25","50","Mini-RCC",,,"Cascadia Health",,"Cascadia Health",,"5",,,,,,,,,,,,,"1",,,,,,,,,,,,"09/03/2059",,,,,,"09/03/2059",,"true","POINT (-122.43675 45.49855)"
"Endelea Court","Endelea Court","5513 NE 27TH AVE","PORTLAND","97211","MULTNOMAH","Scattered","Active","3","22","43","Multi-Family Residential Rental","1998",,"Sabin Community Development Corporation",,"Sabin Community Development Corporation","Non-Profit","6",,,,,,,,"1","5","0",,,"6",,,,"-",,"06/24/1998",,,,,,"06/24/2058",,,,,,"06/24/2058",,"true","POINT (-122.63813 45.56285)"
"Hazelwood Station","Hazelwood Station","14719 E BURNSIDE ST","PORTLAND","97233","MULTNOMAH","Scattered","Active","3","24","47","Multi-Family Residential Rental","2004",,"Cornerstone Residential LLC","TRC Hazelwood, LP","TRC Hazelwood LP",,"60","0","15","0","0","0",,"18","16","19","7","13","0","22","25","0","0","0","21/03/2024","11/25/2002",,"01/01/2064",,"12/31/2045",,"11/25/2062",,,,,,"01/01/2064",,"true","POINT (-122.51152 45.52239)"
"1230 SE IVON ST",,"1230 SE IVON ST","PORTLAND","97202","MULTNOMAH","Single Site","Active","1","21","42","Multi-Family Residential Rental",,,,,,,"2",,,,,,,,,,,"-","-","-","-","-","-","-",,,,,,,,,,,,,,,,"false","POINT (-122.65304 45.50417)"
"LA HACIENDA",,"7906 SE 72ND AVE","PORTLAND","97206","MULTNOMAH","Single Site","Active","5","23","46","Multi-Family Residential Rental","1970",,"RELAY RESOURCES",,,,"7",,,,,,,,,,,"-","-","-","-","-","-","-",,,,,,,,,,,,,,,,"false","POINT (-122.58891 45.46606)"
"ARBOR GLEN",,"2609 SE 145TH AVE","PORTLAND","97236","MULTNOMAH","Single Site","Active","3","24","48","Multi-Family Residential Rental","2009",,"HUMAN SOLUTIONS INC",,"Human Solutions, Inc","Non-Profit","97",,"18",,"0","0",,"4","52","41","0","0","0","66","31","0","0","0",,,"01/01/2064","01/01/2069",,,,,,,"10/15/2049",,,"01/01/2069",,"false","POINT (-122.51383 45.50254)"
"POWELL VISTA MANOR",,"4125 SE 182ND AVE","GRESHAM","97030","MULTNOMAH","Single Site","Active","3","25","50","Multi-Family Residential Rental",,,"CASCADE MANAGEMENT CORP.",,,,"71","70",,,,"6",,"64","0","0","0","-","-","-","-","-","-","-",,,,,,,,,,,,"05/31/2040",,"05/31/2040","Housing Assistance Payment","false","POINT (-122.47658 45.49209)"
"AVENUE PLAZA",,"5025 NE 8TH AVE","PORTLAND","97211","MULTNOMAH","Single Site","Active","3","22","43","Multi-Family Residential Rental",,,"CASCADE MANAGEMENT CORP.",,,,"22","22",,,,"4",,"18","0","0","0","-","-","-","-","-","-","-",,,,,,,,,,,,"06/30/2033",,"06/30/2033","Housing Assistance Payment","false","POINT (-122.65751 45.55971)"
"WOODLAND HEIGHTS RETIREMENT COMMUNITY",,"11625 SE BOISE ST","PORTLAND","97266","MULTNOMAH","Single Site","Active","3","24","48","Multi-Family Residential Rental",,,"PACIFIC RETIREMENT SERVICE",,,,"58","58",,,,"0",,"58","0","0","0","-","-","-","-","-","-","-",,,,,,,,,,,,"06/30/2028",,"06/30/2028","Project Rental Assistance Contract","false","POINT (-122.54242 45.4921)"
"PARK 132",,"13130 SE POWELL BLVD","PORTLAND","97236","MULTNOMAH","Single Site","Active","3","24","48","Multi-Family Residential Rental","1971",,"RELAY RESOURCES",,,,"20",,,,,,,,,,,"-","-","-","-","-","-","-",,,,,,,,,,,,,,,,"false","POINT (-122.52796 45.49699)"
"KILLINGSWORTH COURT",,"606 NE KILLINGSWORTH CT","PORTLAND","97211","MULTNOMAH","Single Site","Active","3","22","43","Multi-Family Residential Rental","2005",,,,,,"6",,,,,,,,,,,"-","-","-","-","-","-","-",,,,,,,,,,,,,,,,"false","POINT (-122.65933 45.56228)"
"29 NE 148TH AVE",,"29 NE 148TH AVE","PORTLAND","97230","MULTNOMAH","Single Site","Active","3","24","47","Multi-Family Residential Rental","2004",,,,"HOME FORWARD","Housing Authority","12",,,,,,,,,,,"-","-","-","-","-","-","-",,,,,,,,,,,,,,,,"false","POINT (-122.51066 45.52292)"
"Hayu Tilixam","Hayu Tilixam","5827 NE Prescott","PORTLAND","97218","MULTNOMAH","Scattered","Active","3","22","44","Multi-Family Residential Rental","2022",,"FPI Management, Inc.","Community Development Partners","NE Prescott Limited Partnership",,"50","9",,"50","9","8","8","22","11","9","0","17","0","11","22","0","0","0","30/03/2021","09/02/2022","12/31/2053",,,,,,,,"12/31/2053",,,"12/31/2053",,"true","POINT (-122.60267 45.55548)"
"CORA PARK APTS",,"4207 SE 37TH AVE","PORTLAND","97202","MULTNOMAH","Single Site","Active","3","21","42","Multi-Family Residential Rental",,,,,,,"10",,,,,"0",,"0","6","4","0","-","-","-","-","-","-","-",,,,,,,,,,,,,,,,"false","POINT (-122.62462 45.49226)"
"ROCKWOOD STATION",,"19100 E BURNSIDE ST","PORTLAND","97233","MULTNOMAH","Single Site","Active","3","25","50","Multi-Family Residential Rental",,,"QUANTUM RESIDENTIAL SERVICES INC",,,,"195",,,,,"0",,"78","117","0","0","-","-","-","-","-","-","-",,,,,,,,,,,,,,,,"false","POINT (-122.46641 45.51858)"
"Renaissance Commons fka REACH Argyle","Renaissance Commons (aka REACH Argyle)","2133 N ARGYLE ST","PORTLAND","97217","MULTNOMAH","Scattered","Active","3","22","44","Multi-Family Residential Rental","2020",,"REACH Community Development, Inc.","REACH CDC","REACH Argyle Limited Partnership","Non-Profit","189","0","10","189",,"53","53","71","47","18","0",,,,"189",,,"-","28/01/2019","07/27/2020","12/31/2051",,,,"12/31/2051",,"12/31/2054",,"12/31/2054",,,"12/31/2054",,"true","POINT (-122.6876 45.58454)"
"LEXINGTON COURT",,"7860 SE 72ND AVE","PORTLAND","97206","MULTNOMAH","Single Site","Active","5","23","46","Multi-Family Residential Rental",,,"HOME FORWARD",,,,"19",,,,,,,,,,,"-","-","-","-","-","-","-",,,,,,,,,,,,,,,,"false","POINT (-122.58934 45.46652)"
"GATEWAY",,"125 GATEWAY BLVD","COTTAGE GROVE","97424","OR","Single Site","Active",,,,"Multi-Family Residential Rental",,,,,"DMP Investments","PROFIT","37","37",,,,,,"1","26","10",,,,,,,,,,,,,,,,,,,,"12/22/2026",,"12/22/2026","Housing Assistance Payment","false","POINT (-123.0488 43.79819)"
"El Glen 2","El Glen 2","730 E Clay St","Monmouth","97361","Polk","Single Site","Active","6","10","20","Multi-Family Residential Rental","2018",,"Polk Community Development Corp",,"El Glen 2","Non-Profit","6","0","4",,"0","0",,"4","2","0","0","0","0","6","0","0","0","0",,"08/10/2017",,,"10/15/2078",,"03/01/2079",,,,,,,"03/01/2079",,"true","POINT (-123.22756 44.8474)"
"La Creole Townhomes","La Creole Townhomes_3","245 SW Walnut Avenue","Dallas","97338","Polk","Scattered","Active","0","0","0","0","2022",,"West Valley Housing Authority","McCormack Baron Salazar, Inc. & West Valley Housing Authority","La Creole Townhomes Limited Partnership",,"20","20","0","1","0",,,,,,"0",,,"6","14",,,,"29/09/2022","10/03/2023","12/31/2054",,"12/31/2084","12/31/2043","12/31/2084",,,,"12/31/2084",,,"12/31/2084",,"true","POINT (-123.31741 44.92661)"
"Levens for Homeless Veterans","Levens for Homeless Veterans","984 SW Levens Street","Dallas","97338","Polk","Scattered","Active","6","12","23","Multi-Family Residential Rental","2020",,"Polk Community Development Corp","Polk CDC","Levens Street Veterans Housing LLC",,"8","0","1","4",,,,"8",,,"0",,,,"8",,,,"04/09/2020","04/28/2021",,,,,,,,,"12/31/2081",,,"12/31/2081",,"true","POINT (-123.32009 44.91969)"
"Firestone Place","Firestone Place","435 E Ellendale Avenue","Dallas","97338","Polk","Single Site","Active","6","12","23","Multi-Family Residential Rental","2013",,"Polk Community Development Corp",,"Firestone Place LLC",,"5",,"1",,"0",,,,"5",,"0","0","0","5","0","0","0","0",,"03/26/2013",,,"01/01/2074",,,"01/01/2074",,,,,,"01/01/2074",,"true","POINT (-123.30636 44.93014)"
"Weaver's Way","Weaver's Way","453 E Ellendale Ave","Dallas","97338","Polk","Single Site","Active",,,,"Multi-Family Residential Rental",,,"Polk Community Development Corp",,"Weaver's Way, LLC","Non-Profit","10",,"0",,"0","0",,"4","2","4","0","0","0","5","4","1","0","0",,"03/22/2016",,,,,,"06/30/2078",,,"06/30/2078",,,"06/30/2078",,"true","POINT (-123.3062 44.93016)"
"La Creole Townhomes","La Creole Townhomes_1","228 SW Walnut Avenue","Dallas","97338","Polk","Scattered","Active","0","0","0","0","2022",,"West Valley Housing Authority","McCormack Baron Salazar, Inc. & West Valley Housing Authority","La Creole Townhomes Limited Partnership",,"20","20","0","1","0",,,,,,"0",,,"6","14",,,,"29/09/2022","10/03/2023","12/31/2054",,"12/31/2084","12/31/2043","12/31/2084",,,,"12/31/2084",,,"12/31/2084",,"true","POINT (-123.31632 44.9266)"
"Jens Place","Jens Place","453 E Ellendale Avenue","Dallas","97338","Polk","Single Site","Active",,,,"Multi-Family Residential Rental","2011",,"Polk Community Development Corp",,"Jen's Place LLC",,"5",,"1",,"0",,,,"5",,"0","0","0","5","0","0","0","0",,"11/23/2009",,,"01/14/2061",,,"11/23/2039",,,,,,"01/14/2061",,"true","POINT (-123.3062 44.93016)"
"Hart Land Apartment Homes","Hart Land Apartment Homes_1","460 Pine Place SE","Dallas",,"Polk","Scattered","Active","6","12","23","Veteran Housing","2023",,"Polk Community Development Corp","Polk Community Development Corporation","Polk Community Development Corporation (Polk CDC)","Non-Profit","10","8","4","6","10","0",,"8","2","0","0","5","0","5","0","0","0","0","23/11/2021","12/31/2022",,,,,"12/31/2082",,,,,,,"12/31/2082",,"true","POINT (-123.30575 44.92865)"
"Rickreall Creek Townhomes","Rickreall Creek Townhomes","277 SW Walnut Ave","Dallas","97338","Polk","Single Site","Active","6","12","23","Multi-Family Residential Rental","2007",,"Polk Community Development Corp",,"Polk Walnut Management LLC",,"36",,"2",,,"0",,"0","16","20","0",,,"36",,,,"-",,"06/05/2007",,"01/01/2047","12/11/2047","01/04/2028",,"01/18/2046",,,"06/05/2047",,,"12/11/2047",,"true","POINT (-123.31882 44.92661)"
"El Glen Apartments","El Glen Apartments","690 Clay Street  E","Monmouth","97361","Polk","Single Site","Active","6","10","20","Elderly-Disabled","2001",,"Polk Community Development Corp",,"Polk Community Development Corporation (Polk CDC)","Non-Profit","12",,"0",,,,,"12",,,"0",,,"9",,"3",,"-",,"12/20/2000",,,,"04/12/2021","01/01/2042","12/20/2030",,,,,,"01/01/2042",,"true","POINT (-123.22808 44.84741)"
"NHA Sunnyslope and College Manor","College Manor","265 College Street","Monmouth","97361","Polk","Scattered","Active","0","0","0","Multi-Family Residential Rental","1973","2,020","Cascade Management, Inc. (Portland)","Northwest Housing Alternatives","SunCo Limited Partnership",,"20","20","2","60",,,"2","16","30","18","4",,,"45","25",,,,"01/04/2020","09/08/2020","12/31/2051",,,"01/13/2042",,,,,"12/31/2081",,,"12/31/2081",,"true","POINT (-123.23892 44.84669)"
"Village Apartments, The","Village Apartments, The","373 N Catron Street","Monmouth","97361","Polk","Single Site","Active","6","10","20","Elderly-Disabled","2010",,"Grand Management Services, Inc.",,"Vier Sterne 24 LLC","Limited Dividend","22","22","2",,"0","0",,"22","0","0","0","0","0","23","0","0","0","0",,"01/23/2012",,,"01/23/2062",,"07/01/2062",,,,,"05/31/2036",,"07/01/2062","Housing Assistance Payment","true","POINT (-123.23053 44.85132)"
"Franklin Place","Franklin Place","317 S Ecols","Monmouth","97361","Polk","Single Site","Active","6","10","20","Multi-Family Residential Rental","1992",,"Cascade Management, Inc. (Portland)",,"Franklin Place Monmouth Associates, a Washington LP",,"35","33","2",,,,,"17","14","4","0",,,,"35",,,"-",,"12/02/1992",,"12/02/2042",,,,,,,,,"2042 Nov 28 12:00:00 AM","12/02/2042",,"true","POINT (-123.23102 44.84574)"
"Birchwood","Birchwood","453 E Ellendale","Dallas","97338","Polk","Single Site","Active","6","12","23","Multi-Family Residential Rental",,,"Polk Community Development Corp",,"Birchwood LLC",,"5",,"0",,"0",,,,"5",,"0","0","0","5","0","0","0","0",,"03/30/2015",,,"01/25/2076",,"10/01/2075",,,,,,,"01/25/2076",,"true","POINT (-123.3062 44.93016)"
"SHA RAD Group I Brush College Village and Meadowlark Village","Brush College Village","1560-1598 Brush College Rd NW","Salem","97304","Polk","Scattered","Active","0","0","0","Multi-Family Residential Rental","2020","2,021","Salem Housing Authority","Salem Housing Authority","Salem Housing Preservation 9 Percent LP",,"22","0","4","4",,,,"4","4","37","10",,"16",,"39",,,,"06/12/2019","06/01/2021","12/31/2081",,,"02/23/2042","12/31/2081",,,,,,,"12/31/2081",,"true","POINT (-123.0678 44.97158)"
"Hillside Villa","Hillside Villa","1475 Main Street","Dallas","97338","Polk","Single Site","Active","6","12","23","Disabled Apartments","2006",,"Polk Community Development Corp",,"Polk Hillside Villa LLC",,"6","0","2",,"0",,"6",,,,"0","0","0","6","0","0","0","0",,"10/17/2006",,,"05/29/2038",,,"12/01/2036",,,"12/04/2036",,,"05/29/2038",,"true","POINT (-123.3167 44.91453)"
"La Creole Townhomes","La Creole Townhomes_2","238 SW Walnut Avenue","Dallas","97338","Polk","Scattered","Active","0","0","0","0","2022",,"West Valley Housing Authority","McCormack Baron Salazar, Inc. & West Valley Housing Authority","La Creole Townhomes Limited Partnership",,"20","20","0","1","0",,,,,,"0",,,"6","14",,,,"29/09/2022","10/03/2023","12/31/2054",,"12/31/2084","12/31/2043","12/31/2084",,,,"12/31/2084",,,"12/31/2084",,"true","POINT (-123.31697 44.92661)"
"Ash Creek Terrace","Ash Creek Terrace","198 9th Street","Dallas","97338","Polk","Single Site","Active","6","12","23","Veteran Housing","2019",,"Polk Community Development Corp","Polk Community Development Corporation","Polk Community Development Corporation (Polk CDC)","Non-Profit","4","4","2",,"4","0",,"4","0","0","0","0","0","4","0","0","0","0",,"06/01/2017",,,,,,,,,"05/01/2079",,,"05/01/2079",,"true",
"East Place Apts","East Place Apts","267 SW Walnut Avenue","Dallas","97338","Polk","Single Site","Active","6","12","23","Multi-Family Residential Rental","2008",,"Polk Community Development Corp",,"East Place LLC",,"5",,"1",,"0",,"4",,"1",,"0","0","0","5","0","0","0","0",,"04/02/2008",,,"01/13/2041",,,"04/02/2038",,,,,,"01/13/2041",,"true","POINT (-123.31785 44.92661)"
"Woodbridge Meadows","Woodbridge Meadows","288 SE Dimick Street","Dallas","97338","Polk","Single Site","Active","6","12","23","Multi-Family Residential Rental","2002",,"Polk Community Development Corp",,"WM Dallas LLC",,"40",,"2",,"0","0",,"0","19","21","0","0","0","39","0","0","0","1",,"11/21/2001",,"01/01/2052","12/31/2053","03/21/2023",,"11/21/2041",,,,,,"12/31/2053",,"true","POINT (-123.3099 44.92801)"
"WEST VALLEY HOUSING AUTHORITY UNITS",,"2122 SE LAURA LN, 2250 SE LAURA LN, 395 SE FIR VILLA RD, 405 SE FIR VILLA RD","DALLAS","97338","POLK","Single Site","Active",,,,"ERROR: #N/A",,,,,,,"4",,,,,,,,,,,"-","-","-","-","-","-","-",,,,,,,,,,,,,,,,"false",
"COUNTRYWOOD MANOR",,"217 SE LACREOLE DR","DALLAS","97338","POLK","Single Site","Active","6","12","23","Multi-Family Residential Rental",,,"CAMBRIDGE MANAGEMENT",,,,"49","47","3",,,,,,,,,"-","-","-","-","-","-","-",,,,,,,,,,,,,"2029 Nov 29 12:00:00 AM","11/29/2029",,"false","POINT (-123.2997 44.92876)"
"SOUTHTOWN APTS",,"08-4W-30 TL 800","MONMOUTH","97361","POLK","Single Site","Active","6","10","20","Multi-Family Residential Rental",,,,,"Mountain West Investment","For-Profit","119",,"0",,"0","0",,"36","70","12","0","0","0","0","97","0","0","0",,,"01/01/2046",,,,,"01/01/2046",,,,,,"01/01/2046",,"false",
"Dallas Retirement Village ALF (aka DMRC)","Dallas Retirement Village ALF (aka DMRC)","340 NW BRENTWOOD AVE","DALLAS","97338","POLK","Scattered","Active","6","12","23","Assisted Living (ALF)","1997",,"Life Care Services LLC",,"Dallas Mennonite Retirement Community, Inc.",,"45","9",,,,,"25","20",,,"0",,,"24",,,,,,,,,,,,,,,"02/15/2032",,,"02/15/2032",,"true","POINT (-123.32029 44.93158)"
"DALLAS FAMILY TOWNHOUSES",,"228 SW WALNUT AVE","DALLAS","97338","POLK","Single Site","Active","6","12","23","Multi-Family Residential Rental",,,,,,,"20",,,,,,,,,,,"-","-","-","-","-","-","-",,,,,,,,,,,,,,,,"false","POINT (-123.31632 44.9266)"
"BRUSH COLLEGE VILLAGE",,"1560 BRUSH COLLEGE RD NW","SALEM","97304","POLK","Single Site","Active","6","10","20","Multi-Family Residential Rental",,,"HOUSING AUTHORITY OF THE CITY OF SALEM",,"Housing Authority of the City of Salem","Housing Authority","22",,"4",,,,,,,,,"0","10","0","44","0","0","0",,,,"12/31/2081",,"02/23/2042","12/31/2081",,,,,,,"12/31/2081",,"false","POINT (-123.0678 44.97158)"
"KINGWOOD WEST",,"1947 SALEM DALLAS HWY NW","SALEM","97304","POLK","Single Site","Active","6","10","20","Multi-Family Residential Rental",,,"WEST VALLEY HOUSING AUTHORITY",,,,"100",,,,,,,,,,,"-","-","-","-","-","-","-",,,,,,,,,,,,,,,,"false","POINT (-123.07095 44.9366)"
"ASH CREEK TOWNHOMES",,"956 MONMOUTH ST","INDEPENDENCE","97351","POLK","Single Site","Active","6","10","20","Multi-Family Residential Rental",,,"WEST VALLEY HOUSING AUTHORITY",,,,"9",,,,,,,,,,,"-","-","-","-","-","-","-",,,,,,,,,,,,,,,,"false","POINT (-123.19738 44.85117)"
"ARBOR COURT",,"610 ARBOR CT","INDEPENDENCE","97351","POLK","Single Site","Active","6","10","20","Multi-Family Residential Rental",,,"WEST VALLEY HOUSING AUTHORITY",,,,"20",,,,,,,,,,,"-","-","-","-","-","-","-",,,,,,,,,,,,,,,,"false","POINT (-123.19233 44.84623)"
"Park West Apartments","Park West Apartments","1060 E ST","INDEPENDENCE","97351","POLK","Scattered","Active","6","10","20","Multi-Family Residential Rental","1995","2,023","Polk Community Development Corp","Polk Community Development Corporation","Polk Community Development Corporation (Polk CDC)","Non-Profit","19","0","0",,"0",,,,"9","10","0","0","0","10","9","0","0","0","02/06/2022","09/28/1995",,,"12/31/2083",,"12/31/2083","01/01/2037",,,"12/31/2083",,,"12/31/2083",,"true","POINT (-123.19946 44.84933)"
"PIONEER VILLAGE",,"375 TAYBIN RD NW","SALEM","97304","POLK","Single Site","Active","6","10","20","Multi-Family Residential Rental",,,"WEST VALLEY HOUSING AUTHORITY",,,,"160",,,,,,,,,,,"-","-","-","-","-","-","-",,,,,,,,,,,,,,,,"false","POINT (-123.04837 44.95191)"
"LA CREOLE MANOR",,"345 SW DONALD ST","DALLAS","97338","POLK","Single Site","Active","6","12","23","Multi-Family Residential Rental",,,"WEST VALLEY HOUSING AUTHORITY",,,,"60",,,,,"36",,"24","0","0","0","-","-","-","-","-","-","-",,,,,,,,,,,,,,,,"false","POINT (-123.31561 44.9267)"
"Colonia Amistad","Colonia Amistad","30 S GUN CLUB RD","INDEPENDENCE","97351","POLK","Scattered","Active","6","10","20","Multi-Family Residential Rental","2007",,"Evolve Workforce and Multifamily Housing Mgmt.","Farmworker Housing Development Corporation","Colonia Amistad Limited Partnership",,"38","0","3","3",,"0",,"0","15","19","4",,"4","34",,,,"-","22/08/2022","11/23/2005",,"01/01/2057","12/13/2057","11/29/2027","12/31/2083","11/23/2055",,,"07/02/2057",,,"12/31/2083",,"true","POINT (-123.20704 44.85479)"
"Sagewind Manor","Sagewind Manor","302 Dewey Street","Moro","97039","Sherman","Single Site","Active","2","29","57","Elderly Apartments","2003",,"Columbia Cascade Housing Corporation","Mid-Columbia Housing Authority","Mid-Columbia Housing Authority","Housing Authority","12","0","2",,,,,"12",,,"0",,,"2","10",,,"-",,"06/27/2003",,,"11/30/2065",,,"06/27/2063",,,"10/15/2035",,,"11/30/2065",,"true","POINT (-120.73198 45.48192)"
"Holden Creek Village","Holden Creek Village","3804 12th Street","Tillamook","97141","Tillamook","Single Site","Active","0","0","0","Multi-Family Residential Rental","2021",,"Income Property Management (Portland)","NOHA/KemperCo","Tillamook Bay Housing LLC",,"60","18","3","20",,,,"18","24","18","0",,,,"60",,,,"29/05/2020","05/01/2020","12/31/2051",,,,,,"12/31/2051",,"12/31/2051",,,"12/31/2051",,"true","POINT (-123.82256 45.44874)"
"Champion Park Apartments Phase II","Champion Park Apartments Phase II","4317 Brookfield Avenue","Tillamook","97141-4238","Tillamook","Single Site","Active","1","16","32","Multi-Family Residential Rental","2004",,"Guardian Real Estate Services, LLC",,"Champion Housing LLC",,"66",,"24",,,"0",,"0","44","22","0",,,,"65",,,"-",,"03/01/2004",,"01/01/2064",,,,,,,,,,"01/01/2064",,"true","POINT (-123.81099 45.45431)"
"Sheridan Square Apartments I","Sheridan Square Apartments I","893 Third Street","Tillamook","97141","Tillamook","Single Site","Active","1","16","32","Elderly Apartments","2000",,"Cascade Management, Inc. (Portland)",,"Sheridan Square Associates, a Washington LP",,"10",,,,,"0",,"6","4","0","0","1","1","8",,,,"-",,"08/29/2000",,"01/01/2050","10/19/2051",,,"05/14/2049",,,,,,"10/19/2051",,"true","POINT (-123.85763 45.45629)"
"Sheridan Square Apartments II","Sheridan Square Apartments II","895 Third Street","Tillamook","97141","Tillamook","Single Site","Active","1","16","32","Elderly Apartments","2000",,"Cascade Management, Inc. (Portland)",,"Sheridan Square Associates, a Washington LP",,"17","16","1",,,,,"17","0","0","0",,,"7","10",,,"-",,"08/29/2000","01/01/2050",,"10/19/2051",,,"05/14/2049",,,,,"2030 Aug 24 12:00:00 AM","10/19/2051",,"true","POINT (-123.85687 45.4563)"
"The Willet FKA Nestucca Ocean Apartments","Nestucca Ocean Apartments","400 Ocean Place","Tillamook",,"Tillamook","Scattered","Active","1","16","32","Multi-Family Residential Rental","2023",,"Key Property Services, Inc.","Green Light Development / Home First Development","Nestucca Ocean Apartments Limited Partnership",,"46","8","3","0","0","0",,"10","36","0","0","8","0","0","38","0","0","0","20/07/2022","09/01/2023","12/31/2054",,,,,,"12/31/2054",,"12/31/2054",,,"12/31/2054",,"true","POINT (-123.93485 45.72252)"
"Nehalem Bay House (ALF)","Nehalem Bay House (ALF)","35386 Tohl Avenue","Nehalem","97131","Tillamook","Single Site","Active","1","16","32","Assisted Living (ALF)",,,"Tillamook County CARE, Inc.","NCD Consulting LLC dba North Development Group","Nehalem Bay House LLC",,"34","7","24","24",,,"24","10",,,"0",,,"7",,,,,,,,,,,,,,,"03/15/2034",,,"03/15/2034",,"true","POINT (-123.9078 45.716)"
"EVERGREEN GARDENS",,"3810 12TH ST","TILLAMOOK","97141","TILLAMOOK","Single Site","Active","1","16","32","Multi-Family Residential Rental",,,"GRAND MANAGEMENT",,,,"34","23","0",,,"0",,"32","2","0","0","-","-","-","-","-","-","-",,,,,,,,,,,,,"2040 Feb 26 12:00:00 AM","02/26/2040",,"false","POINT (-123.82034 45.44984)"
"ECHANIE COURT",,"35435 TOHL AVE","NEHALEM","97131","TILLAMOOK","Single Site","Active","1","16","32","Multi-Family Residential Rental",,,"NORTHWEST OREGON HOUSING ASSOCIA",,,,"12","12","1",,,"0",,"0","8","4","0","-","-","-","-","-","-","-",,,,,,,,,,,,,"2034 Apr 02 12:00:00 AM","04/02/2034",,"false","POINT (-123.90777 45.71687)"
"Champion Park Apartments Phase I","Champion Park Apartments Phase I","4317 BROOKFIELD AVE","TILLAMOOK","97141","TILLAMOOK","Scattered","Active","1","16","32","Multi-Family Residential Rental","1998",,"Guardian Real Estate Services, LLC","Wishcamper Development Partners","Champion Housing LLC",,"64","0",,,,"0",,"0","42","20","2",,,"32","32",,,"-","01/02/2023","06/30/1998",,"01/01/2048",,,,,,,,,,"01/01/2048",,"true","POINT (-123.81099 45.45431)"
"PINE AVENUE",,"403 PINE AVE","TILLAMOOK","97141","TILLAMOOK","Single Site","Active","1","16","32","Multi-Family Residential Rental",,,"VIRIDIAN MANAGEMNET",,"Chrisman Development, Inc;",,"30","30","9",,,"0",,"3","20","7","0","0","0","0","122","0","0","0",,,,,,,,,,,"12/31/2082",,"2050 Jul 23 12:00:00 AM","12/31/2082",,"false","POINT (-123.82751 45.45508)"
"GOLDEN EAGLE II",,"804 CHESTNUT DR","TILLAMOOK","97141","TILLAMOOK","Single Site","Active","0","0","0","Multi-Family Residential Rental",,,"SHIVELEY, GAYLORD W.",,,,"31","32","0",,,"12",,"12","8","0","0","-","-","-","-","-","-","-",,,,,,,,,,,,,"2052 Dec 22 12:00:00 AM","12/22/2052",,"true","POINT (-123.85237 45.45257)"
"JERRY WOODWARD RET CTR",,"2411 4TH ST","TILLAMOOK","97141","TILLAMOOK","Single Site","Active","1","16","32","Multi-Family Residential Rental",,,,,"Northwest Oregon Housing Authority","Housing Authority","10",,"0",,"0",,,,,,,"0","0","0","10","0","0","0",,,,,,,"09/20/2041",,,,,,,"09/20/2041",,"false","POINT (-123.83852 45.45529)"
"Willamette I and II - Meadow Glen","Meadow Glen Apartments","4210 MAROLF PL","TILLAMOOK","97141","TILLAMOOK","Scattered","Active","1","16","32","Multi-Family Residential Rental","2014","2,016","Cascade Management, Inc. (Portland)",,"Willamette Place I Portfolio Company, LLC",,"32","21","6",,,,,"48","22","10","0","0","0","47","64","0","0","0",,"12/31/2015",,"01/01/2077",,,,,,,,,"2044 Dec 24 12:00:00 AM","01/01/2077",,"true","POINT (-123.81541 45.45558)"
"Applewood Village","Applewood Village","549 NW 12th Place","Hermiston","97383","Umatilla","Single Site","Active","2","29","57","Multi-Family Residential Rental","1999",,"Viridian Management, Inc",,"Applewood Village Limited Partnership",,"33",,,,,"0",,"0","12","20","0",,,"33",,,,"-",,"06/22/1999",,"01/01/2036","03/08/2036","02/01/2021",,"06/22/2034",,,,,,"03/08/2036",,"true","POINT (-119.31424 45.84542)"
"Security Apartments","Security Apartments","130 SW Court","Pendleton","97801","Umatilla","Single Site","Active","2","29","58","Multi-Family Residential Rental","1920",,"Viridian Management, Inc",,"Pendleton LINK Limited Partnership",,"25",,,,,"12","12","13","0","0","0",,"1","24",,,,"-",,"05/18/2000",,"01/01/2061","03/17/2063",,,"12/01/2061",,,,,,"03/17/2063",,"true","POINT (-118.78881 45.67202)"
"Indian Hills","Indian Hills","1335 SW Second Street","Pendleton","97801","Umatilla","Single Site","Active","2","29","58","Multi-Family Residential Rental","2007","2,022","Viridian Management, Inc",,"IH Apartments, Limited Partnership",,"48","47","1",,"0","0",,"18","24","6","0","0","0","29","18","0","0","0","31/03/2022","06/01/2007","01/01/2037",,,"06/15/2037",,,,,"05/15/2039",,"2037 May 24 12:00:00 AM","05/15/2039",,"true","POINT (-118.78488 45.65966)"
"Hacienda West","Hacienda West","515 W 13th Place","Hermiston","97838","Umatilla","Single Site","Active","2","29","57","Multi-Family Residential Rental","2003",,"Housing Authority of the County of Umatilla",,"Hacienda West Apartments LP",,"32","25","0",,"0","0",,"0","16","11","5","0","0","31","0","0","0","0",,"02/15/2002",,"01/01/2043","12/30/2043",,,"04/18/2042",,,,,"2033 May 20 12:00:00 AM","12/30/2043",,"true","POINT (-119.31304 45.83715)"
"Multifamily Recovery Housing","Multifamily Recovery Housing","1355 SW Second Street","Pendleton","97801","Umatilla","Single Site","Active","2","29","58","Multi-Family Residential Rental","2006",,"Eastern Oregon Alcoholism Foundation (DBA: Eastern Oregon Recovery Center)",,"Eastern Oregon Alcoholism Foundation (DBA: Eastern Oregon Recovery Center)",,"6",,"1",,,,"6",,,,"0","6",,,,,,"-",,"11/05/2004",,,"06/09/2046",,,"12/06/2044",,,"11/05/2044",,,"06/09/2046",,"true","POINT (-118.78487 45.65924)"
"Sunland Park","Sunland Park","1630 W Sunland Avenue","Hermiston","97838","Umatilla","Single Site","Active","2","29","57","Multi-Family Residential Rental","2007",,"Northwest Real Estate Capital Corp",,"Northwest Sunland LLC","For-Profit","40","40","3",,"0","0",,"0","31","9","0","0","0","0","0","40","0","0",,"09/20/2007","01/01/2049",,,"12/01/2028",,,,,"08/15/2039","07/31/2042",,"01/01/2049","Housing Assistance Payment","true","POINT (-119.3194 45.82982)"
"Cottonwood I Apartments","Cottonwood I Apartments","610 SE 6th Street","Hermiston","97838","Umatilla","Single Site","Active","2","29","57","Multi-Family Residential Rental","2010",,"Cascade Management, Inc. (Portland)",,"Cottonwood I Renewal LLC","For-Profit","22","22","0",,"0","0",,"0","0","22","0","0","0","0","22","0","0","0",,"07/10/2009",,"01/01/2070","01/13/2071","07/09/2030",,"07/10/2069",,,"01/18/2070","07/31/2029",,"01/13/2071","Housing Assistance Payment","true","POINT (-119.28168 45.83612)"
"Goodwin Court","Goodwin Court","238 S Main","Pendleton","97801","Umatilla","Single Site","Active","2","29","58","Multi-Family Residential Rental","2002",,"Widmyer Corporation",,"WSR LLC",,"26",,"3",,"0","14","14","12","0","0","0","0","0","25","0","0","0","1",,"11/21/2000",,"01/01/2042",,"12/30/2022",,"11/21/2040",,,,,,"01/01/2042",,"true","POINT (-118.78707 45.67198)"
"New Vision Homes","New Vision Homes","CONFIDENTIAL","Pendleton","97801","Umatilla","Single Site","Active","2","29","58","Multi-Family Residential Rental","2005",,"Eastern Oregon Alcoholism Foundation (DBA: Eastern Oregon Recovery Center)",,"Eastern Oregon Alcoholism Foundation (DBA: Eastern Oregon Recovery Center)",,"6",,"0",,"0",,,,"6",,"0","6","0","0","0","0","0","0",,"11/21/2005",,,"10/21/2038",,,"11/21/2045",,,"11/21/2045",,,"11/21/2045",,"true",
"Birch Creek Manor I","Birch Creek Manor I","126 W Main Street","Pilot Rock","97868","Umatilla","Single Site","Active","2","29","58","Elderly-Disabled","1993",,"Housing Authority of the County of Umatilla",,"Housing Authority of the County of Umatilla","Housing Authority","8",,,,,,,"8",,,"0",,,,,,,"-",,"02/21/1993",,,"11/29/2024",,,"02/21/2023",,,"04/28/2024",,,"11/29/2024",,"true","POINT (-118.83377 45.48275)"
"Birch Creek Manor II","Birch Creek Manor II","125 SW 2nd Street","Pilot Rock","97968","Umatilla","Single Site","Active","2","29","58","Elderly Apartments","2003",,"Housing Authority of the County of Umatilla",,"Housing Authority of the County of Umatilla","Housing Authority","5",,"5",,,"0",,"0","5","0","0",,,"5",,,,"-",,"06/13/2003",,,"06/07/2046",,,"06/13/2043",,,,,,"06/07/2046",,"true","POINT (-118.83346 45.48186)"
"Patriot Heights","Patriot Heights","155 Valor Avenue","Stanfield","97875","Umatilla","Scattered","Active","2","29","58","Multi-Family Residential Rental","2021",,"Housing Authority of the County of Umatilla","Housing Authority of Umatilla County","Patriot Heights, LLC",,"40","0","4","40",,,,"12","11","15","2",,,"6","34",,,,"22/09/2020","11/03/2021",,"12/31/2081","10/25/2081",,,,,,"10/25/2052",,,"12/31/2081",,"true",
"Moorehouse Apartments","Moorehouse Apartments","133 & 215 NW 11 St & 190 W 12th St","Hermiston",,"Umatilla","Scattered","In Development","2","29","57","0","2022",,"Viridian Management, Inc","Chrisman Development Inc","Moorehouse Apartments LLC",,"60","0","3","30","0","0",,"16","24","20","0","0","0","0","59","0","0","0","07/04/2022",,,,,,,,,,,,,,,"true","POINT (-119.31099 45.84144)"
"Mason Grove","Mason Grove","1063 NE 4th Avenue","Milton-Freewater","97852","Umatilla","Single Site","Active","2","29","57","Multi-Family Residential Rental","2001",,"Cascade Management, Inc. (Portland)",,"Mason Grove Associates Limited Partnership",,"30",,"2",,"0","0","1","0","14","16","0","0","0","14","15","0","0","1",,"07/01/2001",,"01/01/2051",,,,"07/11/2050",,,,,,"01/01/2051",,"true","POINT (-118.38543 45.94029)"
"Sage Court","Sage Court","12 Sage Court","Hermiston","97838","Umatilla","Single Site","Active","2","29","57","Multi-Family Residential Rental","1993",,"Preferred Property Management Inc.",,"Sage Court LLC","For-Profit","36",,,,,,,"18","18",,"0",,,,,,,"-",,"06/30/1993",,"01/01/2025",,,,"01/01/2025",,,,,,"01/01/2025",,"true","POINT (-119.31399 45.83108)"
"Viewcrest Apartments","Viewcrest Apartments","525 SW 13th Place","Hermiston","97801","Umatilla","Single Site","Active","2","29","57","Multi-Family Residential Rental","1999",,"FPI Management, Inc.",,"Highland Investors, L.L.C.",,"64",,,,,"0",,"0","40","24","0",,,"64",,,,"-",,"09/25/1998",,"01/01/2049",,,,"01/01/2049",,,,,,"01/01/2049",,"true","POINT (-119.31336 45.8364)"
"Washington Park","Washington Park","923 Cowl Street","Milton-Freewater","97862","Umatilla","Single Site","Active","2","29","57","Multi-Family Residential Rental","2007",,"Viridian Management, Inc","Chrisman Development, Inc.","Washington Park Apartments, LP",,"46","45","0","0","0","0",,"18","28","0","0","0","0","0","45","0","0","0","04/04/2022","06/01/2007","01/01/2037",,,"07/01/2038",,"06/27/2037",,,"05/15/2039",,,"05/15/2039",,"true","POINT (-118.39258 45.94446)"
"South Hill Commons","South Hill Commons","811 SE 15th St","Pendleton","97801","Umatilla","Single Site","In Development","2","29","58","0",,,"Cascade Management, Inc. (Portland)","Horizon Project Inc","Horizon Project Inc.",,"70","0","4","37","0","0",,"14","39","16","0","0","0","0","69","0","0","0","07/09/2022",,,,,,,,,,,,,,,"true","POINT (-118.77045 45.67281)"
"Wildflower Apartments","Wildflower Apartments","TBD 18th St","Pendleton",,"Umatilla","Scattered","Active","2","29","58","Multi-Family Residential Rental","2022",,"Viridian Management, Inc","Chrisman Development Inc","Wildflower Apartments-Pendleton LLC",,"80","0","4",,"0",,,,"58","22","0","0","0","0","79","0","0","0","01/06/2021","12/30/2022","12/31/2053",,,,"12/31/2083",,,,"12/31/2083",,,"12/31/2083",,"true",
"Links, The","Links, The","310 Klickitat Street","Umatilla","97882","Umatilla","Single Site","Active","2","29","57","Elderly Apartments","2004",,"Ad-West Reality Services, Inc.",,"Umatilla Links Associates, a Oregon LP",,"24","23","2",,,"0",,"18","6","0","0",,,"22","2",,,"-",,"05/30/2003",,"01/01/2055","12/30/2055",,,,,,"05/30/2053",,"2035 Jun 21 12:00:00 AM","12/30/2055",,"true","POINT (-119.28393 45.91922)"
"Tri Harbor Landing","Tri Harbor Landing","210 Klickitat Street","Umatilla","97882","Umatilla","Single Site","Active","2","29","57","Multi-Family Residential Rental","2005",,"Housing Authority of the County of Umatilla",,"Tri Harbor Landing Apartments LP",,"106","92","6",,,,,"58","44","3","0",,,"6","99",,,"-",,"12/23/2004",,"01/01/2057",,,,"12/23/2054",,,,,"2035 Jun 15 12:00:00 AM","01/01/2057",,"true","POINT (-119.28593 45.91899)"
"Cottonwood II Apartments","Cottonwood II Apartments","750 SE 6th Street","Hermiston","97838","Umatilla","Single Site","Active","2","29","57","Elderly-Disabled","2010",,"Cascade Management, Inc. (Portland)",,"Cottonwood II Renewal LLC","For-Profit","24","24","3",,"0","0",,"18","6","0","0","0","0","0","24","0","0","0",,"07/10/2009",,"01/01/2070","01/13/2071","07/09/2030",,"07/10/2069",,,"01/18/2070","05/31/2044",,"01/13/2071","Housing Assistance Payment","true","POINT (-119.28169 45.8354)"
"4th Street Aspens","4th Street Aspens","530 NE Aspen Drive","Hermiston","97838","Umatilla","Single Site","Active","2","29","57","Multi-Family Residential Rental","2005",,"Housing Authority of the County of Umatilla",,"4th Street Aspens, LP",,"48",,"23",,"0","0",,"8","30","10","0","0","0","12","36","0","0","0",,"10/07/2004",,"01/01/2036","10/25/2036","06/19/2026",,"10/07/2034",,,,,,"10/25/2036",,"true","POINT (-119.28319 45.85262)"
"Hailey Place","Hailey Place","696 SW 30th Street","Pendleton","97801","Umatilla","Single Site","Active","2","29","58","Multi-Family Residential Rental","1997",,"Northwest Real Estate Capital Corp",,"Hailey Place Limited Partnership",,"48",,,,,,,,"18","26","4",,,"48",,,,"-",,"06/18/1996",,"01/01/2046","12/31/2046",,,"06/18/2046",,,,,,"12/31/2046",,"true","POINT (-118.81412 45.66005)"
"Sunset Senior Housing","Sunset Senior Housing","1000 S 4TH ST","ATHENA","97813","UMATILLA","Scattered","Active","2","29","58","Elderly Apartments","2005",,"Viridian Management, Inc",,"Sunset Housing General LLC",,"10",,"2",,,"0",,"5","5","0","0",,,"10",,,,"-",,"09/08/2005",,,"04/14/2048",,,"09/08/2045",,,,,,"04/14/2048",,"true",
"FOXWOOD",,"1074 W ORCHARD AVE","HERMISTON","97838","UMATILLA","Single Site","Active","2","29","57","Multi-Family Residential Rental",,,"HOUSING AUTHORITY OF UMATILLA CO",,,,"60","54","0",,,"0",,"12","36","12","0","-","-","-","-","-","-","-",,,,,,,,,,,,,"2033 Feb 23 12:00:00 AM","02/23/2033",,"false","POINT (-119.3102 45.83874)"
"GOLDEN MANOR",,"980 W HERMISTON AVE","HERMISTON","97838","UMATILLA","Single Site","Active","2","29","57","Multi-Family Residential Rental",,,,,,,"50",,,,,"22",,"26","2","0","0","-","-","-","-","-","-","-",,,,,,,,,,,,,,,,"false","POINT (-119.30783 45.84056)"
"MISSION CREEK",,"51 UMATILLA LOOP","PENDLETON","97801","UMATILLA","Single Site","Active","2","29","58","Multi-Family Residential Rental",,,,,"Umatilla Reservation Housing Authority","Housing Authority","58",,,,,,,,,,,"-","-","-","-","-","-","-",,,,"01/01/2056","04/24/2060",,,"07/23/2055",,,,,,"04/24/2060",,"false","POINT (-118.66935 45.66713)"
"Mill Place","Mill Place","1413 S MILL ST","MILTON FREEWATER","97862","UMATILLA","Scattered","Active","2","29","57","Multi-Family Residential Rental","1999",,"Cascade Management, Inc. (Portland)",,"Horizon Project Inc.",,"8","0",,,,"0",,"0","8","0","0",,,"8",,,,"-",,"11/12/1999",,,"01/22/2041",,,"11/12/2039",,,,,,"01/22/2041",,"true","POINT (-118.37973 45.9227)"
"Pendleton Square I","Pendleton Square I","294 SW 28TH DR","PENDLETON","97801","UMATILLA","Scattered","Active","2","29","58","Multi-Family Residential Rental","1987",,"Northwest Real Estate Capital Corp",,"Northwest Pendleton Square I LLC","For-Profit","30","30","2",,"0","0",,"0","0","30","0","0","0","0","0","30","0","0",,"09/30/2007","01/01/2049",,,"12/01/2028",,,,,"08/15/2039","05/31/2042",,"01/01/2049","Housing Assistance Payment","true","POINT (-118.81595 45.66163)"
"Pendleton Square II","Pendleton Square II","294 SW 28TH DR","PENDLETON","97801","UMATILLA","Scattered","Active","2","29","58","Multi-Family Residential Rental","1978",,"Northwest Real Estate Capital Corp",,"Northwest Pendleton Square II LLC","For-Profit","15","15","1",,"0","0",,"0","15","0","0","0","0","0","0","15","0","0",,"09/30/2007","01/01/2048",,,"09/02/2028",,,,,"08/15/2039","07/31/2042",,"01/01/2048","Housing Assistance Payment","true","POINT (-118.81595 45.66163)"
"Boardman, Buttercreek, and Fairview Apartments","Buttercreek Apartments","400 SW 11TH ST","HERMISTON","97838","UMATILLA","Scattered","Active","2","29","57","Multi-Family Residential Rental","1978",,"Viridian Management, Inc","Chrisman Development, Inc.","Sagebrush Affordable Housing, LLC",,"86","0","0",,"0","0",,"52","34","0","0","0","0","0","85","0","0","0","28/02/2025","03/01/2010","01/01/2040",,,"03/18/2025",,"03/16/2040",,,"02/15/2043",,,"02/15/2043",,"true","POINT (-119.31099 45.83754)"
"PENDLETON RIVERSIDE",,"1300 NW CARDEN AVE","PENDLETON","97801","UMATILLA","Single Site","Active","2","29","58","Multi-Family Residential Rental",,,"TOMLINSON & ASSOCIATES, INC.",,"Pendleton Riverside Apartments LLC","For-Profit","40","40",,,,"0",,"4","18","18","0","-","-","-","-","-","-","-",,,,,,,,,,,,"10/31/2043",,"10/31/2043","Housing Assistance Payment","false","POINT (-118.80013 45.67342)"
"Pioneer Commons","Pioneer Commons","213 SW THORNE","MILTON-FREEWATER","97862","UMATILLA","Scattered","Active","2","29","57","Multi-Family Residential Rental","1998",,"Cascade Management, Inc. (Portland)",,"HPI Housing LLC",,"16",,"0",,,,"9",,"5","6","0",,,"10","8","2",,"-",,"05/13/1998",,,"02/24/2051",,"11/17/2042","05/13/2049",,,,,,"02/24/2051",,"true","POINT (-118.37602 45.9224)"
"Gateway Hermiston Buri Building and Juniper Apartments (fka Gateway Workforce and Hermiston Housing)","Buri Building","605 SE 5TH ST","HERMISTON","97838","UMATILLA","Scattered","Active","3","24","47","Multi-Family Residential Rental","2020","2,020","Cascade Management, Inc. (Portland)","Northwest Housing Alternatives","Gateway Hermiston Affordable Housing LP","Non-Profit","48","0","16","199",,"0","102","14","21","12","0","0","0","0","207","0","0","0","26/03/2019","03/01/2019","12/31/2050",,,"03/26/2039",,,"12/31/2060",,"12/31/2060",,,"12/31/2060",,"true","POINT (-119.28333 45.83637)"
"MCEWEN HOMES",,"404 S 5TH ST","ATHENA","97813","UMATILLA","Single Site","Active","2","29","58","Multi-Family Residential Rental",,,,,,,"20",,,,,"0",,"0","10","8","2","-","-","-","-","-","-","-",,,,,,,,,,,,,,,,"false","POINT (-118.48745 45.80901)"
"Orchard Homes - Milton-Freewater","Orchard Homes","311 N ELIZABETH ST","MILTON FREEWATER","97862","UMATILLA","Scattered","Active","2","29","57","Multi-Family Residential Rental",,"2,022","Viridian Management, Inc","Milton-Freewater Orchard Homes Inc.","Milton-Freewater Orchard Homes Inc","Non-Profit","128","0","0",,"0","0",,"26","70","31","0","11","0","27","89","0","0","0",,"10/27/2022",,,,,,,,,,,"2050 Dec 23 12:00:00 AM","12/23/2050",,"true","POINT (-118.38919 45.93893)"
"BLISS HOMES",,"155 SW 10TH ST","HERMISTON","97838","UMATILLA","Single Site","Active","2","29","57","Multi-Family Residential Rental",,,,,,,"32",,,,,,,,,,,"-","-","-","-","-","-","-",,,,,,,,,,,,,,,,"false","POINT (-119.3079 45.84005)"
"JUNIPER HOUSE",,"301 SW 28TH DR","PENDLETON","97801","UMATILLA","Single Site","Active","2","29","58","Assisted Living (ALF)",,,,,"Pendleton ALF, LLC (Mauro  Hernandez)",,"40","8",,,,,,,,,,"-","-","-","-",,,,,,,,,,,,,,"10/01/2026",,,"10/01/2026",,"true","POINT (-118.81432 45.66123)"
"HERMISTON PROJECT",,"675 W MADRONA AVE","HERMISTON","97838","UMATILLA","Single Site","Active","2","29","57","Multi-Family Residential Rental",,,"CASCADE MANAGEMENT CORP.",,"Specialized Housing II, Inc.","Non-Profit","10","10",,,,"10",,"0","0","0","0","-","-","-","-","-","-","-",,,,,,,,,,,,"04/30/2025",,"04/30/2025","Housing Assistance Payment","false","POINT (-119.30007 45.84145)"
"THE GREENS AT MONTCLAIR",,"141 W BROADWAY AVE","MILTON FREEWATER","97862","UMATILLA","Single Site","Active","2","29","57","Multi-Family Residential Rental",,,"TAYLOR REAL ESTATE & MANAGEMENT, LLC",,"The Greens Apartments LLC","For-Profit","24","24","0",,,"0",,"24","0","0","0","-","-","-","-","-","-","-",,,,"03/01/2079","05/09/2079",,"03/01/2079",,,,,"03/31/2038",,"05/09/2079","Housing Assistance Payment","false","POINT (-118.39728 45.93716)"
"OREGON TRAIL MANOR",,"2430 SW PERKINS AVE","PENDLETON","97801","UMATILLA","Single Site","Active","2","29","58","Multi-Family Residential Rental",,,"OREGON TRAIL MANOR, INC.",,"Oregon Trail Manor, Inc.","Non-Profit","50","50",,,,"30",,"20","0","0","0","-","-","-","-","-","-","-",,,,,,,,,,,,"07/31/2035",,"07/31/2035","Housing Assistance Payment","false","POINT (-118.8094 45.65235)"
"PATRIOT HEIGHTS",,"LOCUST ST AND HIGHWAY 395","STANFIELD","97875","UMATILLA","Single Site","Active","2","29","58","Multi-Family Residential Rental",,,"HOUSING AUTHORITY OF THE COUNTY OF UMATILLA",,"Housing Authority of Umatilla","Housing Authority","40",,"4",,"0","0",,"12","12","13","2","1","0","0","0","0","0","0",,,,,,,,"10/19/2035",,,,,,"10/19/2035",,"true","POINT (-119.22015 45.78842)"
"Sunset Senior Housing II","Sunset Senior Housing II","130 S 5TH ST","ATHENA","97813","UMATILLA","Scattered","Active","2","29","58","Elderly Apartments","2014",,"Viridian Management, Inc",,"Sunset Housing General LLC",,"4",,"0",,"0",,,"4",,,"0","0","0","4","0","0","0","0",,"04/09/2014",,,"07/07/2075",,"01/01/2075",,,,,,,"07/07/2075",,"true","POINT (-118.48748 45.81104)"
"RIDGEWAY VILLAGE",,"725 W RIDGEWAY AVE","HERMISTON","97838","UMATILLA","Single Site","Active","4","5","9","Multi-Family Residential Rental",,,"CASCADE MANAGEMENT CORP.",,"Ridgeway Village Assoc Inc","For-Profit","40","40",,,,"0",,"8","16","16","0","-","-","-","-","-","-","-",,,,,,,,,,,,"08/31/2025",,"08/31/2025","Housing Assistance Payment","true","POINT (-119.30121 45.84236)"
"Terwilliger Plaza","Terwilliger Plaza","225 SW 5TH ST","PENDLETON","97801","UMATILLA","Scattered","Active","2","29","58","Multi-Family Residential Rental","1992",,"Viridian Management, Inc",,"Umatilla Partnership Housing, Inc.","Non-Profit","20","19",,,,"0",,"19","0","0","0",,,"20",,,,"-",,"04/13/1992",,,,,,"01/12/2035",,,,"06/30/2025",,"01/12/2035","Project Rental Assistance Contract","true","POINT (-118.79194 45.67084)"
"DESERT SAGE MANOR",,"986 W JUNIPER AVE","HERMISTON","97838","UMATILLA","Single Site","Active","2","29","57","Multi-Family Residential Rental",,,"FOUNDATION PROPERTY MANAGEMENT, INC.",,"Hermiston RHF Housing, Inc.","Non-Profit","24","24",,,,"0",,"24","0","0","0","-","-","-","-","-","-","-",,,,,,,,,,,,"10/31/2028",,"10/31/2028","Project Rental Assistance Contract","false","POINT (-119.30828 45.83729)"
"ORCHARD HOMES",,"910 W ORCHARD AVE","HERMISTON","97838","UMATILLA","Single Site","Active","2","29","57","Multi-Family Residential Rental",,,,,,,"16",,,,,"0",,"4","6","4","2","-","-","-","-","-","-","-",,,,,,,,,,,,,,,,"false","POINT (-119.30614 45.83873)"
"BROOKDALE HERMISTON",,"980 W HIGHLAND AVE","HERMISTON","97838","UMATILLA","Single Site","Active","2","29","57","Assisted Living (ALF)",,,,,"OR4 Hermiston, LLC",,"58","12",,,,,,,,,,"0","0","0","0",,,,,,,,,,,,,,"05/15/2031",,,"05/15/2031",,"true","POINT (-119.30774 45.83514)"
"Emily Drive Apartments","Emily Drive Apartments","10700 Emily Drive","Island City","97850","Union","Single Site","Active","2","29","58","Elderly-Disabled",,,"Viridian Management, Inc",,"Union County Senior Living, LLC",,"11",,"2",,,"0",,"10","1","0","0",,,"9","2",,,"-",,"09/25/2002",,,"07/26/2035","02/01/2025",,"09/25/2032",,,"01/01/2035",,,"07/26/2035",,"true","POINT (-118.05423 45.33143)"
"Pinehurst Apartments","Pinehurst Apartments","1502-A 21st Street","La Grande","97850","Union","Single Site","Active","2","29","58","Multi-Family Residential Rental","1978",,"Viridian Management, Inc","Chrisman Development","Pinehurst Apartments LP","For-Profit","46","8","0","0","0","0",,"6","2","0","0","0","0","0","45","0","0","0","17/03/2022","06/01/2007","01/01/2037",,,"07/01/2042",,,,,"05/15/2039","12/31/2029","2037 May 24 12:00:00 AM","07/01/2042","Housing Assistance Payment","true","POINT (-118.07351 45.3259)"
"Clover Glen Apartments","Clover Glen Apartments","2212 Cove Avenue","La Grande","97850","Union","Single Site","Active","2","29","58","Elderly Apartments","1981",,"Viridian Management, Inc",,"Clover Glen Apartments, Limited Partnership","For-Profit","43","38","0",,,"0",,"39","4","0","0",,,"44",,,,"-",,"08/07/2000",,,"12/30/2033",,,"08/07/2030",,,,,"2030 Oct 25 12:00:00 AM","12/30/2033",,"true","POINT (-118.07684 45.32588)"
"NK West Building","NK West Building","1206 Adams Avenue","La Grande","97850","Union","Single Site","Active","2","29","58","Multi-Family Residential Rental","2005",,"Widmyer Corporation",,"WSR LLC",,"24",,"2",,,"3","3","18","3","0","0",,,"20","3","1",,"-",,"05/27/2005",,"01/01/2040",,"08/14/2028",,"02/02/2039",,,,,,"01/01/2040",,"true","POINT (-118.09401 45.32833)"
"Highland View Apartments","Highland View Apartments","801 N 15th","Elgin","97827","Union","Single Site","Active","2","29","58","Multi-Family Residential Rental","1991",,"Viridian Management, Inc",,"Eagle Cap Apartments LLC",,"24","23","0",,,"0",,"4","16","4","0",,,"24",,,,"-",,"12/16/1991",,"12/31/2021","12/19/2044",,,"07/06/2042",,,,,,"12/19/2044",,"true","POINT (-117.92416 45.57318)"
"Cove Avenue Apartments","Cove Avenue Apartments","1906 Cove Avenue","La Grande","97850","Union","Single Site","Active","2","29","58","Multi-Family Residential Rental","1973",,"Viridian Management, Inc",,"Cove Avenue Apartments, LLC","For-Profit","20","20","0",,"0","0",,"4","10","6","0","0","0","0","4","16","0","0",,"12/02/2005",,,"08/17/2075",,,"12/31/2035",,,"04/30/2021","11/30/2043",,"08/17/2075","Housing Assistance Payment","true","POINT (-118.08164 45.32589)"
"Tamarack Court Apartments","Tamarack Court Apartments","1613 21st Street","La Grande","97850","Union","Single Site","Active","2","29","58","Multi-Family Residential Rental","1995",,"Northeast Oregon Housing Authority",,"Tamarack Court LLC",,"32",,,,,"0",,"28","4","0","0",,,"7","25",,,"-",,"09/30/1993","01/01/2044",,"09/19/2045",,,"09/30/2043",,,"09/15/2030",,,"09/19/2045",,"true","POINT (-118.07348 45.32795)"
"Blue Springs Crossing","Blue Springs Crossing","10801 Walton Road","Island City","97850","Union","Single Site","Active","2","29","58","Multi-Family Residential Rental","2015",,"Northeast Oregon Housing Authority",,"Blue Springs Crossing Affordable LLC",,"38",,"2",,"0",,,"16","12","10","0","0","0","2","36","0","0","0",,"09/08/2014",,"01/01/2076",,"06/08/2036","01/01/2076",,,,,,,"01/01/2076",,"true","POINT (-118.05672 45.33215)"
"Veterans Village Union County",,"1612 Russel Avenue","La Grande",,"Union",,"Active",,,,"Multi-Family Residential Rental",,,,,"FTK Holding Group LLC",,"10",,,,"0",,,,,,,"0","0","11","90","0","0","0",,,"01/01/2053",,,,,"10/13/2053",,,"12/01/2055",,,"12/01/2055",,"false","POINT (-118.08514 45.33871)"
"Grande Woods Apartments","Grande Woods Apartments","2005 Gekeler Lane","La Grande","97850","Union","Single Site","Active","2","29","58","Multi-Family Residential Rental","2007",,"Northwest Real Estate Capital Corp",,"Northwest Grande Woods LLC","For-Profit","50","50","3",,"0","0",,"0","41","9","0","0","0","0","0","50","0","0",,"09/01/2007","01/01/2049",,,"12/01/2028",,,,,"08/15/2039","10/31/2041",,"01/01/2049","Housing Assistance Payment","true","POINT (-118.08355 45.31213)"
"Green Tree Apartments","Green Tree Apartments","2310 East Q Avenue","La Grande","97850","Union","Single Site","Active","2","29","58","Multi-Family Residential Rental","1979",,"Widmyer Corporation",,"BSW Investments LLC",,"64",,,,,"18","18","30","16","0","0",,,,"64",,,"-",,"10/07/1999","07/30/2035",,,,,,,,,,,"07/30/2035",,"true","POINT (-118.07529 45.32822)"
"Timber Ridge fka East Q Apts","Timber Ridge fka East Q Apts","3002 East Q Avenue","La Grande","97850","Union","Scattered","Active","0","0","0","Multi-Family Residential Rental","2023",,"Northeast Oregon Housing Authority","NEOHA","Timber Ridge Apartments La Grande, Limited Partnership",,"82","45",,,"0",,,"33","27","20","2",,,,"82",,,,"07/06/2022","01/01/2024","12/31/2054",,,,"12/31/2054",,"12/31/2054",,"12/31/2054",,,"12/31/2054",,"true","POINT (-118.06305 45.32811)"
"MAY PARK",,"2608 MAY LN","LA GRANDE","97850","UNION","Single Site","Active","2","29","58","Multi-Family Residential Rental",,,,,,,"30",,,,,,,,,,,"-","-","-","-","-","-","-",,,,,,,,,,,,,,,,"false","POINT (-118.071 45.33614)"
"Thunderbird Apartments","Thunderbird Apartments","307 20TH ST","LA GRANDE","97850","UNION","Scattered","Active","2","29","58","Multi-Family Residential Rental","1973",,"Viridian Management, Inc","Chrisman Development","Thunderbird Family Apartments LLC","For-Profit","40","40","0","0","0","0",,"4","20","16","0","0","0","24","15","0","0","1","08/04/2022","12/02/2005",,"12/31/2083","12/02/2035","06/30/2043","12/31/2083","12/11/2036",,,"12/15/2040","08/31/2043",,"12/31/2083","Housing Assistance Payment","true","POINT (-118.07612 45.31429)"
"NE HOUSING AUTHORITY UNITS - UNION",,"Scattered Sites","UNION","97883","UNION","Single Site","Active",,,,"ERROR: #N/A",,,,,,,"9",,,,,,,,,,,"-","-","-","-","-","-","-",,,,,,,,,,,,,,,,"false",
"LA GRANDE RETIREMENT CENTER",,"1612 7TH ST","LA GRANDE","97850","UNION","Single Site","Active","2","29","58","Multi-Family Residential Rental",,,"CHRISMAN DEVELOPMENT AND MGMT INC",,"La Grande Retirement Apartments, LLC","For-Profit","46","46","5",,"0","2",,"44","0","0","0","0","0","2","44","0","0","0",,,,"01/01/2042",,"05/06/2031","05/06/2041",,,,,"08/31/2043",,"08/31/2043","Housing Assistance Payment","false","POINT (-118.09315 45.32625)"
"NE HOUSING AUTHORITY UNITS - NORTH POWDER",,"250 5TH ST","NORTH POWDER","97867","UNION","Single Site","Active",,,,"ERROR: #N/A",,,,,,,"1",,,,,,,,,,,"-","-","-","-","-","-","-",,,,,,,,,,,,,,,,"false","POINT (-117.918 45.03355)"
"NE HOUSING AUTHORITY UNITS - ELGIN",,"Scattered Sites","ELGIN","97827","UNION","Single Site","Active",,,,"ERROR: #N/A",,,,,,,"2",,,,,,,,,,,"-","-","-","-","-","-","-",,,,,,,,,,,,,,,,"false",
"Ramo Flat Apartments","Ramo Flat Apartments","1091 S MAIN ST","UNION","97883","UNION","Scattered","Active","2","29","58","Elderly-Disabled","2001",,"Viridian Management, Inc",,"Union County Senior Living, LLC","For-Profit","11",,,,,"0",,"10","1","0","0",,,"6","5",,,"-",,"11/19/2001",,,"11/19/2031",,,"06/21/2029",,,,,,"11/19/2031",,"true","POINT (-117.8656 45.2016)"
"ELGIN FAMLY PUBLIC HOUSING",,"731 N 9TH AVE","ELGIN","97827","UNION","Scattered","Active","2","29","58","Multi-Family Residential Rental",,,,,,,"8",,,,,,,,,,,"-","-","-","-","-","-","-",,,,,,,,,,,,,,,,"false","POINT (-117.91843 45.57157)"
"LA GRANDE PLAZA I",,"703 12TH ST","LA GRANDE","97850","UNION","Single Site","Active","2","29","58","Multi-Family Residential Rental",,,"VIRIDIAN MANAGEMENT, INC.",,"LG Plaza LLC","For-Profit","15","15","0",,,"0",,"0","5","10","0","-","-","-","-","-","-","-",,,,,"10/31/2075","04/03/2035","10/31/2075",,,,,"11/30/2043",,"10/31/2075","Housing Assistance Payment","false","POINT (-118.08629 45.31805)"
"LA GRANDE PLAZA II",,"713 12TH ST","LA GRANDE","97850","UNION","Single Site","Active","2","29","58","Multi-Family Residential Rental",,,"VIRIDIAN MANAGEMENT, INC.",,"LG Plaza LLC","For-Profit","6","6","0",,,"0",,"0","6","0","0","-","-","-","-","-","-","-",,,,,"10/31/2075","04/03/2035","10/31/2075",,,,,,,"10/31/2075",,"false","POINT (-118.08628 45.31839)"
"NE HOUSING AUTHORITY UNITS - LA GRANDE",,"Scattered Sites","LA GRANDE","97850","UNION","Single Site","Active",,,,"ERROR: #N/A",,,,,,,"7",,,,,,,,,,,"-","-","-","-","-","-","-",,,,,,,,,,,,,,,,"false",
"Mallard Heights Apartments","Mallard Heights Apartments","870 N 15TH AVE","ELGIN","97827","UNION","Scattered","Active","2","29","58","Elderly-Disabled","2000",,"Viridian Management, Inc",,"Union County Senior Living, LLC","For-Profit","11",,,,,,,"10","1",,"0",,,"6","5",,,"-",,"07/06/1998",,,"03/20/2031","10/01/2020",,"07/06/2028",,,,,,"03/20/2031",,"true","POINT (-117.92416 45.57339)"
"Second Street Apartments","Second Street Apartments","607 SW 2nd Street","Enterprise","97824","Wallowa","Single Site","Active","2","29","58","Multi-Family Residential Rental","1992",,"Viridian Management, Inc","Chrisman Development","Eagle Cap Apartments LLC",,"39","45","3",,,"0",,"11","34","0","0",,,"39",,,,"-","08/06/2023","07/01/1992",,"12/31/2021","02/12/2039",,,"12/28/2034",,,"01/05/2039",,,"02/12/2039",,"true","POINT (-117.28013 45.4214)"
"Pineview Apartments","Pineview Apartments","304 W Alder","Joseph","97846","Wallowa","Single Site","Active","2","29","58","Multi-Family Residential Rental","1980",,"Viridian Management, Inc",,"Eagle Cap Apartments LLC",,"24","23","0",,,"0",,"0","18","6","0","5",,"13","6",,,"-",,"10/08/1999",,"01/01/2038",,,,,,,,,,"01/01/2038",,"true","POINT (-117.2338 45.3562)"
"Cottonwood Apartments","Cottonwood Apartments","2 SW Mill Street","Joseph","97846","Wallowa","Single Site","Active","2","29","58","Elderly Apartments","1980",,"Viridian Management, Inc",,"Eagle Cap Apartments LLC",,"14","14","0",,,"0",,"10","4","0","0",,,"6","8",,,"-",,"10/08/1999",,"01/01/2038",,,,,,,,,,"01/01/2038",,"true","POINT (-117.23123 45.35168)"
"Wallowa Alpine Village","Wallowa Alpine Village","303 Residence Street","Enterprise","97828-1616","Wallowa","Single Site","Active","2","29","58","Multi-Family Residential Rental","1973",,"Northeast Oregon Housing Authority",,"Northeast Oregon Housing Authority","Housing Authority","28","26","2",,,"8","8","15","2","1","0",,,"28",,,,"-",,"05/07/2004",,,"12/14/2054",,,"05/07/2054",,,"05/07/2054","09/30/2043",,"12/14/2054","Housing Assistance Payment","true","POINT (-117.27468 45.42115)"
"Alpine House (ALF)","Alpine House (ALF)","204 N Park Street","Joseph","97846","Wallowa","Single Site","Active","2","29","58","Assisted Living (ALF)",,,"Joseph ALF, Inc.",,"Steve Zollman Development, LP",,"30","6",,,,,"24","6",,,"0",,,"6",,,,,,,,,,,,,,,"01/15/2031",,,"01/15/2031",,"true","POINT (-117.23387 45.3537)"
"Park Street Apartments","Park Street Apartments","603 W SILVER ST","ENTERPRISE","97828","WALLOWA","Scattered","Active","2","29","58","Multi-Family Residential Rental","1997",,"Wallowa Mountain Properties",,"Wallowa Valley Center for Wellness",,"11",,,,,"0",,"10","1","0","0",,,"3",,"8",,"-",,"08/26/1997",,,"02/07/2023",,,"07/19/2035",,,,,,"07/19/2035",,"true","POINT (-117.28409 45.43006)"
"Leisure Way Too","Leisure Way Too","207 N STORIE ST","WALLOWA","97885","WALLOWA","Scattered","Active","2","29","58","Multi-Family Residential Rental","1996",,"Viridian Management, Inc","Chrisman Development Inc.","Leisure Way Too Apartments LLC",,"10","0","1","10",,,,"8","2",,"0",,,,"10",,,"-","25/02/2022","12/13/1996",,,"12/13/2021",,"12/31/2082",,,,,,,"12/31/2082",,"true","POINT (-117.52678 45.57199)"
"Leisure Way","Leisure Way","205 N STORIE ST","WALLOWA","97885","WALLOWA","Scattered","Active","2","29","58","Elderly-Disabled","2010",,"Viridian Management, Inc",,"The Leisure Way, LLC","For-Profit","8","8","1",,"0","0",,"7","1","0","0","0","0","0","1","7","0","0",,"12/28/2010",,,,"12/28/2030",,"12/31/2040",,,"12/28/2040","10/31/2043",,"10/31/2043","Housing Assistance Payment","true","POINT (-117.52678 45.57186)"
"HAZELTINE APTS",,"302 NW 2ND ST","ENTERPRISE","97828","WALLOWA","Single Site","Active","2","29","58","Multi-Family Residential Rental",,,,,"Chrisman - Clover Glen, LLC",,"6",,,,,"0",,"2","4","0","0","-","-","-","-","-","-","-",,,,"01/01/2023","02/12/2039",,,"12/28/2034",,,,,,"02/12/2039",,"false","POINT (-117.28013 45.42766)"
"Wallowa River House","Wallowa River House","515 WHISKEY CREEK RD","WALLOWA","97885","WALLOWA","Scattered","Active","2","29","58","Disabled Apartments",,,"Viridian Management, Inc",,"Wallowa River House, L.L.C.",,"11",,"2",,"0",,,"11",,,"0","0","0","11","0","0","0","0",,"10/28/2007",,,,,,"03/28/2042",,,"10/30/2042",,,"10/30/2042",,"true","POINT (-117.5231 45.57016)"
"Chenowith Rim Plaza","Chenowith Rim Plaza","3640 W 13th Street","The Dalles","97058-4374","Wasco","Single Site","Active","2","26","52","Multi-Family Residential Rental","1972",,"Relay Resources",,"Trillium Chenowith Rim Affordable Hsg LLC","For-Profit","48","48",,,,"0",,"8","24","16","0",,,,"47",,,"-",,"03/19/1999","01/01/2060",,,,,,,,,"12/31/2026",,"01/01/2060","Housing Assistance Payment","true","POINT (-121.23064 45.62631)"
"Commodore II, The","Commodore II, The","312 Court Street","The Dalles","97058-2112","Wasco","Single Site","Active","2","26","52","Multi-Family Residential Rental","1910",,"Viridian Management, Inc",,"Commodore II Limited Partnership, The",,"24",,"18",,"0","6","6","18","0","0","0","0","0","0","24","0","0","1",,"06/17/2003",,"01/01/2038",,"06/17/2023",,,,,,,,"01/01/2038",,"true","POINT (-121.18365 45.60134)"
"East Hill Village","East Hill Village","2301 E 12th Street","The Dalles","97058-2112","Wasco","Single Site","Active","2","26","52","Multi-Family Residential Rental","1995",,"Columbia Cascade Housing Corporation",,"Columbia Cascade Housing Corporation","Non-Profit","8",,"0",,,,,,"4","4","0",,,"8",,,,"-",,"06/09/1995",,,"04/23/2026",,,"06/09/2025",,,,,,"04/23/2026",,"true","POINT (-121.15789 45.59344)"
"West Park Place Apartments","West Park Place Apartments","1750 W 10th Street","The Dalles","97058","Wasco","Single Site","Active","2","26","52","Multi-Family Residential Rental","1997",,"Cascade Management, Inc. (Portland)",,"West Park Place Associates LP",,"25",,,,,,,,"12","13","0",,,"25",,,,"-",,"07/24/1996",,"01/01/2047","12/15/2047","12/17/2030",,"07/24/2046",,,,,,"12/15/2047",,"true","POINT (-121.20904 45.60669)"
"West Park Orchards","West Park Orchards","1711 W 13th Street","The Dalles","97058","Wasco","Single Site","Active","2","26","52","Elderly Apartments","2000",,"Cascade Management, Inc. (Portland)",,"West Park Seniors Limited Partnership",,"22",,,,,,,"20","2",,"0","3",,"7","12",,,"-",,"05/07/1998",,"01/01/2050","08/07/2050",,,"05/07/2048",,,,,,"08/07/2050",,"true","POINT (-121.21087 45.60575)"
"Celilo Gardens","Celilo Gardens","3120 Old Dufur Road","The Dalles","97058","Wasco","Single Site","Active","2","26","52","Multi-Family Residential Rental",,,"Columbia Cascade Housing Corporation",,"Columbia Cascade Housing Corporation","Non-Profit","6",,"0",,"6",,"4","2",,,"0","6","0","0","0","0","0","0",,"04/06/2009",,,,,,"04/06/2034",,,"04/06/2029",,,"04/06/2034",,"true","POINT (-121.13836 45.59614)"
"Cypress Hills Apartments","Cypress Hills Apartments_1","1220 W 8th Street","The Dalles","97058","Wasco","Scattered","In Development","0","0","0","Multi-Family Residential Rental",,,,"Chrisman Development",,,"100","100","2","0","0",,,,,,"0",,,,,,,,"13/06/2024",,,,,,,,,,,,,,,"true","POINT (-121.20182 45.60541)"
"Heritage Heights","Heritage Heights","1324 West 10th St","The Dalles","97058","Wasco","Single Site","Active","2","26","52","Multi-Family Residential Rental","2016",,"Columbia Cascade Housing Corporation",,"Columbia Cascade Housing Corporation","Non-Profit","24","23","0",,"0","0",,"0","17","6","1","0","0","0","0","0","0","0",,"10/21/2015",,,"07/26/2076",,"09/02/2076",,,,,,"2045 Oct 13 12:00:00 AM","09/02/2076",,"true","POINT (-121.20503 45.60452)"
"Sunrise Estates Phase I and II","Sunrise Estates Phase I and II","2700 W 7th Street","The Dalles","97058","Wasco","Single Site","Active","2","26","52","Multi-Family Residential Rental","2012",,"Guardian Real Estate Services, LLC",,"Sunrise Estates Apartments LLC",,"80","47","4",,"0","0",,"8","46","6","0","0","0","1","93","0","0","0",,"07/27/2010",,"01/01/2073",,"05/15/2032",,"07/27/2040",,,,,"2042 May 08 12:00:00 AM","01/01/2073",,"true","POINT (-121.21603 45.61557)"
"Casa Lomas","Casa Lomas","900 Vey Way","The Dalles","97058","Wasco","Single Site","Active","2","26","52","Multi-Family Residential Rental","2000",,"Columbia Cascade Housing Corporation",,"Columbia Cascade Housing Corporation","Non-Profit","24","24","0",,,"0",,"0","9","12","4",,,"24",,,,"-",,"11/14/2000",,,"06/24/2063",,,"11/14/2060",,,,,"2032 Mar 24 12:00:00 AM","06/24/2063",,"true","POINT (-121.20422 45.60594)"
"Oregon Veterans Home","Oregon Veterans Home","700 VETERANS DR","THE DALLES","97058","WASCO","Scattered","Active","2","26","52","Veteran Housing",,,"Westcare Management",,"Oregon Department of Veterans Affairs",,"156",,,,,,"149",,,,"0",,,"10",,,,"-",,"07/24/1996",,,,,,"08/01/2046",,,,,,"08/01/2046",,"true","POINT (-121.12494 45.60113)"
"COURT ROYAL",,"315 W 6TH ST","THE DALLES","97058","WASCO","Single Site","Active","2","26","52","Multi-Family Residential Rental",,,"COLUMBIACARE SERVICES INC.",,,,"10",,,,,,,,,,,"-","-","-","-","-","-","-",,,,,,,,,,,,,,,,"false","POINT (-121.18991 45.60142)"
"MOSIER CREEK TERRACE",,"500 E 2ND AVE","MOSIER","97040","WASCO","Single Site","Active","2","26","52","Multi-Family Residential Rental",,,"COLUMBIA CASCADE HOUSING CORPORA",,,,"12","11","0",,,"0",,"10","2","0","0","-","-","-","-","-","-","-",,,,,,,,,,,,,"2042 Oct 29 12:00:00 AM","10/29/2042",,"false","POINT (-121.39457 45.68371)"
"HAMILTON",,"1301 W 2ND ST","THE DALLES","97058","WASCO","Single Site","Active","2","26","52","Multi-Family Residential Rental",,,,,,,"12",,,,,,,,,,,"-","-","-","-","-","-","-",,,,,,,,,,,,,,,,"false","POINT (-121.19964 45.60907)"
"WESTSIDE VILLAGE",,"2812 W 7TH ST","THE DALLES","97058","WASCO","Single Site","Active","2","26","52","Multi-Family Residential Rental",,,"CASCADE MANAGEMENT CORP.",,"Westside Village Apartments of Oregon LP","For-Profit","44","44",,,,"0",,"0","23","21","0","-","-","-","-","-","-","-",,,,,,,,,,,,"11/30/2025",,"11/30/2025","Housing Assistance Payment","false","POINT (-121.21571 45.61718)"
"Garden Grove Apartments","Garden Grove Apartments","2727 22nd Avenue","Forest Grove","97116","Washington","Single Site","Active","1","15","29","Multi-Family Residential Rental","1980",,"Northwest Real Estate Capital Corp",,"Northwest Garden Grove LLC","For-Profit","48","48","4",,"0","0",,"0","26","22","0","0","0","0","48","0","0","0",,"09/20/2007","01/01/2049",,,"12/01/2028",,,,,"08/15/2039","01/31/2040",,"01/01/2049","Housing Assistance Payment","true","POINT (-123.0976 45.52271)"
"Farmington Meadows","Farmington Meadows","4566 SW 160th Avenue","Beaverton","97007","Washington","Single Site","Active","1","18","35","Multi-Family Residential Rental","1990",,"Guardian Real Estate Services, LLC",,"GM LK Farmington Meadows","For-Profit","69","69","4",,"0","0",,"8","44","17","0","0","0","0","68","0","0","0",,"08/31/1999",,"01/01/2074",,"12/20/2030",,"01/01/2074",,,"01/01/2074","10/31/2032",,"01/01/2074","Housing Assistance Payment","true","POINT (-122.83813 45.48775)"
"Orchards at Orenco II, The","Orchards at Orenco II, The","6598 NE Cherry Drive","Hillsboro","97124","Washington","Single Site","Active","1","15","30","Multi-Family Residential Rental","2016",,"REACH Community Development, Inc.",,"REACH Orenco II LLC","Non-Profit","58",,"0",,"0","0",,"44","14","0","0","0","0","48","10","0","0","0",,"06/29/2015",,"06/01/2077",,"06/29/2037","08/01/2077",,,,"01/01/2077",,,"08/01/2077",,"true","POINT (-122.91276 45.53105)"
"Woodland Park Apartments","Woodland Park Apartments","280 SE 12th Avenue","Hillsboro","97123","Washington","Single Site","Active","1","15","29","Multi-Family Residential Rental","2016",,"BRIDGE Property Management Company",,"Woodland Park Associates, LP","For-Profit","111","111","16",,"0","0",,"48","48","15","0","0","0","104","6","0","0","0",,"04/01/2016","05/01/2047",,,"04/15/2036",,,,,"01/01/2078","09/30/2035",,"01/01/2078","Housing Assistance Payment","true","POINT (-122.96914 45.51997)"
"Harkson Court (DIS)","Harkson Court (DIS)","2900 22nd Avenue","Forest Grove","97116","Washington","Single Site","Active","1","15","29","Elderly-Disabled",,,"Accessible Living, Inc",,"Accessible Living, Inc","Non-Profit","20",,,,"0",,,"2","14","4","0","0","0","19","0","0","0","0",,"07/16/1993",,,,,,"07/16/2048",,,"10/19/2072",,,"10/19/2072",,"true","POINT (-123.09554 45.52235)"
"Montebello Apartments","Montebello Apartments","220 SE 12th Avenue","Hillsboro","97123","Washington","Single Site","Active","1","15","29","Multi-Family Residential Rental","1999","2,019","Northwest Real Estate Capital Corp","HDC Northwest","Montebello Bienestar Apartments Limited Partnership","Non-Profit","47","0","8","14","0","0",,"0","24","19","4","0","0","48","0","0","0","0","12/08/2019","03/29/1999",,"12/31/2050",,,"12/31/2050",,,,"12/31/2050",,,"12/31/2050",,"true","POINT (-122.96904 45.52065)"
"Red Rock Creek Commons","Red Rock Creek Commons","11090 SW 68th Pkwy","Tigard","97223","Washington","Scattered","Active","0","0","0","Multi-Family Residential Rental","2020",,"Income Property Management (Portland)","Community Partners for Affordable Housing","Red Rock Creek Commons Limited Partnership",,"48","24","3","48",,,,"48",,,"0",,,,"48",,,,"27/09/2019","11/09/2020","12/31/2051",,,,,,"12/31/2051",,"12/31/2051",,,"12/31/2051",,"true","POINT (-122.74701 45.44018)"
"Woodland Hearth","Woodland Hearth","11655 SW Pacific Hwy","Tigard","97223-8629","Washington","Single Site","In Development","0","0","0","Multi-Family Residential Rental",,,,"Community Partners for Affordable Housing",,,"63","16","5","63","22",,,,,,"0",,,,,,,,"19/12/2024",,,,,,,,,,,,,,,"true","POINT (-122.75492 45.43897)"
"Maples II","Maples II","1138 SE Maple Street","Hillsboro","97123","Washington","Single Site","Active","1","15","29","Multi-Family Residential Rental",,,"REACH Community Development, Inc.",,"Community Housing II, Inc.","Non-Profit","21","21","2",,"0","0",,"21","0","0","0","0","21","0","0","0","0","0",,"10/21/2011",,,,,,"06/01/2072",,,"06/01/2072","08/31/2028",,"06/01/2072","Project Rental Assistance Contract","true","POINT (-122.971 45.51429)"
"Merlo Station Apts II","Merlo Station Apts II","2000 SW Merlo Court","Beaverton","97006","Washington","Single Site","Active","1","18","35","Multi-Family Residential Rental","2008",,"Guardian Real Estate Services, LLC",,"Merlo Station II LLC",,"48",,"3",,"0","0",,"0","0","40","8","0","0","5","42","0","0","0",,"05/30/2008","01/01/2068",,,,,,,,"02/15/2039",,,"01/01/2068",,"true","POINT (-122.8469 45.50466)"
"Plambeck Gardens","Plambeck Gardens","23500 SW Boones Ferry Rd","Tualatin","97062","Washington","Single Site","In Development","0","0","0","Multi-Family Residential Rental",,,,"Community Partners for Affordable Housing",,,"116","24","6","0","16",,,,,,"0",,,,,,,,"04/05/2023",,,,,,,,,,,,,,,"true","POINT (-122.7748 45.35003)"
"Bridge Meadows Beaverton","Bridge Meadows Beaverton","13745 SW Allen Blvd","Beaverton","97005","Washington","Single Site","Active","1","14","27","Multi-Family Residential Rental","2017",,"Horizon Property Management of Oregon, Inc.",,"Bridge Meadows","Non-Profit","41",,"3",,"0","0",,"20","8","7","2","0","0","12","20","9","0","0",,"09/19/2016",,"12/31/2078",,"09/19/2036","12/31/2078",,,,"12/31/2078",,,"12/31/2078",,"true","POINT (-122.81794 45.47648)"
"North Plains Senior Plaza (aka Kent Apt/Fifth Ave)","North Plains Senior Plaza (aka Kent Apt/Fifth Ave)","31485 NW Kaybern Street","North Plains","97133","Washington","Single Site","Active","1","16","31","Elderly Apartments","1996",,"Hayden Group, LLC",,"Kent Apartments LP",,"33",,,,,,"2","30","1",,"0",,,"33",,,,"-",,"10/16/1996",,,,,,"10/16/2056",,,,,,"10/16/2056",,"true","POINT (-123.00125 45.59705)"
"Viewfinder (fka Tigard Triangle)","Viewfinder (fka Tigard Triangle)","11600 SW 72nd Avenue","Tigard","97223","Washington","Scattered","Active","0","0","0","Multi-Family Residential Rental","2021",,"Guardian Real Estate Services, LLC","Community Development Partners","Tigard Triangle Limited Partnership",,"81","16","4","81","8",,,"25","46","10","0",,,,"81",,,,"25/06/2020","12/17/2021","12/31/2051",,,,,,,,"12/31/2051",,,"12/31/2051",,"true","POINT (-122.75122 45.43642)"
"Spruce Place","Spruce Place","4565 SW 185th Avenue","Beaverton","97007","Washington","Single Site","Active","1","18","35","Disabled",,,"Sequoia Mental Health Services, Inc.",,"Spruce Place Inc.","Non-Profit","15","14","1",,"14","0",,"14","0","0","0","0","14","0","0","0","0","0",,"10/01/2010",,,,,,"10/01/2050",,,"12/31/2050","06/30/2025",,"12/31/2050","Project Rental Assistance Contract","true","POINT (-122.86776 45.48665)"
"Alma Gardens","Alma Gardens","6300 NE Cherry Drive","Hillsboro","97124","Washington","Single Site","Active","1","15","30","Multi-Family Residential Rental","2013",,"Income Property Management (Portland)",,"Alma Gardens Limited Partnership",,"45",,"3",,"0",,,"44","1",,"0","0","0","44","0","0","0","0",,"08/29/2013",,"01/01/2074",,"05/01/2029",,,,,,,,"01/01/2074",,"true","POINT (-122.91676 45.53139)"
"Juniper Gardens II","Juniper Gardens II","2718 Juniper Street","Forest Grove","97116","Washington","Single Site","Active","1","15","29","Multi-Family Residential Rental",,,"Northwest Real Estate Capital Corp",,"Bienestar, Inc.","Non-Profit","22","15","2",,"0",,,,"8","12","2","0","0","0","0","19","2","0",,"12/31/2013",,,,,,"10/01/2074",,,"11/15/2024",,"2043 Dec 24 12:00:00 AM","10/01/2074",,"true","POINT (-123.09621 45.52874)"
"Fircrest Manor Apartments","Fircrest Manor Apartments","5835 SW Menlo Drive","Beaverton","97005","Washington","Single Site","Active","1","14","27","Multi-Family Residential Rental","1974","2,017","Hayes Gibson, LLC","Allied Real Estate Partners LLC","Fircrest Oregon Limited Partnership","For-Profit","59","14","3","3","0","0",,"16","16","19","8","0","0","11","48","0","0","0","23/02/2017","03/01/2000","01/01/2060",,,,,"03/01/2060",,,"03/01/2078",,,"03/01/2078",,"true","POINT (-122.81719 45.47753)"
"Village at Washington Square","Village at Washington Square","11159 SW Hall Boulevard","Tigard","97223","Washington","Single Site","Active","6","13","25","Multi-Family Residential Rental","2002","2,020","Income Property Management (Portland)","CPAH","Village at Washington Square Limited Partnership",,"30","0","1","12","0",,"1","7","5","7","6","13","0","13","0","0","0","0","30/11/2020","11/29/2000",,"04/30/2062",,,"12/31/2081",,,,,,,"12/31/2081",,"true","POINT (-122.76538 45.43952)"
"Stewart Terrace","Stewart Terrace","21754 SW Sherwood Boulevard","Sherwood","97140","Washington","Single Site","Active","6","13","26","Elderly-Disabled","2011",,"Guardian Management, LLC",,"Stewart Terrace Apartments, LLC","For-Profit","40","24",,,"0","0",,"24","0","0","0","0","0","0","29","0","0","0",,"03/01/2011","01/01/2063",,,"04/15/2022",,,,,"02/15/2043","03/31/2033",,"01/01/2063","Housing Assistance Payment","true","POINT (-122.84532 45.36309)"
"Altura (fka Goldcrest)","Altura (fka Goldcrest)","SW 172nd Terrace & SW Goldcrest Lane","Beaverton","97007","Washington","Single Site","In Development","0","0","0","Multi-Family Residential Rental",,,"BRIDGE Property Management Company","Bridge Housing Corporation","Goldcrest Apartments LLC",,"75","0","0","75","0",,,,,,"0",,,,,,,,"29/09/2022",,,,,,,,,,,,,,,"true","POINT (-122.85446 45.42983)"
"Wood Ridge Apartments","Wood Ridge Apartments","11999 SW Tualatin Road","Tualatin","97062","Washington","Single Site","Active","6","19","37","Multi-Family Residential Rental","2002",,"GSL Properties, Inc.",,"Wood Ridge Limited Partnership",,"264",,"0",,,"0",,"105","105","54","0",,,"3","261",,,"-",,"12/06/2002","12/31/2034",,,,,,,,"11/15/2048",,,"11/15/2048",,"true","POINT (-122.8005 45.38977)"
"Dolores","Dolores_1","9985 NE Walker Road","Hillsboro","97006","Washington","Scattered","In Development","0","0","0","Multi-Family Residential Rental",,,,"Hacienda CDC",,,"18","18","3","67","12",,,,,,"0",,,,,,,,"29/08/2024",,,,,,,,,,,,,,,"true","POINT (-122.87776 45.53175)"
"Tualatin Meadows","Tualatin Meadows","18755 SW 90th Avenue","Tualatin","97062","Washington","Single Site","Active","6","19","37","Multi-Family Residential Rental","2000",,"Investment Property Group UT, Inc.",,"Tualatin Meadows Apartments, LP","For-Profit","240",,,,,"0",,"120","120","0","0",,,,"240",,,"-",,"08/11/2000","09/01/2030",,,,,,,,,,,"09/01/2030",,"true","POINT (-122.77144 45.38429)"
"Briarcreek Apartments","Briarcreek Apartments","1008 NW Briarcreek Way","Hillsboro","97124","Washington","Single Site","Active","1","15","30","Multi-Family Residential Rental","1999",,"GSL Properties, Inc.",,"Briarcreek LIH Limited Partnership","For-Profit","216",,,,,"0",,"108","108","0","0",,,,"216",,,"-",,"05/28/1999","01/01/2030",,,,,,,,,,,"01/01/2030",,"true","POINT (-122.8922 45.52771)"
"Cornelius Place","Cornelius Place","120 N 13th Avenue","Cornelius","97113","Washington","Single Site","Active","1","15","29","Multi-Family Residential Rental","2019",,"BRIDGE Property Management Company","Bridge Housing","Cornelius Place Housing Associates LP","Non-Profit","45","11","4","45","0","7","6","36","2","0","0","0","0","1","43","0","0","0","22/11/2017","04/01/2017",,"12/31/2079",,"12/23/2039","04/01/2079",,,,"04/01/2079",,,"12/31/2079",,"true","POINT (-123.05519 45.52133)"
"HAWC Scattered Sites Portfolio","HAWC Scattered Sites Portfolio","Four Sties in Washington County","Tigard","97224","Washington","Single Site","In Development","0","0","0","Multi-Family Residential Rental",,,"Cascade Management, Inc. (Portland)","Housing Authority of Washington Co","HAWC AHP4 LP","Housing Authority","236","80","4",,,,,,,,"0",,,,,,,,"09/06/2022",,,,,,,,,,,,,,,"true",
"Carriage Place Apartments","Carriage Place Apartments","21843 SW Sherwood Boulevard","Sherwood","97140","Washington","Single Site","Active","6","13","26","Multi-Family Residential Rental","1993",,"Staircase Properties, LLC",,"Carriage Apartments L.L.C.",,"24",,,,,"0",,"23","1","0","0",,,,"24",,,"-",,"12/29/1993",,"01/01/2042",,,,,,,,,,"01/01/2042",,"true","POINT (-122.84533 45.36228)"
"Sunset View Apartments","Sunset View Apartments","16251 SW Jenkins Road","Beaverton","97006","Washington","Single Site","Active","1","18","35","Multi-Family Residential Rental","2017",,"Pedcor Management Corporation","Pedcor Invesments LLC","Pedcor Investments-2013-CXXIV Limited Partnership","For-Profit","236","0","5","5","0","0",,"88","112","36","0","0","0","0","236","0","0","0","10/06/2015","04/20/2017","12/31/2049",,,,,,,,,,,"12/31/2049",,"true","POINT (-122.84539 45.5103)"
"Woodspring Apartments","Woodspring Apartments","16044 SW 113th","Tigard","97224","Washington","Single Site","Active","6","13","25","Multi-Family Residential Rental","1991",,"Mission Rock Residential, LLC",,"Housing Authority of Washington County","Housing Authority","172","32","7","9",,"0",,"0","172","0","0",,,,,"171",,"-",,"03/01/1991",,"03/01/2021",,,"12/31/2084",,,,,,,"12/31/2084",,"true","POINT (-122.79284 45.40395)"
"Brentwood Oaks Senior Apartments (aka Tuality Park)","Brentwood Oaks Senior Apartments (aka Tuality Park)","3245 SW 182nd Avenue","Aloha","97006","Washington","Single Site","Active","1","18","35","Elderly Apartments","1999",,"HNN Communities US, LLC dba DevCo Residental Property Management",,"Brentwood Oaks Apartments LP",,"78",,,,,,,"42","36",,"0",,,,"78",,,"-",,"09/18/1997","01/01/2044",,,,,,,,"08/05/2022",,,"01/01/2044",,"true","POINT (-122.8646 45.49662)"
"Tualatin View Apartments","Tualatin View Apartments","18480 SW Boones Ferry Road","Durham","97224","Washington","Single Site","Active","6","19","37","Multi-Family Residential Rental","1993",,"Mission Rock Residential, LLC",,"HZ Tualatin View, LLC",,"210",,,,,"0",,"66","92","52","0",,,,"209",,,"-",,"12/23/1993",,"01/01/2042",,,,,,,,,,"01/01/2042",,"true","POINT (-122.75549 45.38693)"
"Oleson Woods Apartments","Oleson Woods Apartments","9140 SW 91st Avenue","Tigard","97223","Washington","Single Site","Active","6","13","25","Multi-Family Residential Rental","2005",,"Income Property Management (Portland)","Community Partners for Affordable Housing","Oleson Woods Limited Partnership",,"32","0","3","24",,,,"4",,"21","7","6","25","1",,,,"-","05/11/2024","10/25/2005",,"01/01/2065",,"05/10/2026",,"11/17/2063",,,"11/07/2065",,,"11/07/2065",,"true","POINT (-122.77058 45.45394)"
"VIEWFINDER, THE",,"11550 SW 72nd Avenue","Tigard","97223","Washington","Single Site","Active","6","13","25","Multi-Family Residential Rental",,,,,"Community Development Partners","Non-Profit","81","16",,,"0","0",,"25","46","10","0","0","27","0","0","0","0","0",,,,"12/31/2063","01/22/2063",,"12/31/2063",,,,,,,"12/31/2063",,"false","POINT (-122.75122 45.43653)"
"Belleau Woods Apartments","Belleau Woods Apartments","14994 SW Tracy Ann Court","Beaverton","97007","Washington","Single Site","Active","1","14","27","Multi-Family Residential Rental","1992",,"BRIDGE Property Management Company",,"Belleau Woods Apartments LLC","Non-Profit","64","0","0","0",,"0",,"0","24","40","0",,,,"64",,,"-",,"03/02/1992",,"12/31/2024",,,"12/31/2083",,,,,,,"12/31/2083",,"true","POINT (-122.83097 45.48319)"
"Jose Arciga Apartments","Jose Arciga Apartments","584 N 15th Avenue","Cornelius","97113","Washington","Single Site","Active","1","15","29","Multi-Family Residential Rental","2002",,"Northwest Real Estate Capital Corp",,"Jose Arciga Apartments LP",,"50",,"0",,"0",,,,"21","23","6","0","49","0","0","0","0","1",,"07/27/2001",,"01/01/2062",,"09/29/2022",,"07/27/2061",,,,,,"01/01/2062",,"true","POINT (-123.05346 45.52449)"
"Bethany Meadows II","Bethany Meadows II","15817 NW Athens Drive","Portland","97229","Washington","Single Site","Active","1","17","34","Multi-Family Residential Rental","1998",,"BRIDGE Property Management Company",,"Bethany Meadows Phase I and II LLC","For-Profit","132",,,,,"0",,"66","66","0","0",,,,"132",,,"-",,"09/28/1998","01/01/2029",,,,,,,,,,,"01/01/2029",,"true","POINT (-122.83976 45.55609)"
"Knoll at Tigard, The","Knoll at Tigard, The","12291 SW Knoll Drive","Tigard","97223","Washington","Single Site","Active","6","13","25","Multi-Family Residential Rental","2011",,"Income Property Management (Portland)",,"Knoll at Tigard Apartments, LP, The",,"48",,"3",,"0","0",,"45","3","0","0","0","0","40","8","0","0","0",,"04/12/2011",,"01/01/2072",,"04/12/2032",,"12/23/2069",,,"12/31/2071",,,"01/01/2072",,"true","POINT (-122.76445 45.43107)"
"SCM Main Street (fka Blackbird & Main Apts fka Scholls Ferry Apts)","SCM Main Street (fka Blackbird & Main Apts fka Scholls Ferry Apts)","17811 SW Scholls Ferry Road","Beaverton",,"Washington","Single Site","In Development","0","0","0","0",,,"Guardian Real Estate Services, LLC","Wishcamper Development Partners LLC","Blackbird & Main Housing Associates Limited Partnership",,"164","0","4","164","0",,,,,,"0",,,,,,,,"16/06/2022",,,,,,,,,,,,,,,"true","POINT (-122.86084 45.42584)"
"Reedville Apartments","Reedville Apartments","21141 SW Alexander Street","Aloha","97006","Washington","Single Site","Active","1","18","35","Multi-Family Residential Rental",,,"Northwest Real Estate Capital Corp",,"Bienestar, Inc.","Non-Profit","49","31","2",,,,,,"20","20","8",,,"48",,,,"-",,"07/22/1997",,,,,,"07/22/2037",,,,,"2030 Aug 15 12:00:00 AM","07/22/2037",,"true","POINT (-122.89466 45.49834)"
"West Ridge Meadows Apartments","West Ridge Meadows Apartments","18476 NW Chemeketa Lane","Portland","97229","Washington","Single Site","Active","1","17","34","Multi-Family Residential Rental","2000",,"GSL Properties, Inc.",,"West Ridge Limited Partnership",,"276",,"0",,,"0",,"138","138","0","0",,,"14","262",,,"-",,"03/01/2002","01/01/2042",,,,,,,,"04/15/2048",,,"04/15/2048",,"true","POINT (-122.8664 45.56115)"
"Nueva Esperanza","Nueva Esperanza","NE Hidden Creek Dr & 53rd Ave","Hillsboro","NULL","Washington","Scattered","Active","0","0","0","Multi-Family Residential Rental","2023",,"Northwest Real Estate Capital Corp","Bienestar Inc","Nueva Esperanza Limited Partnership",,"150","16","7","52","0",,,,,,"0",,,,"150",,,,"03/03/2022","05/22/2023","12/31/2054",,,,,,,,"12/31/2054",,,"12/31/2054",,"true",
"Willow Springs Apts (fka Willow Creek Commons)","Willow Springs Apts (fka Willow Creek Commons)","3240 SW Doyle Place","Aloha","97007","Washington","Single Site","Active","1","18","35","Multi-Family Residential Rental","1997",,"Hub Central Properties, LLC",,"Willow Springs Apts., LLC",,"120",,,,,,,"24","59","31","6",,,,"118",,,"-",,"07/14/1997",,"01/01/2047",,,,,,,,,,"01/01/2047",,"true","POINT (-122.87246 45.49577)"
"Greenburg Oaks Apts fka Villa La Paz Apartments","Greenburg Oaks Apts (fka Villa La Paz Apartments)","11905 SW 91st Avenue","Tigard","97223","Washington","Scattered","Active","0","0","0","Multi-Family Residential Rental","1969","2,023","Income Property Management (Portland)","Community Partners for Affordable Housing","Villa La Paz Limited Partnershp",,"84","0","0","2",,,,"12","60","12","0",,,"51","33",,,,"31/07/2023","07/25/1996",,"06/13/2066",,,"12/31/2084","07/25/2036",,,"06/13/2066",,,"12/31/2084",,"true","POINT (-122.77137 45.43388)"
"Merlo Station Apts I","Merlo Station Apts I","2016 SW Merlo Court","Beaverton","97006","Washington","Single Site","Active","1","18","35","Multi-Family Residential Rental","2008",,"Guardian Real Estate Services, LLC",,"Merlo Station I, LLC",,"80",,"7",,,"4","4","6","14","49","7","8",,"30","42",,,"-",,"05/30/2008","01/01/2068",,,,,,,,"02/15/2039",,,"01/01/2068",,"true","POINT (-122.8464 45.50453)"
"Plaza Los Amigos","Plaza Los Amigos","1910 N Davis Street","Cornelius","97113","Washington","Single Site","In Development","1","15","29","0",,,"Northwest Real Estate Capital Corp","REACH Community Development","Bienestar, Inc.","Non-Profit","113","16","6","18","0","0",,"40","61","12","0","10","0","0","102","0","0","0","13/07/2022",,,,,,,,,,,,,,,"true","POINT (-123.04713 45.52326)"
"Terrace View Apartments","Terrace View Apartments","6685 SW Sagert","Tualatin","97062","Washington","Single Site","Active","6","19","37","Multi-Family Residential Rental","1976",,"BCC Corporation",,"Terrace View Tualatin LLC","For-Profit","100",,,,,,,"32","36","32","0",,,,"99",,,"-",,"11/06/1997","01/01/2028",,,,,,,,,,,"01/01/2028",,"true","POINT (-122.74583 45.37548)"
"Juniper Gardens I","Juniper Gardens I","2718 Juniper Street","Forest Grove","97116","Washington","Single Site","Active","1","15","29","Multi-Family Residential Rental",,,"Northwest Real Estate Capital Corp",,"Bienestar, Inc.","Non-Profit","24","20","2",,"0",,,,"7","13","4","0","0","24","0","0","0","0",,"12/12/2011",,,,,"10/15/2045",,,,"11/07/2045",,"2041 Dec 04 12:00:00 AM","11/07/2045",,"true","POINT (-123.09621 45.52874)"
"Barcelona at Beaverton, The","Barcelona at Beaverton, The","4745 SW Lombard Avenue","Beaverton","97005","Washington","Single Site","Active","1","14","27","Multi-Family Residential Rental","2015",,"Income Property Management (Portland)",,"Barcelona at Beaverton LP, The",,"46",,"7",,"0",,"3","41","3",,"0","0","0","36","10","0","0","0",,"12/11/2015",,"12/31/2075",,"08/12/2036",,,,,,,,"12/31/2075",,"true","POINT (-122.80032 45.48534)"
"Pacific Park Apartments Sherwood Park","Pacific Park Apartments Sherwood Park","21961 SW Sherwood Blvd","Sherwood","97140","Washington","Single Site","Active","6","13","26","Elderly Apartments","2016","2,017","Viridian Management, Inc",,"Pacific Park Apartments LLC",,"44","42","2",,,"0",,"40","4","0","0","0","0","0","68","0","0","0",,"08/27/2015",,"12/31/2076",,"07/26/2032","12/31/2076",,,,,,,"12/31/2076",,"true","POINT (-122.84312 45.35974)"
"Mary Ann, The","Mary Ann, The","4601 SW Main Avenue","Beaverton","97005","Washington","Scattered","Active","1","14","27","Multi-Family Residential Rental","2021",,"REACH Community Development, Inc.","REACH CDI","REACH Beaverton LP","Non-Profit","54","8","3","54",,,,"25","26","3","0","5",,"29","20",,,,"08/06/2020","09/13/2021",,"12/31/2081",,"05/25/2042","12/31/2081",,,,"08/23/2052",,,"12/31/2081",,"true","POINT (-122.8082 45.48653)"
"Covey Run Apartments","Covey Run Apartments","1756-B Covey Run Drive","Forest Grove","97116","Washington","Single Site","Active","1","15","29","Multi-Family Residential Rental","2001",,"HNN Communities US, LLC dba DevCo Residental Property Management",,"Oregon 4 Apartments, LLC",,"40",,,,,,,,,"25","15",,,"40",,,,"-",,"01/17/2001",,"01/01/2051",,,,,,,,,,"01/01/2051",,"true","POINT (-123.11688 45.52544)"
"Dartmouth Crossing","Dartmouth Crossing","11750 & 1180 SW 69th Ave","Tigard","97223-8556","Washington","Single Site","In Development","6","13","25","Multi-Family Residential Rental",,,,"REACH CDC",,,"85","0","10","85","0","0",,"29","44","10","0","0","0","0","84","0","0","0","04/08/2023",,,,,,,,,,,,,,,"true","POINT (-122.74771 45.43503)"
"Spencer House","Spencer House","13665 SW Larch PL","Beaverton","97005","Washington","Single Site","Active","1","14","27","Multi-Family Residential Rental","1971",,"Income Property Management (Portland)",,"Preserve Spencer House Inc","Non-Profit","48","38","3",,"0","0",,"12","16","10","0","0","0","48","0","0","0","0",,"04/09/2012",,,,,,"08/01/2073",,,"02/01/2074","07/31/2032",,"02/01/2074","Housing Assistance Payment","true","POINT (-122.81734 45.48528)"
"City Center Apartments","City Center Apartments","160 SE Washington Street","Hillsboro","97123","Washington","Single Site","Active","1","15","29","Multi-Family Residential Rental","2004",,"GSL Properties, Inc.",,"City Center Limited Partnership",,"91",,"5",,"0","0",,"57","34","0","0","2","0","50","39","0","0","0",,"12/23/2004",,"01/01/2039",,,,,,,,,,"01/01/2039",,"true","POINT (-122.98867 45.52132)"
"Pomeroy Place","Pomeroy Place","18670 SW Blanton St","Beaverton","97078","Washington","Single Site","Active","1","18","35","Multi-Family Residential Rental","2018",,"Cascade Management, Inc. (Portland)",,"Blanton Street Housing GP LLC","Non-Profit","20",,"0",,"0","0",,"5","10","5","0","20","0","0","0","0","0","0",,"12/07/2016",,,,,"12/31/2078",,,,"12/31/2078",,,"12/31/2078",,"true","POINT (-122.86958 45.49199)"
"Gateway Commons Apts","Gateway Commons Apts","225 SE 18th Avenue","Hillsboro","97125","Washington","Single Site","Active","0","0","0","Multi-Family Residential Rental","2004",,"HNN Communities US, LLC dba DevCo Residental Property Management","Gateway Commons Manager LLC","Gateway Commons Apartments LLC","For-Profit","138","0","7","0",,,,"19","68","51","0",,,"2","134",,,,"09/12/2022","02/20/2004","01/01/2034",,,,,,,,,,,"01/01/2034",,"true","POINT (-122.9637 45.52054)"
"QUATAMA CROSSING",,"20700 NW TRAILWALK DR","BEAVERTON","97006","WASHINGTON","Single Site","Active","1","15","30","Multi-Family Residential Rental","1998",,"SIMPSON PROPERTY GROUP",,,,"711",,,,,,,,,,,"-","-","-","-","-","-","-",,,,,,,,,,,,,,,,"false","POINT (-122.89061 45.52573)"
"NEW DAWN",,"13286 SW HENRY ST","BEAVERTON","97005","WASHINGTON","Single Site","Active","1","18","35","Multi-Family Residential Rental","2004",,"LIFEWORKS NORTHWEST",,,,"15",,,,,,,,,,,"-","-","-","-","-","-","-",,,,,,,,,,,,,,,,"false","POINT (-122.81388 45.48961)"
"142 NW 9TH CT",,"142 NW 9TH CT","HILLSBORO","97124","WASHINGTON","Single Site","Active","1","15","29","Multi-Family Residential Rental","1981",,"HAWC PUBLIC HOUSING MAINTENANCE",,"STEWART TERRACE APARTMENTS LLC","Housing Authority","2",,,,,,,,,,,"-","-","-","-","-","-","-",,,,,,,,,,,,,,,,"false","POINT (-122.99925 45.52384)"
"WYNWOOD OF FOREST GROVE",,"3110 19TH AVE","FOREST GROVE","97116","WASHINGTON","Single Site","Active","1","15","29","Assisted Living (ALF)",,,,,"BOWEN REAL ESTATE GROUP",,"82","82",,,,,,,,,,"-","-","-","-",,,,,,,,,,,,,,,,,,,"true","POINT (-123.09208 45.51829)"
"707 SE 7TH AVE",,"707 SE 7TH AVE","HILLSBORO","97123","WASHINGTON","Single Site","Active","1","18","36","Multi-Family Residential Rental","1983",,"HAWC PUBLIC HOUSING MAINTENANCE",,"HOUSING AUTHORITY OF WASHINGTON COUNTY","Housing Authority","13",,,,,,,,,,,"-","-","-","-","-","-","-",,,,,,,,,,,,,,,,"false","POINT (-122.97911 45.51473)"
"ALOHA INN PSH",,"3333 SW 198TH AVE","ALOHA",,"WASHINGTON","Single Site","Active","1","18","35","Multi-Family Residential Rental",,,,,"The Housing Authority of Washington County","Housing Authority","54",,,,,"54",,"0","0","0","0","-","-","-","-","-","-","-",,,,,,,,,,,,,,,,"false","POINT (-122.88176 45.4965)"
"185TH DUPLEXES",,"2520 SW 185TH AVE","BEAVERTON","97006","WASHINGTON","Single Site","Active","1","18","35","Multi-Family Residential Rental","1976","1,993","INFINITY PROPERTY MANAGEMENT",,"HOUSING AUTHORITY OF WASHINGTON COUNTY","Housing Authority","6",,,,,,,,"2","4",,"-","-","-","-","-","-","-",,,,,,,,,,,,,,,,"false","POINT (-122.86743 45.50152)"
"7525 SW 165TH AVE",,"7525 SW 165TH AVE","BEAVERTON","97007","WASHINGTON","Single Site","Active","1","18","36","Multi-Family Residential Rental","1981",,"HAWC PUBLIC HOUSING MAINTENANCE",,"HOUSING AUTHORITY OF WASHINGTON COUNTY","Housing Authority","2",,,,,,,,,,,"-","-","-","-","-","-","-",,,,,,,,,,,,,,,,"false","POINT (-122.84608 45.46543)"
"LACELEAF",,"1250 E MAIN ST","HILLSBORO","97123","WASHINGTON","Single Site","Active","1","15","29","Multi-Family Residential Rental",,,"SEQUOIA MENTAL HEALTH SERVICES, INC",,,,"15","14",,,,"0",,"14","0","0","0","-","-","-","-","-","-","-",,,,,,,,,,,,"12/31/2025",,"12/31/2025","Project Rental Assistance Contract","false","POINT (-122.9698 45.52184)"
"CUENCA HOUSE",,"4585 SW 185TH AVE","ALOHA","97078","WASHINGTON","Single Site","Active","1","18","35","Multi-Family Residential Rental",,,,,,,"1",,,,,,,,,,,"-","-","-","-","-","-","-",,,,,,,,,,,,,,,,"false","POINT (-122.86775 45.48655)"
"Villa Capri Apartments","Villa Capri East","20733 NW QUATAMA RD","HILLSBORO","97006","WASHINGTON","Scattered","Active","1","15","30","Multi-Family Residential Rental","2003",,"Guardian Management, LLC","Catholic Charities of Oregon","Villa Capri Apartments LP",,"69","0","5",,"0",,,"22","25","16","0","4","0","34","24","0","0","1",,"07/08/2002",,"01/01/2063",,"02/24/2024",,"07/08/2062",,,,,,"01/01/2063",,"true",
"627 SE 13TH AVE",,"627 SE 13TH AVE","HILLSBORO","97123","WASHINGTON","Single Site","Active","1","15","29","Multi-Family Residential Rental","1966",,"HAWC PUBLIC HOUSING MAINTENANCE",,"HOUSING AUTHORITY OF WASHINGTON COUNTY","Housing Authority","4",,,,,,,,,,,"-","-","-","-","-","-","-",,,,,,,,,,,,,,,,"false","POINT (-122.96911 45.51595)"
"Housing Authority Units: Forest Grove",,"Scattered Sites","FOREST GROVE","97116","WASHINGTON","Scattered","Active","1","15","29","Multi-Family Residential Rental","1979",,"HAWC PUBLIC HOUSING MAINTENANCE",,"HOUSING AUTHORITY OF WASHINGTON COUNTY","Housing Authority","15","0","0",,"0",,,,,,,"-","-","-","-","-","-","-",,,,,,,,,,,,,,,,"false",
"2555 SE RIVER RD",,"2555 SE RIVER RD","HILLSBORO","97123","WASHINGTON","Single Site","Active","1","18","36","Multi-Family Residential Rental","1969",,"HAWC PUBLIC HOUSING MAINTENANCE",,"HAWTHORNE VILLA APARTMENTS","Housing Authority","2",,,,,,,,,,,"-","-","-","-","-","-","-",,,,,,,,,,,,,,,,"false","POINT (-122.95643 45.50118)"
"13700 SW HAZEL ST",,"13700 SW HAZEL ST","BEAVERTON","97005","WASHINGTON","Single Site","Active","1","14","27","Multi-Family Residential Rental","1969",,"HAWC PUBLIC HOUSING MAINTENANCE",,"HOUSING AUTHORITY OF WASHINGTON COUNTY","Housing Authority","2",,,,,,,,,,,"-","-","-","-","-","-","-",,,,,,,,,,,,,,,,"false","POINT (-122.81844 45.48156)"
"CEDAR MILL CROSSING",,"12450 NW BARNES RD","PORTLAND","97229","WASHINGTON","Single Site","Active","1","17","34","Multi-Family Residential Rental","1969","1,995","TANDEM PROPERTY MANAGEMENT",,,,"608",,,,,,,,,,,"-","-","-","-","-","-","-",,,,,,,,,,,,,,,,"false","POINT (-122.80575 45.52267)"
"11630 SW 7TH ST",,"11630 SW 7TH ST","BEAVERTON","97005","WASHINGTON","Single Site","Active","1","14","27","Multi-Family Residential Rental","1981",,"HAWC PUBLIC HOUSING MAINTENANCE",,"HOUSING AUTHORITY OF WASHINGTON COUNTY","Housing Authority","2",,,,,,,,,,,"-","-","-","-","-","-","-",,,,,,,,,,,,,,,,"false","POINT (-122.79712 45.48171)"
"240 NW SCOTT ST",,"240 NW SCOTT ST","HILLSBORO","97124","WASHINGTON","Single Site","Active","1","15","29","Multi-Family Residential Rental","1983",,"HAWC PUBLIC HOUSING MAINTENANCE",,"DBG PROPERTIES","Housing Authority","2",,,,,,,,,,,"-","-","-","-","-","-","-",,,,,,,,,,,,,,,,"false","POINT (-122.99771 45.54232)"
"Wyndhaven Apartments","Wyndhaven Apartments","230 SW EDGEWAY DR","HILLSBORO","97006","WASHINGTON","Scattered","Active","1","15","30","Multi-Family Residential Rental","2003",,"GSL Properties, Inc.",,"Wyndhaven Limited Partnership",,"396",,"0",,,,,"170","166","60","0",,,"5","391",,,"-",,"12/17/2003","01/01/2039",,,,,,,,"07/01/2034",,,"01/01/2039",,"true","POINT (-122.87025 45.51844)"
"7620 SW BEL AIRE DR",,"7620 SW BEL AIRE DR","BEAVERTON","97008","WASHINGTON","Single Site","Active","6","14","27","Multi-Family Residential Rental","1969",,"HAWC PUBLIC HOUSING MAINTENANCE",,"HOUSING AUTHORITY OF WASHINGTON COUNTY","Housing Authority","2",,,,,,,,,,,"-","-","-","-","-","-","-",,,,,,,,,,,,,,,,"false","POINT (-122.79204 45.46505)"
"Housing Authority Units: Hillsboro",,"Scattered Sites","HILLSBORO","97123","WASHINGTON","Scattered","Active","1","15","29","Multi-Family Residential Rental","1966",,"HAWC PUBLIC HOUSING MAINTENANCE",,"0",,"29","0","0",,"0",,,,,,,"-","-","-","-","-","-","-",,,,,,,,,,,,,,,,"false",
"138 NW 9TH CT",,"138 NW 9TH CT","HILLSBORO","97124","WASHINGTON","Single Site","Active","1","15","29","Multi-Family Residential Rental","1981",,"HAWC PUBLIC HOUSING MAINTENANCE",,"GUARDIAN AFFORDABLE HOUSING DEVELOPMENT LLC","Housing Authority","2",,,,,,,,,,,"-","-","-","-","-","-","-",,,,,,,,,,,,,,,,"false","POINT (-122.99925 45.52384)"
"ALOHA PROJECT",,"4455 SW 184TH AVE","BEAVERTON","97078","WASHINGTON","Single Site","Active","1","18","35","Multi-Family Residential Rental",,,"CASCADE MANAGEMENT CORP.",,,,"10","10",,,,"0",,"10","0","0","0","-","-","-","-","-","-","-",,,,,,,,,,,,"12/31/2027",,"12/31/2027","Housing Assistance Payment","false","POINT (-122.86636 45.4875)"
"CORNELIUS PARK APTS",,"481 S ALPINE ST","CORNELIUS","97113","WASHINGTON","Single Site","Active","1","15","29","Multi-Family Residential Rental",,,"AFFINITY PROPERTY MANAGEMENT",,,,"24","16","2",,,"0",,"0","11","9","4","-","-","-","-","-","-","-",,,,,,,,,,,,,"2024 Jul 01 12:00:00 AM","07/01/2024",,"false","POINT (-123.0652 45.51916)"
"COLONIES",,"14220 SW 112TH AVE","TIGARD","97224","WASHINGTON","Single Site","Active","6","13","25","Multi-Family Residential Rental","1972","2,001","INFINITY PROPERTY MANAGEMENT",,"HOUSING AUTHORITY OF WASHINGTON COUNTY","Housing Authority","96",,,,,,,,,,,"-","-","-","-","-","-","-",,,,,,,,,,,,,,,,"false","POINT (-122.79246 45.41674)"
"22377 SW MARSHALL ST",,"22377 SW MARSHALL ST","SHERWOOD","97140","WASHINGTON","Single Site","Active","6","13","26","Multi-Family Residential Rental","1983",,"HAWC PUBLIC HOUSING MAINTENANCE",,"HOUSING AUTHORITY OF WASHINGTON COUNTY","Housing Authority","2",,,,,,,,,,,"-","-","-","-","-","-","-",,,,,,,,,,,,,,,,"false","POINT (-122.84928 45.35798)"
"TARKINGTON SQUARE",,"355 N 1ST AVE","HILLSBORO","97124","WASHINGTON","Single Site","Active","1","15","29","Multi-Family Residential Rental",,,"INCOME PROPERTY MANAGEMENT INC",,"HOUSING AUTHORITY OF WASHINGTON COUNTY","Housing Authority","48","48",,,,"0",,"47","1","0","0","-","-","-","-","-","-","-",,,,,,,,,,,,"12/31/2043",,"12/31/2043","Housing Assistance Payment","false","POINT (-122.99013 45.52617)"
"Valfre at Avenida 26, The","Valfre at Avenida 26, The","2525 A STREET","FOREST GROVE","97116","WASHINGTON","Scattered","Active","1","15","29","Multi-Family Residential Rental","2022",,"Cascade Management, Inc. (Portland)","DCM Communities LLC","The Valfre At Avenida 26 Limited Partnership",,"36","8","4","21","8","0",,"6","24","6","0","8","0","0","24","0","0","0","23/07/2021","06/30/2022","12/31/2052",,,,,,,,,,,"12/31/2052",,"true","POINT (-123.1138 45.52678)"
"Alongside Senior Housing","Alongside Senior Housing","8815 SW O'MARA ST","TIGARD","97223","WASHINGTON","Scattered","Active","6","13","25","Elderly Apartments","2023",,"Northwest Real Estate Capital Corp","Northwest Housing Alternatives","Tigard Senior Housing Limited Partnership","Non-Profit","58","23","58","58","23","0",,"58","0","0","0","23","0","0","34","0","0","0","28/04/2022","04/28/2022","12/31/2054",,,"05/03/2044",,,,,"12/31/2054",,,"12/31/2054",,"true","POINT (-122.7685 45.4231)"
"11909 SW 95TH AVE",,"11909 SW 95TH AVE","TIGARD","97223","WASHINGTON","Single Site","Active","6","13","25","Multi-Family Residential Rental","1983",,"HAWC PUBLIC HOUSING MAINTENANCE",,"HOUSING AUTHORITY OF WASHINGTON COUNTY","Housing Authority","17",,,,,,,,,,,"-","-","-","-","-","-","-",,,,,,,,,,,,,,,,"false","POINT (-122.77446 45.43422)"
"SOMES LANE 1",,"16865 SW SOMES LN","BEAVERTON","97007","WASHINGTON","Single Site","Active","1","18","35","Multi-Family Residential Rental","1997",,,,"HOUSING AUTHORITY OF WASHINGTON COUNTY","Housing Authority","3",,,,,,,,,,,"-","-","-","-","-","-","-",,,,,,,,,,,,,,,,"false","POINT (-122.85051 45.4846)"
"6135 SW CHERRYHILL DR",,"6135 SW CHERRYHILL DR","BEAVERTON","97008","WASHINGTON","Single Site","Active","1","14","27","Multi-Family Residential Rental","1978",,"HAWC PUBLIC HOUSING MAINTENANCE",,"HOUSING AUTHORITY OF WASHINGTON COUNTY","Housing Authority","2",,,,,,,,,,,"-","-","-","-","-","-","-",,,,,,,,,,,,,,,,"false","POINT (-122.82006 45.47561)"
"GATEWAY COMMONS",,"181 SE 18TH AVE","HILLSBORO","97123","WASHINGTON","Single Site","Active","1","15","29","Multi-Family Residential Rental","2004",,"CASCADE HOUSING GROUP, BEAVERTON",,"Gateway Commons Apts LLC","For-Profit","138",,"8",,,,,,,,,"-","-","-","-","-","-","-",,,"01/01/2034",,,,,,,,,,,"01/01/2034",,"false","POINT (-122.96369 45.52021)"
"14485 SW BARLOW RD",,"14485 SW BARLOW RD","BEAVERTON","97008","WASHINGTON","Single Site","Active","1","14","27","Multi-Family Residential Rental","1969",,"HAWC PUBLIC HOUSING MAINTENANCE",,"HOUSING AUTHORITY OF WASHINGTON COUNTY","Housing Authority","2",,,,,,,,,,,"-","-","-","-","-","-","-",,,,,,,,,,,,,,,,"false","POINT (-122.82573 45.46949)"
"FOREST MANOR I",,"2141 QUINCE ST","FOREST GROVE","97116","WASHINGTON","Single Site","Active","1","15","29","Multi-Family Residential Rental",,,"TAYLOR AND CO",,,,"28","19",,,,"0",,"1","18","0","0","-","-","-","-","-","-","-",,,,,,,,,,,,"03/31/2030",,"03/31/2030","Housing Assistance Payment","false","POINT (-123.08414 45.52214)"
"Terrace Glen Apartments","Terrace Glen Apartments","9640 SW Greenburg Rd","Tigard","97223","WASHINGTON","Scattered","Active","6","13","25","Multi-Family Residential Rental","2023",,"Quantum Residential Inc.","Related NW","Terrace Glen Housing Partners Limited Partnership",,"144","3","8","144","3","29","29","41","58","13","3","46","0","0","98","0","0","0","23/11/2021","06/08/2023","01/01/2054",,,,,,,,,,,"01/01/2054",,"true","POINT (-122.77429 45.45036)"
"Orchards at Orenco III, The","Orchards at Orenco III, The","6598 NE CHERRY DR","HILLSBORO","97124","WASHINGTON","Scattered","Active","1","15","30","Multi-Family Residential Rental","2018",,"REACH Community Development, Inc.",,"REACH Orenco III LLC","Non-Profit","52","0","3","52","0","0",,"0","33","19","0","0","8","34","10","0","0","0","16/08/2017","08/16/2017",,"12/31/2078",,"04/29/2039","09/11/2078",,,,"12/31/2078",,,"12/31/2078",,"true","POINT (-122.91276 45.53105)"
"MAPLES I",,"1136 SE MAPLE ST","HILLSBORO","97123","WASHINGTON","Single Site","Active","1","15","29","Multi-Family Residential Rental",,,"REACH COMMUNITY DEVELOPMENT INC",,,,"30","29",,,,"7",,"22","0","0","0","-","-","-","-","-","-","-",,,,,,,,,,,,"08/31/2029",,"08/31/2029","Project Rental Assistance Contract","false","POINT (-122.971 45.51415)"
"FOREST GROVE BEEHIVE",,"2122 HAWTHORNE ST","FOREST GROVE","97116","WASHINGTON","Single Site","Active","1","15","29","Assisted Living (ALF)",,,,,"Forest Grove Beehive, LLC",,"44","9","0",,,,,,,,,"-","-","-","-",,,,,,,,,,,,,,"12/15/2030",,,"12/15/2030",,"true","POINT (-123.09984 45.52144)"
"16750 SW TRAVIS CT",,"16750 SW TRAVIS CT","SHERWOOD","97140","WASHINGTON","Single Site","Active","6","13","26","Multi-Family Residential Rental","1983",,"HAWC PUBLIC HOUSING MAINTENANCE",,"HOUSING AUTHORITY OF WASHINGTON COUNTY","Housing Authority","2",,,,,,,,,,,"-","-","-","-","-","-","-",,,,,,,,,,,,,,,,"false","POINT (-122.84913 45.35729)"
"Sunset Gardens Apartments","Sunset Gardens Apartments","951 SE 13TH AVE","HILLSBORO","97123","WASHINGTON","Scattered","Active","1","15","30","Multi-Family Residential Rental","1970","2,008","Northwest Real Estate Capital Corp","Bienestar","Birch Park Limited Partnership",,"101","0",,,"0",,,"1","95","2","3","0","0","99","0","0","0","0",,"12/31/1998",,"01/01/2053",,,,"04/12/2051",,,"01/01/2053",,,"01/01/2053",,"true","POINT (-122.97086 45.51274)"
"SOMES LANE 2",,"16835 SW SOMES LN","BEAVERTON","97007","WASHINGTON","Single Site","Active","1","18","35","Multi-Family Residential Rental","1997",,,,,,"3",,,,,,,,,,,"-","-","-","-","-","-","-",,,,,,,,,,,,,,,,"false","POINT (-122.85064 45.4846)"
"BRIDGE",,"5920 SW 141ST AVE","BEAVERTON","97005","WASHINGTON","Single Site","Active","1","14","27","Multi-Family Residential Rental",,,"Pinehurst Management",,,,"14","14",,,,"0",,"14","0","0","0","-","-","-","-","-","-","-",,,,,,,,,,,,"03/31/2025",,"03/31/2025","Project Rental Assistance Contract","false","POINT (-122.82116 45.47716)"
"HILL STREET DUPLEXES",,"9283 SW HILL ST","TIGARD","97223","WASHINGTON","Single Site","Active","6","13","25","Multi-Family Residential Rental",,,"BENCHMARK PROPERTIES",,,,"4",,,,,,,,,,,"-","-","-","-","-","-","-",,,,,,,,,,,,,,,,"false","POINT (-122.77189 45.42395)"
"12325 SW 2ND ST",,"12325 SW 2ND ST","BEAVERTON","97005","WASHINGTON","Single Site","Active","1","14","27","Multi-Family Residential Rental","1958",,"HAWC PUBLIC HOUSING MAINTENANCE",,"BIENESTAR INC","Non-Profit","8",,,,,,,,,,,"-","-","-","-","-","-","-",,,,,,,,,,,,,,,,"false","POINT (-122.80274 45.48592)"
"16650 SW CYNTHIA ST",,"16650 SW CYNTHIA ST","BEAVERTON","97007","WASHINGTON","Single Site","Active","1","18","36","Multi-Family Residential Rental","1981",,"HAWC PUBLIC HOUSING MAINTENANCE",,"HOUSING AUTHORITY OF WASHINGTON COUNTY","Housing Authority","2",,,,,,,,,,,"-","-","-","-","-","-","-",,,,,,,,,,,,,,,,"false","POINT (-122.84811 45.46808)"
"AMBERWOOD",,"1605 SE MAPLE ST","HILLSBORO","97123","WASHINGTON","Single Site","Active","1","15","29","Multi-Family Residential Rental","1990","1,996","INFINITY PROPERTY MANAGEMENT",,"HOUSING AUTHORITY OF WASHINGTON COUNTY","Housing Authority","40",,,,,,,,,,,"-","-","-","-","-","-","-",,,,,,,,,,,,,,,,"false","POINT (-122.96618 45.51491)"
"Cedar Grove (Beaverton)","Cedar Grove (Beaverton)","812 & 822 NW MURRAY RD","BEAVERTON","97005","WASHINGTON","Scattered","Active","1","14","27","Multi-Family Residential Rental","2020",,"Income Property Management (Portland)","Community Partners for Affordable Housing","CPAH Cedar Grove Limited Partnership",,"44","8","3","44","0","4","4","26","7","7","0","4","17","18","5","0","0","0","27/11/2019","12/11/2020",,"12/31/2080",,,"12/31/2080",,,"12/31/2050","02/23/2052",,,"12/31/2080",,"true","POINT (-122.81913 45.51384)"
"995 NE LINCOLN ST",,"995 NE LINCOLN ST","HILLSBORO","97124","WASHINGTON","Single Site","Active","1","15","29","Multi-Family Residential Rental","1969",,"HAWC PUBLIC HOUSING MAINTENANCE",,"HOUSING AUTHORITY OF WASHINGTON COUNTY","Housing Authority","2",,,,,,,,,,,"-","-","-","-","-","-","-",,,,,,,,,,,,,,,,"false","POINT (-122.97386 45.52378)"
"Fields Apts, The","Fields Apts, The","7700 SW HUNZIKER RD","TIGARD","97223","WASHINGTON","Scattered","Active","6","13","25","Multi-Family Residential Rental","2020",,"GSL Properties, Inc.","DBG Properties LLC","Fields Apartments Limited Partnership, an Oregon limited partnership","For-Profit","260","26","13",,"0","0","1","156","104","0","0","0","0","0","264","0","0","0","24/10/2018","10/01/2018","10/15/2050",,,,,,"10/15/2050",,"10/01/2050",,,"10/15/2050",,"true","POINT (-122.75618 45.42715)"
"KINNAMAN TOWNHOMES",,"17615 SW KINNAMAN RD","BEAVERTON","97078","WASHINGTON","Single Site","Active","1","18","35","Multi-Family Residential Rental",,,"INNOVATIVE HOUSING",,"Innovative Housing, Inc","Non-Profit","40",,"0",,,,,,,,,"-","-","-","-","-","-","-",,,,"01/01/2044",,,,"06/28/2044",,,,,,"06/28/2044",,"false","POINT (-122.85836 45.48205)"
"Willow Park Apartments","Willow Park Apartments","2824 22ND AVE","FOREST GROVE","97116","WASHINGTON","Scattered","Active","1","15","29","Multi-Family Residential Rental","1998",,"Northwest Real Estate Capital Corp","Bienestar","Willow Park Limited Partnership",,"46","0","0","1","0","0",,"1","45","0","0","0","0","46","0","0","0","0",,"12/01/1999",,"01/01/2053",,,,,,,"01/01/2053",,,"01/01/2053",,"true","POINT (-123.09513 45.52161)"
"Crestview Court","Crestview Court","4600 SW 141ST AVE","BEAVERTON","97005","WASHINGTON","Scattered","Active","1","14","27","Multi-Family Residential Rental","1983",,"Northwest Real Estate Capital Corp",,"Northwest Crestview Court LLC","Non-Profit","48","48","2",,"0","0",,"15","33","0","0","0","0","0","48","0","0","0",,"03/14/2012",,"01/01/2053",,"03/14/2028","01/01/2053",,,,"01/01/2053","02/29/2032",,"01/01/2053","Housing Assistance Payment","true","POINT (-122.82162 45.48608)"
"Hawthorne Villa Apartments","Hawthorne Villa Apartments","7709 SW PFAFFLE ST","TIGARD","97223","WASHINGTON","Scattered","Active","6","13","25","Multi-Family Residential Rental","1996",,"Hawthorne Villa LLC",,"Hawthorne Villa Apartments General Partnership","For-Profit","119",,,,,,"30","83","6",,"0",,,,"117",,,"-",,"12/13/1996","01/01/2027",,,,,,,,,,,"01/01/2027",,"true","POINT (-122.75589 45.43827)"
"SMALLWOOD",,"1300 E MAIN ST","HILLSBORO","97123","WASHINGTON","Single Site","Active","1","15","29","Multi-Family Residential Rental",,,"SEQUOIA MENTAL HEALTH SERVICES, INC",,,,"18","17",,,,"0",,"17","0","0","0","-","-","-","-","-","-","-",,,,,,,,,,,,"08/23/2030",,"08/23/2030","Housing Assistance Payment","false","POINT (-122.96917 45.5218)"
"4437 SW 196TH AVE",,"4437 SW 196TH AVE","BEAVERTON","97007","WASHINGTON","Single Site","Active","1","18","35","Multi-Family Residential Rental","1969",,"HAWC PUBLIC HOUSING MAINTENANCE",,"HOUSING AUTHORITY OF WASHINGTON COUNTY","Housing Authority","2",,,,,,,,,,,"-","-","-","-","-","-","-",,,,,,,,,,,,,,,,"false","POINT (-122.87887 45.48753)"
"15378 SW OREGON ST",,"15378 SW OREGON ST","SHERWOOD","97140","WASHINGTON","Single Site","Active","6","13","26","Multi-Family Residential Rental","1983",,"HAWC PUBLIC HOUSING MAINTENANCE",,"HOUSING AUTHORITY OF WASHINGTON COUNTY","Housing Authority","5",,,,,,,,,,,"-","-","-","-","-","-","-",,,,,,,,,,,,,,,,"false","POINT (-122.83493 45.3595)"
"3320 SW 125TH AVE",,"3320 SW 125TH AVE","BEAVERTON","97005","WASHINGTON","Single Site","Active","1","18","35","Multi-Family Residential Rental","1958",,"HAWC PUBLIC HOUSING MAINTENANCE",,"HOUSING AUTHORITY OF WASHINGTON COUNTY","Housing Authority","4",,,,,,,,,,,"-","-","-","-","-","-","-",,,,,,,,,,,,,,,,"false","POINT (-122.80555 45.49609)"
"233 NE 12TH AVE",,"233 NE 12TH AVE","HILLSBORO","97124","WASHINGTON","Single Site","Active","1","15","29","Multi-Family Residential Rental","1969",,"HAWC PUBLIC HOUSING MAINTENANCE",,"HOUSING AUTHORITY OF WASHINGTON COUNTY","Housing Authority","2",,,,,,,,,,,"-","-","-","-","-","-","-",,,,,,,,,,,,,,,,"false","POINT (-122.97019 45.52404)"
"6905 SW 144TH PL",,"6905 SW 144TH PL","BEAVERTON","97008","WASHINGTON","Single Site","Active","1","14","27","Multi-Family Residential Rental","1978",,"HAWC PUBLIC HOUSING MAINTENANCE",,"HOUSING AUTHORITY OF WASHINGTON COUNTY","Housing Authority","2",,,,,,,,,,,"-","-","-","-","-","-","-",,,,,,,,,,,,,,,,"false","POINT (-122.82538 45.46989)"
"11650 SW 7TH ST",,"11650 SW 7TH ST","BEAVERTON","97005","WASHINGTON","Single Site","Active","1","14","27","Multi-Family Residential Rental","1981",,"HAWC PUBLIC HOUSING MAINTENANCE",,"HOUSING AUTHORITY OF WASHINGTON COUNTY","Housing Authority","2",,,,,,,,,,,"-","-","-","-","-","-","-",,,,,,,,,,,,,,,,"false","POINT (-122.79708 45.48171)"
"BONITA VILLA",,"14680 SW 76TH AVE","TIGARD","97224","WASHINGTON","Single Site","Active","6","13","25","Multi-Family Residential Rental","1969","2,002","INFINITY PROPERTY MANAGEMENT",,"HOUSING AUTHORITY OF WASHINGTON COUNTY","Housing Authority","96",,,,,,,,,,,"-","-","-","-","-","-","-",,,,,,,,,,,,,,,,"false","POINT (-122.75475 45.41405)"
"METZGER PARK",,"10045 SW 85TH AVE","TIGARD","97223","WASHINGTON","Single Site","Active","6","13","25","Multi-Family Residential Rental","2015",,"CASCADE MANAGEMENT CORP.",,"NORTHWEST HOUSING ALTERNATIVES","Non-Profit","39","6",,,,"0",,"6","0","0","0","-","-","-","-","-","-","-",,,,,,,,,,,,"07/31/2034",,"07/31/2034","Housing Assistance Payment","false","POINT (-122.76441 45.44664)"
"11783 SW 91ST AVE",,"11783 SW 91ST AVE","TIGARD","97223","WASHINGTON","Single Site","Active","6","13","25","Multi-Family Residential Rental","1981",,"HAWC PUBLIC HOUSING MAINTENANCE",,"HOUSING AUTHORITY OF WASHINGTON COUNTY","Housing Authority","2",,,,,,,,,,,"-","-","-","-","-","-","-",,,,,,,,,,,,,,,,"false","POINT (-122.77117 45.43479)"
"5225 SW ALGER AVE",,"5225 SW ALGER AVE","BEAVERTON","97005","WASHINGTON","Single Site","Active","1","14","27","Multi-Family Residential Rental","1981",,"HAWC PUBLIC HOUSING MAINTENANCE",,"HOUSING AUTHORITY OF WASHINGTON COUNTY","Housing Authority","2",,,,,,,,,,,"-","-","-","-","-","-","-",,,,,,,,,,,,,,,,"false","POINT (-122.79658 45.48139)"
"VILLAGER",,"1921 FIR RD","FOREST GROVE","97116","WASHINGTON","Single Site","Active","1","15","29","Multi-Family Residential Rental","1974","1,999","INFINITY PROPERTY MANAGEMENT",,"HOUSING AUTHORITY OF WASHINGTON COUNTY","Housing Authority","36",,,,,,,,,,,"-","-","-","-","-","-","-",,,,,,,,,,,,,,,,"false","POINT (-123.08212 45.51897)"
"SE 53RD DUPLEX",,"2413 SE 53RD AVE","HILLSBORO","97123","WASHINGTON","Single Site","Active","1","18","36","Multi-Family Residential Rental","2013",,"INFINITY PROPERTY MANAGEMENT",,"HOUSING AUTHORITY OF WASHINGTON COUNTY","Housing Authority","2",,,,,,,,,,,"-","-","-","-","-","-","-",,,,,,,,,,,,,,,,"false","POINT (-122.92863 45.50129)"
"21445 SW CLARION ST",,"21445 SW CLARION ST","BEAVERTON","97006","WASHINGTON","Single Site","Active","1","18","35","Multi-Family Residential Rental","1969",,"HAWC PUBLIC HOUSING MAINTENANCE",,"HOUSING AUTHORITY OF WASHINGTON COUNTY","Housing Authority","2",,,,,,,,,,,"-","-","-","-","-","-","-",,,,,,,,,,,,,,,,"false","POINT (-122.89699 45.49969)"
"325 NE 9TH PL",,"325 NE 9TH PL","HILLSBORO","97124","WASHINGTON","Single Site","Active","1","15","29","Multi-Family Residential Rental","1969",,"HAWC PUBLIC HOUSING MAINTENANCE",,"COMMUNITY PARTNERS FOR AFFORDABLE HOUSING","Non-Profit","2",,,,,,,,,,,"-","-","-","-","-","-","-",,,,,,,,,,,,,,,,"false","POINT (-122.97448 45.52541)"
"MARY ANN, THE",,"4605 SW MAIN AVE","BEAVERTON","97005","WASHINGTON","Single Site","Active","1","14","27","Multi-Family Residential Rental",,,"REACH COMMUNITY DEVELOPMENT",,"REACH Community Development, Inc.","Non-Profit","54","8","3",,"0","0",,"25","26","3","0","0","0","10","1","1","0","0",,,,,"10/15/2067","10/02/2027",,"06/20/2065",,,,,,"10/15/2067",,"true","POINT (-122.80822 45.4864)"
"ALOHA PARK",,"875 SW 185TH AVE","BEAVERTON","97003","WASHINGTON","Single Site","Active","1","18","35","Multi-Family Residential Rental",,,"INCOME PROPERTY MANAGEMENT INC",,"HOUSING AUTHORITY OF WASHINGTON COUNTY","Housing Authority","80","8",,,,"0",,"8","0","0","0","-","-","-","-","-","-","-",,,,,,,,,,,,"06/30/2042",,"06/30/2042","Housing Assistance Payment","false","POINT (-122.86764 45.51345)"
"Housing Authority Units: Cornelius",,"Scattered Sites","CORNELIUS","97113","WASHINGTON","Scattered","Active","1","15","29","Multi-Family Residential Rental","1981",,"HAWC PUBLIC HOUSING MAINTENANCE",,"HOUSING AUTHORITY OF WASHINGTON COUNTY","Housing Authority","10","0","0",,"0",,,,,,,"-","-","-","-","-","-","-",,,,,,,,,,,,,,,,"false",
"Willows, The","Willows, The","365 NW ADAMS AVE","HILLSBORO","97124","WASHINGTON","Scattered","Active","2","2","3","Disabled",,,"Sequoia Mental Health Services, Inc.",,"The Willow Corporation","Non-Profit","10","8",,,,"0",,"8","0","0","0",,,"10",,,,"-",,"09/30/1993",,,,,,"09/30/2033",,,,"06/27/2025",,"09/30/2033","Project Rental Assistance Contract","true","POINT (-122.99161 45.52625)"
"PARKSIDE",,"2715 MAIN ST","FOREST GROVE","97116","WASHINGTON","Single Site","Active","1","15","29","Multi-Family Residential Rental","1978","1,999","INFINITY PROPERTY MANAGEMENT",,"GSL PROPERTIES","Housing Authority","24",,,,,,,,,,,"-","-","-","-","-","-","-",,,,,,,,,,,,,,,,"false","POINT (-123.11114 45.52862)"
"Sierra West","Sierra West","356 SE 12TH AVE","HILLSBORO","97123","WASHINGTON","Scattered","Active","1","15","29","Multi-Family Residential Rental","1973",,"Northwest Real Estate Capital Corp","Bienestar","Westminster Limited Partnership",,"57","0","0","0","0","0",,"0","41","16","0","0","0","57","0","0","0","0",,"12/31/1998",,"01/01/2053",,,,"04/12/2051",,,"01/01/2053",,,"01/01/2053",,"true","POINT (-122.9695 45.51997)"
"13800 SW HAZEL ST",,"13800 SW HAZEL ST","BEAVERTON","97005","WASHINGTON","Single Site","Active","1","14","27","Multi-Family Residential Rental","1969",,"HAWC PUBLIC HOUSING MAINTENANCE",,"HOUSING AUTHORITY OF WASHINGTON COUNTY","Housing Authority","2",,,,,,,,,,,"-","-","-","-","-","-","-",,,,,,,,,,,,,,,,"false","POINT (-122.81909 45.48123)"
"12655 SW 13TH ST",,"12655 SW 13TH ST","BEAVERTON","97005","WASHINGTON","Single Site","Active","1","14","27","Multi-Family Residential Rental","1969",,"HAWC PUBLIC HOUSING MAINTENANCE",,"HOUSING AUTHORITY OF WASHINGTON COUNTY","Housing Authority","2",,,,,,,,,,,"-","-","-","-","-","-","-",,,,,,,,,,,,,,,,"false","POINT (-122.8069 45.47779)"
"KAYBERN TERRACE",,"31380 NW KAYBERN ST","NORTH PLAINS","97133","WASHINGTON","Single Site","Active","1","16","31","Multi-Family Residential Rental",,,"INFINITY PROPERTY MANAGEMENT",,,,"12","10","0",,,"0",,"12","0","0","0","-","-","-","-","-","-","-",,,,,,,,,,,,,"2037 Nov 26 12:00:00 AM","11/26/2037",,"false","POINT (-123.00067 45.59699)"
"537 SE 14TH AVE",,"537 SE 14TH AVE","HILLSBORO","97123","WASHINGTON","Single Site","Active","1","15","29","Multi-Family Residential Rental","1966",,"HAWC PUBLIC HOUSING MAINTENANCE",,"GSL PROPERTIES","Housing Authority","4",,,,,,,,,,,"-","-","-","-","-","-","-",,,,,,,,,,,,,,,,"false","POINT (-122.96828 45.51691)"
"ORCHARDS AT ORENCO I",,"6520 NE CHERRY DR","HILLSBORO","97124","WASHINGTON","Single Site","Active","1","15","30","Multi-Family Residential Rental","2015",,"REACH COMMUNITY DEVELOPMENT INC",,"REACH Community Development, Inc.","Non-Profit","57",,"5",,"0",,,,,,,"0","0","49","8","0","0","0",,,,"02/01/2076",,"02/26/2036","06/02/2075",,,,,,,"02/01/2076",,"false","POINT (-122.91392 45.53111)"
"ROLLING GREEN",,"2206 SE 44TH AVE","HILLSBORO","97123","WASHINGTON","Single Site","Active","1","15","30","Multi-Family Residential Rental",,,"QUADRIPLEGICS UNITED AGAINST DEPENDENCY, INC.",,,,"25","24",,,,"0",,"19","5","0","0","-","-","-","-","-","-","-",,,,,,,,,,,,"10/31/2025",,"10/31/2025","Project Rental Assistance Contract","false","POINT (-122.93856 45.50309)"
"FOREST MANOR II",,"2141 QUINCE ST","FOREST GROVE","97116","WASHINGTON","Single Site","Active","1","15","29","Multi-Family Residential Rental",,,"TAYLOR AND CO. NW INC.",,,,"6","6",,,,"0",,"1","18","0","0","-","-","-","-","-","-","-",,,,,,,,,,,,"03/31/2030",,"03/31/2030","Housing Assistance Payment","false","POINT (-123.08414 45.52214)"
"226 NW SCOTT ST",,"226 NW SCOTT ST","HILLSBORO","97124","WASHINGTON","Single Site","Active","1","15","29","Multi-Family Residential Rental","1983",,"HAWC PUBLIC HOUSING MAINTENANCE",,"HOUSING AUTHORITY OF WASHINGTON COUNTY","Housing Authority","2",,,,,,,,,,,"-","-","-","-","-","-","-",,,,,,,,,,,,,,,,"false","POINT (-122.99767 45.54234)"
"2221 23RD PL",,"2221 23RD PL","FOREST GROVE","97116","WASHINGTON","Single Site","Active","1","15","29","Multi-Family Residential Rental","1979",,"HAWC PUBLIC HOUSING MAINTENANCE",,"BIENESTAR INC","Non-Profit","2",,,,,,,,,,,"-","-","-","-","-","-","-",,,,,,,,,,,,,,,,"false","POINT (-123.10738 45.52469)"
"3895 SW 178TH AVE",,"3895 SW 178TH AVE","BEAVERTON","97007","WASHINGTON","Single Site","Active","1","18","35","Multi-Family Residential Rental","1983",,"HAWC PUBLIC HOUSING MAINTENANCE",,"HOUSING AUTHORITY OF WASHINGTON COUNTY","Housing Authority","2",,,,,,,,,,,"-","-","-","-","-","-","-",,,,,,,,,,,,,,,,"false","POINT (-122.86049 45.49165)"
"ELM PARK II",,"2351 ELM ST","FOREST GROVE","97116","WASHINGTON","Single Site","Active","1","15","29","Multi-Family Residential Rental","1988",,"CASCADE MANAGEMENT CO.",,,,"11","4","2",,,"0",,"0","0","6","6","-","-","-","-","-","-","-",,,,,,,,,,,,,"2023 Apr 02 12:00:00 AM","04/02/2023",,"false","POINT (-123.10148 45.52587)"
"GREENBURG",,"11380 SW GREENBURG RD","TIGARD","97223","WASHINGTON","Single Site","Active","6","13","25","Multi-Family Residential Rental",,,"COLUMBIACARE SERVICES INC.",,,,"8",,,,,,,,,,,"-","-","-","-","-","-","-",,,,,,,,,,,,,,,,"false","POINT (-122.77852 45.4377)"
"Houisng Authority Units: Banks",,"12849 NW JARVIS PL","BANKS","97106","WASHINGTON","Single Site","Active","1","16","31","Multi-Family Residential Rental","2012",,"HAWC PUBLIC HOUSING MAINTENANCE",,"HOUSING AUTHORITY OF WASHINGTON COUNTY","Housing Authority","1",,,,,,,,,,,"-","-","-","-","-","-","-",,,,,,,,,,,,,,,,"false","POINT (-123.10999 45.61381)"
"11608 SW 6TH ST",,"11608 SW 6TH ST","BEAVERTON","97005","WASHINGTON","Single Site","Active","1","14","27","Multi-Family Residential Rental","1981",,"HAWC PUBLIC HOUSING MAINTENANCE",,"HOUSING AUTHORITY OF WASHINGTON COUNTY","Housing Authority","2",,,,,,,,,,,"-","-","-","-","-","-","-",,,,,,,,,,,,,,,,"false","POINT (-122.7972 45.48238)"
"MYRTLEWOOD HOUSE",,"20695 SW KINNAMAN RD","BEAVERTON","97078","WASHINGTON","Single Site","Active","1","18","35","Multi-Family Residential Rental","2000",,"GREATER OREGON BEHAVIORAL HEALTH, INC",,"HOUSING AUTHORITY OF WASHINGTON COUNTY","Housing Authority","5",,,,,,,,,,,"-","-","-","-","-","-","-",,,,,,,,,,,,,,,,"false","POINT (-122.89012 45.4894)"
"Willow Creek Crossing Apartments","Willow Creek Crossing Apts","18595 SW BASELINE RD","HILLSBORO","97006","WASHINGTON","Scattered","Active","1","18","35","Multi-Family Residential Rental","2020",,"GSL Properties, Inc.","DBG Properties LLC","Willow Creek Crossing Limited Partnership","For-Profit","122","12","5",,"0","54","38","57","11","0","0","0","0","0","120","0","0","0","24/10/2018","10/01/2018","12/31/2050",,,,,,"10/01/2050",,"10/01/2050",,,"12/31/2050",,"true","POINT (-122.86825 45.51622)"
"VANRICH",,"2016 B ST","FOREST GROVE","97116","WASHINGTON","Single Site","Active","1","15","29","Multi-Family Residential Rental","1950","1,999","INFINITY PROPERTY MANAGEMENT",,"HOUSING AUTHORITY OF WASHINGTON COUNTY","Housing Authority","17",,,,,,,,,,,"-","-","-","-","-","-","-",,,,,,,,,,,,,,,,"false","POINT (-123.11622 45.52027)"
"975 NE LINCOLN ST",,"975 NE LINCOLN ST","HILLSBORO","97124","WASHINGTON","Single Site","Active","1","15","29","Multi-Family Residential Rental","1981",,"HAWC PUBLIC HOUSING MAINTENANCE",,"HOUSING AUTHORITY OF WASHINGTON COUNTY","Housing Authority","2",,,,,,,,,,,"-","-","-","-","-","-","-",,,,,,,,,,,,,,,,"false","POINT (-122.97416 45.52379)"
"3350 SW 125TH AVE",,"3350 SW 125TH AVE","BEAVERTON","97005","WASHINGTON","Single Site","Active","1","18","35","Multi-Family Residential Rental","1958",,"HAWC PUBLIC HOUSING MAINTENANCE",,"HOUSING AUTHORITY OF WASHINGTON COUNTY","Housing Authority","4",,,,,,,,,,,"-","-","-","-","-","-","-",,,,,,,,,,,,,,,,"false","POINT (-122.80555 45.49587)"
"Bethany Meadows I","Bethany Meadows I","16050 NW LAIDLAW RD","PORTLAND","97229","WASHINGTON","Scattered","Active","1","17","34","Multi-Family Residential Rental","1997",,"BRIDGE Property Management Company","BRIDGE Housing Corporation","Bethany Meadows Phase I and II LLC","For-Profit","208","0",,,,"0",,"104","104","0","0",,,,"208",,,"-",,"06/05/1997","01/01/2027",,,,,,,,,,,"01/01/2027",,"true","POINT (-122.84173 45.55634)"
"CLOVER COURT APTS",,"17025 SW BERRY RD","BEAVERTON","97007","WASHINGTON",,"Active","1","14","27","Multi-Family Residential Rental","2017",,"LUKE-DORF",,"New Narrative (fna Luke-Dorf, Inc.)","Non-Profit","6",,"6",,"6",,,,,,,"0","0","6","0","0","0","0",,,,,,,,,,,,,,,,"false",
"16710 SW CYNTHIA ST",,"16710 SW CYNTHIA ST","BEAVERTON","97007","WASHINGTON","Single Site","Active","1","18","36","Multi-Family Residential Rental","1981",,"HAWC PUBLIC HOUSING MAINTENANCE",,"HOUSING AUTHORITY OF WASHINGTON COUNTY","Housing Authority","2",,,,,,,,,,,"-","-","-","-","-","-","-",,,,,,,,,,,,,,,,"false","POINT (-122.84876 45.4681)"
"FOREST VILLA",,"2131 QUINCE ST","FOREST GROVE","97116","WASHINGTON","Single Site","Active","1","15","29","Multi-Family Residential Rental",,,"TAYLOR AND CO. NW INC.",,,,"84","84",,,,"0",,"84","0","0","0","-","-","-","-","-","-","-",,,,,,,,,,,,"09/30/2030",,"09/30/2030","Housing Assistance Payment","false","POINT (-123.08406 45.52119)"
"HOMESTREET II",,"1220 E MAIN ST","HILLSBORO","97123","WASHINGTON","Single Site","Active","1","15","29","Multi-Family Residential Rental",,,,,,,"15",,,,,,,,,,,"-","-","-","-","-","-","-",,,,,,,,,,,,,,,,"false","POINT (-122.96987 45.52185)"
"6110 SW CHERRYHILL DR",,"6110 SW CHERRYHILL DR","BEAVERTON","97008","WASHINGTON","Single Site","Active","1","14","27","Multi-Family Residential Rental","1978",,"HAWC PUBLIC HOUSING MAINTENANCE",,"HOUSING AUTHORITY OF WASHINGTON COUNTY","Housing Authority","2",,,,,,,,,,,"-","-","-","-","-","-","-",,,,,,,,,,,,,,,,"false","POINT (-122.82005 45.47578)"
"ELM PARK I",,"2350 ELM ST","FOREST GROVE","97116","WASHINGTON","Single Site","Active","1","15","29","Multi-Family Residential Rental",,,"CASCADE MANAGEMENT CORP.",,,,"50","12","2",,,,,,,,,"-","-","-","-","-","-","-",,,,,,,,,,,,,"2040 Oct 14 12:00:00 AM","10/14/2040",,"false","POINT (-123.10246 45.52553)"
"2521 SE RIVER RD",,"2521 SE RIVER RD","HILLSBORO","97123","WASHINGTON","Single Site","Active","1","18","36","Multi-Family Residential Rental","1969",,"HAWC PUBLIC HOUSING MAINTENANCE",,"HOUSING AUTHORITY OF WASHINGTON COUNTY","Housing Authority","2",,,,,,,,,,,"-","-","-","-","-","-","-",,,,,,,,,,,,,,,,"false","POINT (-122.95661 45.50129)"
"MARILANN TERRACE",,"21250 SW ALEXANDER ST","BEAVERTON","97006","WASHINGTON","Single Site","Active","1","18","35","Multi-Family Residential Rental","1969","1,999","INFINITY PROPERTY MANAGEMENT",,"HOUSING AUTHORITY OF WASHINGTON COUNTY","Housing Authority","18",,,,,,,,,,,"-","-","-","-","-","-","-",,,,,,,,,,,,,,,,"false","POINT (-122.89545 45.49795)"
"Housing Authority units: Beaverton",,"Scattered Sites","BEAVERTON","97006","WASHINGTON","Scattered","Active","1","18","35","Multi-Family Residential Rental","1983",,"HAWC PUBLIC HOUSING MAINTENANCE",,"HOUSING AUTHORITY OF WASHINGTON COUNTY","Housing Authority","60","0","0",,"0",,,,,,,"-","-","-","-","-","-","-",,,,,,,,,,,,,,,,"false",
"2225 23RD PL",,"2225 23RD PL","FOREST GROVE","97116","WASHINGTON","Single Site","Active","1","15","29","Multi-Family Residential Rental","1979",,"HAWC PUBLIC HOUSING MAINTENANCE",,"HOUSING AUTHORITY OF WASHINGTON COUNTY","Housing Authority","2",,,,,,,,,,,"-","-","-","-","-","-","-",,,,,,,,,,,,,,,,"false","POINT (-123.10714 45.52469)"
"PLUSS",,"10829 SW HALL BLVD","TIGARD","97223","WASHINGTON","Single Site","Active","6","13","25","Multi-Family Residential Rental","2005",,"LUKE-DORF INC",,,,"20",,,,,,,,,,,"-","-","-","-","-","-","-",,,,,,,,,,,,,,,,"false","POINT (-122.76544 45.44173)"
"Haworth Terrace Apartments","Haworth Terrace Apartments","CONFIDENTIAL","Newberg","97132","Yamhill","Single Site","Active","6","12","23","Multi-Family Residential Rental","1999",,"Housing Authority of Yamhill County",,"Housing Authority of Yamhill County","Housing Authority","38",,,,,"0",,"18","20","0","0",,,"38",,,,"-",,"05/14/1999",,,"10/09/2041","09/01/2019",,"05/14/2039",,,,,,"10/09/2041",,"true",
"Homeport (DIS)","Homeport (DIS)","CONFIDENTIAL","McMinnville","97128","Yamhill","Single Site","Active","6","12","24","Disabled Apartments",,,"Housing Authority of Yamhill County",,"Housing Authority of Yamhill County","Housing Authority","12",,,,,"0",,"11","1","0","0",,,"12",,,,"-",,"05/03/1995",,,"11/01/2021",,,"05/03/2045",,,"03/15/2027",,,"05/03/2045",,"true",
"New Reflections","New Reflections","CONFIDENTIAL","McMinnville","97128","Yamhill","Single Site","Active","6","12","24","Multi-Family Residential Rental","2009",,"Housing Authority of Yamhill County",,"Housing Authority of Yamhill County","Housing Authority","1",,"1",,"0",,,"13",,,"0","1","0","0","0","0","0","0",,"03/31/2009",,,,,,"03/31/2049",,,"01/01/2050",,,"01/01/2050",,"true",
"Hendricks Place","Hendricks Place","CONFIDENTIAL","McMinnville","97128","Yamhill","Single Site","Active","6","12","24","Multi-Family Residential Rental","2005",,"Housing Authority of Yamhill County",,"Housing Authority of Yamhill County","Housing Authority","8",,"8",,,"0",,"8","0","0","0",,,"8",,,,"-",,"03/29/2004",,,"11/04/2065",,,"03/29/2064",,,"03/15/2046",,,"11/04/2065",,"true",
"Riverside Terrace","Riverside Terrace","200 SE Riverside Drive","Sheridan","97378","Yamhill","Single Site","Active","6","12","24","Elderly Apartments",,,"Housing Authority of Yamhill County",,"Housing Authority of Yamhill County","Housing Authority","27","26","2",,,"0",,"14","13","0","0",,"11","6",,"10",,"-",,"06/28/2002",,,,,,"07/08/2032",,,"06/28/2032",,"2032 May 31 12:00:00 AM","07/15/2037",,"true","POINT (-123.38656 45.0971)"
"Villa West Apartments","Villa West Apartments","201 SW Agee Street","McMinnville","97128","Yamhill","Single Site","Active","6","12","24","Multi-Family Residential Rental","2011",,"Guardian Real Estate Services, LLC",,"Villa West Apartments LLC","For-Profit","48","48","3",,"0","0",,"4","40","4","0","0","0","0","48","0","0","0",,"03/01/2011","01/01/2063",,,"04/15/2022",,,,,"02/15/2043","03/31/2033",,"01/01/2063","Housing Assistance Payment","true","POINT (-123.21825 45.20795)"
"Parkland Village (ALF)","Parkland Village (ALF)","3121 Cumulus Avenue","McMinnville","97128","Yamhill","Single Site","Active","6","12","24","Assisted Living (ALF)",,,"Cascade Living Group - Oregon, LLC",,"KRE Tiger Parkland LLC",,"50","10",,,,,"20","29","1",,"0",,,"10",,,,,,,,,,,,,,,"03/15/2033",,,"03/15/2033",,"true","POINT (-123.15652 45.20347)"
"Redwood Commons","Redwood Commons","2161 NE Lafayette Avenue","McMinnville","97128","Yamhill","Single Site","Active","6","12","24","Multi-Family Residential Rental","2002",,"FPI Management, Inc.",,"Redwood Commons Limited Partnership",,"64",,"32",,,"0",,"0","40","24","0",,,"64",,,,"-",,"11/16/2001",,"01/01/2053",,,,"11/16/2041",,,,,,"01/01/2053",,"true","POINT (-123.17621 45.22601)"
"Sunnyside Apartments","Sunnyside Apartments","2201 NE Lafayette Avenue","McMinnville","97128","Yamhill","Single Site","Active","6","12","24","Disabled Apartments","2004",,"Housing Authority of Yamhill County",,"Housing Authority of Yamhill County","Housing Authority","15",,"1",,,"0",,"14","1","0","0",,,"11","4",,,"-",,"12/09/2002",,,"02/02/2055",,,"12/09/2052",,,"12/09/2052",,,"02/02/2055",,"true","POINT (-123.17393 45.22524)"
"Abbey Heights","Abbey Heights","219 12th Street","Lafayette","97127","Yamhill","Single Site","Active","6","12","24","Multi-Family Residential Rental","1994",,"Housing Authority of Yamhill County",,"Housing Authority of Yamhill County","Housing Authority","32",,,,,"0",,"0","12","17","3",,,"32",,,,"-",,"10/07/1994",,"01/01/2033","02/02/2039",,,"06/10/2036",,,,,,"02/02/2039",,"true","POINT (-123.11397 45.2498)"
"Sunflower Park Apts","Sunflower Park Apts","267 NE May Lane","McMinnville","97128","Yamhill","Single Site","Active","6","12","24","Multi-Family Residential Rental","2006",,"Housing Authority of Yamhill County",,"Sunflower Park Apartments LP",,"33",,"17",,"0","0",,"0","15","18","0","0","18","15","0","0","0","0",,"02/01/2006",,"01/01/2057",,"12/14/2026",,,,,,,,"01/01/2057",,"true","POINT (-123.16071 45.20225)"
"Springbrook Place","Springbrook Place","3105 Middlebrook Dr.","Newberg","97132","Yamhill","Single Site","Active","6","12","23","Disabled Apartments","2007",,"Cascade Management, Inc. (Portland)",,"Chehalem Valley Housing Corporation","Non-Profit","15","14","1",,,"0",,"14","0","0","0",,,"15",,,,"-",,"06/29/2007",,,"12/31/2048",,,"06/29/2047",,,,"01/31/2026",,"12/31/2048","Project Rental Assistance Contract","true","POINT (-122.94646 45.31378)"
"WESTERN TERRACES",,"935 NW 2ND ST","MCMINNVILLE","97128","YAMHILL","Single Site","Active","6","12","24","Multi-Family Residential Rental",,,,,,,"32",,,,,,,,,,,"-","-","-","-","-","-","-",,,,,,,,,,,,,,,,"false","POINT (-123.20787 45.20989)"
"CAMELLIA COURT APTS",,"CONFIDENTIAL","NEWBERG","97132","YAMHILL","Single Site","Active","6","12","23","Multi-Family Residential Rental","1995",,,,"Yamhill Community Action Partnership","Non-Profit","24",,"0",,,,,,,,,"-","-","-","-","-","-","-",,,,"01/01/2046",,,,,,,,,,"01/01/2046",,"false",
"GLENHAVEN PARK APTS - NEWBERG VILLAGE APTS",,"1209 N SPRINGBROOK RD","NEWBERG","97132","YAMHILL","Single Site","Active","6","12","23","Multi-Family Residential Rental",,,"VIRIDIAN MANAGEMENT",,"Chrisman Development, Inc;","For-Profit","32","29","0",,,,,,,,,"0","0","0","122","0","0","0",,,,,,,,,,,"12/31/2082",,"2050 Jul 23 12:00:00 AM","12/31/2082",,"false","POINT (-122.94739 45.31027)"
"FRESA PARK B",,"1315 WRITE","MCMINNVILLE","97128","YAMHILL",,"Active","6","12","24","Multi-Family Residential Rental",,,,,,,"6",,,,,,,,,,,"-","-","-","-","-","-","-",,,,,,,,,,,,,,,,"false",
"VILLA DEL SOL",,"315 NE MAY LN","MCMINNVILLE","97128","YAMHILL","Single Site","Active","6","12","24","Multi-Family Residential Rental",,,"CASCADE MANAGEMENT CO.",,"Community Homebuilders (Yamhill CDC)","Non-Profit","24","21","2",,,"0",,"0","8","12","4","-","-","-","-","-","-","-",,,,,"05/08/2039",,,,,,,,"2036 Jan 26 12:00:00 AM","05/08/2039",,"false","POINT (-123.16071 45.20261)"
"FRESA PARK C",,"1006 CHARLES","NEWBERG","97132","YAMHILL",,"Active","6","12","23","Multi-Family Residential Rental",,,,,,,"2",,,,,,,,,,,"-","-","-","-","-","-","-",,,,,,,,,,,,,,,,"false","POINT (-122.98004 45.2916)"
"Vittoria Square","Vittoria Square","CONFIDENTIAL","NEWBERG","97132","YAMHILL","Scattered","Active","6","12","23","Elderly-Disabled","1980",,"Housing Authority of Yamhill County",,"Housing Authority of Yamhill County","Housing Authority","43","42","4",,,"0",,"38","5","0","0",,,"4",,,,"-",,"02/14/2005",,,,,,"02/14/2045",,,,,"2038 Dec 31 12:00:00 AM","02/14/2045",,"true",
"PALMER CREEK",,"206 MILL ST","DAYTON","97114","YAMHILL","Single Site","Active","6","12","23","Multi-Family Residential Rental",,,"HOUSING AUTHORITY OF YAMHILL COU",,"Housing Authority of Yamhill County","Housing Authority","10","6","2",,,"0",,"8","2","0","0","-","-","-","-","-","-","-",,,,,,,,,,,,,"2036 Nov 28 12:00:00 AM","11/28/2036",,"false","POINT (-123.07311 45.21951)"
"WOODSIDE PARK",,"802 E 9TH ST","NEWBERG","97132","YAMHILL","Single Site","Active","6","12","23","Multi-Family Residential Rental",,,,,,,"84",,,,,"0",,"0","84","0","0","-","-","-","-","-","-","-",,,,,,,,,,,,,,,,,"POINT (-122.97181 45.29282)"
"LOW RENT PUBLIC HOUSING CONVERSION",,"(UNKNOWN)","MCMINNVILLE","97128","YAMHILL","Single Site","Active","6","12","24","Multi-Family Residential Rental",,,,,,,"70",,,,,,,,,,,"-","-","-","-","-","-","-",,,,,,,,,,,,,,,,"false",
"DEBORAH COURT",,"1412 DEBORAH RD","NEWBERG","97132","YAMHILL","Single Site","Active","6","12","23","Multi-Family Residential Rental",,,"VIRIDIAN MANAGEMENT, INC",,,,"40","30","2",,,"0",,"10","28","2","0","-","-","-","-","-","-","-",,,,,,,,,,,,,"2036 Jun 23 12:00:00 AM","06/23/2036",,"false","POINT (-122.94981 45.31037)"
"Deskins Commons","Deskins Commons","1103 N MERIDIAN ST","NEWBERG","97132","YAMHILL","Scattered","Active","6","12","23","Multi-Family Residential Rental","2014",,"Housing Authority of Yamhill County",,"Deskins Commons Housing LLC",,"56",,"3",,"0","0",,"11","37","8","0","0","0","55","0","0","0","0",,"07/23/2014",,"01/01/2076","01/01/2075","12/23/2034",,,,,,,,"01/01/2076",,"true","POINT (-122.97055 45.30797)"
"TICE PARK",,"2965 NE EVANS ST","MCMINNVILLE","97128","YAMHILL","Single Site","Active","6","12","24","Multi-Family Residential Rental",,,,,,,"88",,,,,"0",,"0","60","28","0","-","-","-","-","-","-","-",,,,,,,,,,,,,,,,"false","POINT (-123.19533 45.23018)"
"ROSE PARK APTS",,"179 SW 7TH ST","DUNDEE","97115","YAMHILL","Single Site","Active","6","12","23","Multi-Family Residential Rental","1996",,,,"Rose Park Dundee, LLC (Wahl, William & Claudia)","For-Profit","45",,,,,,,,,,,"-","-","-","-","-","-","-",,,,,,,,,,,"05/15/2031",,,"05/15/2031",,"false","POINT (-123.01271 45.27794)"
"Duck Country Apartments","Dunhill Apartments","500 SW 11TH ST","DUNDEE","97115","YAMHILL","Scattered","Active","6","12","23","Multi-Family Residential Rental","2012",,"Viridian Management, Inc",,"Duck Country Apartments LLC",,"28","28","2",,,"0",,"3","16","9","0","0","0","0","76","0","0","0",,"02/21/2012",,"01/01/2043",,"02/24/2027","03/01/2043",,,,,,"2042 Feb 16 12:00:00 AM","03/01/2043",,"true","POINT (-123.01887 45.27535)"
"FRESA PARK APTS",,"995 FERRY ST","DAYTON","97114","YAMHILL","Single Site","Active","6","12","23","Multi-Family Residential Rental",,,"HOUSING AUTHORITY OF YAMHILL COU",,"Housing Authority of Yamhill County","Housing Authority","14","11","2",,,"0",,"0","9","9","4","-","-","-","-","-","-","-",,,,,,,,,,,,,"2035 Jan 28 12:00:00 AM","01/28/2035",,"false","POINT (-123.08696 45.21444)"
"Village Quarter","Village Quarter","333 NE IRVINE ST","MCMINNVILLE","97128","YAMHILL","Scattered","Active","6","12","24","Elderly Apartments","2008",,"Housing Authority of Yamhill County",,"Village Quarter Limited Partnership",,"50",,"3",,"0","0",,"38","12","0","0","0","0","49","0","0","0","0",,"05/23/2007",,"01/01/2048","06/23/2049","05/26/2029",,"05/23/2047",,,"09/30/2048",,,"06/23/2049",,"true","POINT (-123.19004 45.21056)"
"BRIDGES",,"103 N IRVINE","MCMINNVILLE","97128","YAMHILL","Single Site","Active","6","12","24","Multi-Family Residential Rental",,,,,,,"6",,,,,,,,,,,"-","-","-","-","-","-","-",,,,,,,,,,,,,,,,"false","POINT (-123.18978 45.20882)"
